File Path,Container,Video Codec,Resolution,File Size (MB),Audio Codec,Audio Channels
"/pool/Movies/Ai Weiwei Never Sorry (2012)/Ai Weiwei Never Sorry (2012) Bluray-1080p 84169.mp4",mp4,hevc,1920x1080,1450,aac,6
"/pool/Movies/The Batman (2022)/The Batman (2022) Bluray-1080p Proper 414906.mkv",mkv,hevc,1920x804,7225,aac,8
"/pool/Movies/Interstella 5555 The 5tory of the 5ecret 5tar 5ystem (2003)/Interstella 5555 The 5tory of the 5ecret 5tar 5ystem (2003) Bluray-1080p 11049.mkv",mkv,hevc,1416x1080,2448,eac3,6
"/pool/Movies/North by Northwest (1959)/North by Northwest (1959) Bluray-1080p 213.mkv",mkv,hevc,1920x1080,5868,truehd,6
"/pool/Movies/The Inspection (2022)/The Inspection (2022) Bluray-1080p 837938.mkv",mkv,hevc,1920x804,3723,aac,6
"/pool/Movies/Timecop (1994)/Timecop (1994) Bluray-1080p 8831.mkv",mkv,hevc,1920x816,1653,aac,6
"/pool/Movies/Nightcrawler (2014)/Nightcrawler (2014) Bluray-1080p Proper 242582.mkv",mkv,hevc,1920x800,5082,aac,6
"/pool/Movies/Song of the Sea (2014)/Song of the Sea (2014) Bluray-1080p 110416.mkv",mkv,hevc,1920x1040,4111,aac,6
"/pool/Movies/Fear and Loathing in Las Vegas (1998)/Fear and Loathing in Las Vegas (1998) Bluray-1080p 1878.mkv",mkv,hevc,1920x820,5564,aac,6
"/pool/Movies/I'm Your Man (2021)/I'm Your Man (2021) Bluray-1080p 795813.mkv",mkv,hevc,1920x960,4248,aac,6
"/pool/Movies/Killing Them Softly (2012)/Killing.Them.Softly.2012.1080p.BluRay.x265-RARBG.mp4",mp4,hevc,1920x800,1550,aac,6
"/pool/Movies/Labyrinth (1986)/Labyrinth (1986) Bluray-1080p 13597.mkv",mkv,hevc,1920x808,3373,eac3,6
"/pool/Movies/Superman (2025)/Superman (2025) [plexflix].mkv",mkv,hevc,1920x1080,3328,eac3,2
"/pool/Movies/A Quiet Place Day One (2024)/A Quiet Place Day One (2024) Bluray-1080p 762441.mkv",mkv,hevc,1920x800,6775,eac3,8
"/pool/Movies/Star Trek Section 31 ()/Star Trek Section 31 (2025) WEBDL-1080p 1114894.mkv",mkv,hevc,1920x804,1254,aac,6
"/pool/Movies/The Naked Gun 2½ The Smell of Fear (1991)/The Naked Gun 2½ The Smell of Fear (1991) Bluray-1080p 37137.mkv",mkv,hevc,1920x1080,5267,aac,6
"/pool/Movies/Bushworld Adventures (2018)/Bushworld Adventures _ Adult Swim-v6yg4ImnYwA.mkv",mkv,vp9,1920x1080,105,aac,2
"/pool/Movies/From Up on Poppy Hill (2011)/From Up on Poppy Hill (2011) Bluray-1080p 83389.mkv",mkv,hevc,1920x1040,3902,eac3,6
"/pool/Movies/Black Rain (1989)/Black Rain (1989) Bluray-1080p 4105.mkv",mkv,hevc,1920x1080,3955,eac3,6
"/pool/Movies/When Evil Lurks (2023)/When Evil Lurks (2023) WEBDL-1080p Proper 744857.mkv",mkv,hevc,1920x800,3489,eac3,6
"/pool/Movies/Sin City (2005)/Sin City (2005) Bluray-1080p 187.mp4",mp4,hevc,1920x1040,2262,aac,6
"/pool/Movies/Road House (1989)/Road House (1989) Bluray-1080p 10135.mkv",mkv,hevc,1920x818,6144,aac,6
"/pool/Movies/Best in Show (2000)/Best in Show (2000) Bluray-1080p 13785.mkv",mkv,hevc,1920x1040,4230,aac,6
"/pool/Movies/Seven Pounds (2008)/Seven Pounds (2008) Bluray-1080p 11321.mp4",mp4,hevc,1920x800,1962,aac,6
"/pool/Movies/The Truman Show (1998)/The Truman Show (1998) (1080p WEB-DL x265 HDR afm72).mkv",mkv,hevc,1920x1038,4605,aac,6
"/pool/Movies/Summer Wars (2009)/Summer Wars (2009) Bluray-1080p 28874.mkv",mkv,hevc,1920x1080,9398,dts,6
"/pool/Movies/Reality (2023)/Reality (2023) Bluray-1080p 985617.mkv",mkv,hevc,1920x960,2670,eac3,6
"/pool/Movies/25th Hour (2002)/25th Hour (2002) Bluray-1080p 1429.mkv",mkv,hevc,1920x800,17551,dts,6
"/pool/Movies/Princess Mononoke (1997)/Princess Mononoke (1997) Bluray-1080p 128.mkv",mkv,hevc,1920x1040,6524,eac3,6
"/pool/Movies/The Seasoning House (2012)/The Seasoning House (2012) Bluray-1080p Proper 127651.mp4",mp4,hevc,1920x816,1418,aac,6
"/pool/Movies/2 Fast 2 Furious (2003)/2 Fast 2 Furious (2003) Bluray-1080p Proper 584.mp4",mp4,hevc,1920x818,1716,aac,6
"/pool/Movies/Recorder: The Marion Stokes Project (2019)/Recorder： The Marion Stokes Project (2019.mp4",mp4,vp9,854x480,202,aac,2
"/pool/Movies/Dune (2021)/Dune (2021) Bluray-1080p 438631.mp4",mp4,hevc,1920x800,2479,aac,6
"/pool/Movies/Futurama Bender's Big Score (2007)/Futurama Bender's Big Score (2007) Bluray-1080p Proper 7249.mkv",mkv,hevc,1920x1080,2030,aac,6
"/pool/Movies/Resident Evil Welcome to Raccoon City (2021)/Resident.Evil.Welcome.To.Raccoon.City.2021.2160p.4K.WEB.x265.10bit.AAC5.1-[YTS.MX].mkv",mkv,hevc,3840x1584,4909,aac,6
"/pool/Movies/Judas and the Black Messiah (2021)/Judas and the Black Messiah (2021) WEBRip-1080p 583406.mp4",mp4,hevc,1920x804,2000,aac,6
"/pool/Movies/Alien Cake/Alien Cake (2024).mp4",mp4,vp9,2072x1440,84,aac,2
"/pool/Movies/Invincible (2006)/Invincible (2006) Bluray-1080p 11652.mkv",mkv,hevc,1920x908,1438,ac3,6
"/pool/Movies/Prometheus (2012)/Prometheus 2012 BDMux ITA ENG 1080p x265 Paso77.mkv",mkv,hevc,1920x800,3299,ac3,6
"/pool/Movies/Twelve Monkeys (1995)/12 Monkeys 1995 BR EAC3 VFF VFQ VO 1080p x265 10Bits T0M.mkv",mkv,hevc,1920x1040,4435,eac3,6
"/pool/Movies/It Follows (2015)/It.Follows.2014.1080p.BluRay.x265-RARBG.mp4",mp4,hevc,1920x800,1602,aac,6
"/pool/Movies/Emilia Pérez (2024)/Emilia Pérez (2024) Bluray-1080p 974950.mkv",mkv,hevc,1920x804,2635,ac3,6
"/pool/Movies/The Apprentice (2024)/The Apprentice (2024) WEBRip-1080p 1182047.mp4",mp4,hevc,1620x1080,2091,aac,6
"/pool/Movies/Kinds of Kindness (2024)/Kinds of Kindness (2024) WEBRip-1080p 1029955.mkv",mkv,hevc,1920x804,3914,eac3,6
"/pool/Movies/Shooting Stars (2023)/Shooting Stars (2023) WEBRip-1080p 970284.mkv",mkv,hevc,1920x1080,2343,ac3,6
"/pool/Movies/Kiki's Delivery Service (1989)/Kiki's Delivery Service (1989) [1080p x265 HEVC 10bit BluRay Dual Audio AAC] [Prof].mkv",mkv,hevc,1920x1040,4234,aac,2
"/pool/Movies/Escape from L.A. (1996)/Escape from L.A. (1996) Bluray-1080p 10061.mkv",mkv,hevc,1920x816,5401,aac,6
"/pool/Movies/The Age of Adaline (2015)/The Age of Adaline (2015) Bluray-1080p 293863.mkv",mkv,hevc,1920x800,1836,aac,6
"/pool/Movies/Angel Heart (1987)/Angel Heart (1987) Bluray-1080p 635.mkv",mkv,hevc,1920x1036,6699,ac3,2
"/pool/Movies/Boyhood (2014)/Boyhood (2014) Bluray-1080p 85350.mkv",mkv,hevc,1920x1040,3662,ac3,6
"/pool/Movies/Nirvana Unplugged In New York (1993)/Nirvana Unplugged In New York (1993) SDTV 18942.avi",avi,mpeg4,704x544,2041,ac3,6
"/pool/Movies/The Sky Is Everywhere (2022)/The.Sky.Is.Everywhere.2022.1080p.WEBRip.x265-RARBG.mp4",mp4,hevc,1920x914,1649,aac,6
"/pool/Movies/Dredd (2012)/Dredd 2012 BR EAC3 VFF VFQ ENG 1080p x265 10Bits T0M.mkv",mkv,hevc,1920x800,4317,eac3,6
"/pool/Movies/Ghostbusters II (1989)/Ghostbusters II (1989) Bluray-1080p 2978.mkv",mkv,hevc,1920x800,5096,aac,6
"/pool/Movies/Companion (2025)/Companion (2025) Bluray-1080p 1084199.mkv",mkv,hevc,1920x800,4762,eac3,8
"/pool/Movies/The Thing (2011)/The Thing (2011) Bluray-1080p 60935.mkv",mkv,hevc,1920x790,6014,ac3,6
"/pool/Movies/Mars Express (2023)/Mars Express (2023) WEBRip-1080p 586810.mkv",mkv,av1,1920x960,822,opus,6
"/pool/Movies/Alita Battle Angel (2019)/Alita Battle Angel (2019) Bluray-1080p 399579.mkv",mkv,hevc,1920x800,5179,aac,8
"/pool/Movies/I Saw the Devil (2010)/I.Saw.The.Devil.2010.Korean.720p.BRrip.x265.HEVC.10bit.HDR.PoOlLa.mkv",mkv,hevc,1280x688,675,vorbis,2
"/pool/Movies/My Neighbor Totoro (1988)/My Neighbor Totoro (1988) Bluray-1080p 8392.mkv",mkv,hevc,1920x1040,3732,eac3,2
"/pool/Movies/Kill Bill Vol. 2 (2004)/Kill Bill Vol. 2 (2004) Bluray-1080p 393.mkv",mkv,hevc,1920x1080,6982,flac,6
"/pool/Movies/Thor Love and Thunder (2022)/Thor.Love.and.Thunder.2022.IMAX.1080p.WEBRip.x265-RBG.mp4",mp4,hevc,1920x1012,1893,aac,6
"/pool/Movies/Dual (2022)/Dual (2022) Bluray-1080p 698128.mkv",mkv,hevc,1920x1080,2670,eac3,6
"/pool/Movies/Thunderbolts- (2025)/Thunderbolts- (2025) Bluray-1080p 986056.mkv",mkv,hevc,1920x804,6480,eac3,6
"/pool/Movies/Donnie Darko (2001)/Donnie Darko (2001) Bluray-1080p 141.mkv",mkv,hevc,1920x816,7925,ac3,6
"/pool/Movies/The Secret World of Arrietty (2010)/The Secret World of Arrietty (2010) [1080p x265 HEVC 10bit BluRay Dual Audio AAC 5.1] [Prof].mkv",mkv,hevc,1920x1024,4146,aac,6
"/pool/Movies/The To Do List (2013)/The To Do List (2013) Bluray-1080p 129139.mkv",mkv,hevc,1920x1080,4699,aac,6
"/pool/Movies/The Secret Life of Walter Mitty (2013)/The.Secret.Life.of.Walter.Mitty.2013.1080p_HEVCCLUB.mkv",mkv,hevc,1920x800,7549,dts,6
"/pool/Movies/Summer of Sam (1999)/Summer of Sam (1999) Bluray-1080p 10279.mkv",mkv,hevc,1920x1036,8177,dts,6
"/pool/Movies/The Godfather Part III (1990)/The Godfather Part III (1990) Bluray-1080p 242.mkv",mkv,av1,1912x1080,5694,opus,6
"/pool/Movies/Janet Planet (2023)/Janet Planet (2024) WEBRip-1080p 1037035.mp4",mp4,hevc,1792x1080,2212,aac,6
"/pool/Movies/Equilibrium (2002)/Equilibrium 2002 BR EAC3 VFF VFQ ENG 1080p x265 10Bits T0M.mkv",mkv,hevc,1920x820,3988,eac3,6
"/pool/Movies/Misery (1990)/Misery (1990) (1080p BluRay50 x265 HEVC 10bit AAC 5.1 Silence).mkv",mkv,hevc,1920x1032,4233,aac,6
"/pool/Movies/The Legend of Ochi (2025)/The Legend of Ochi (2025) WEBDL-1080p 896536.mkv",mkv,hevc,1800x1080,1626,aac,6
"/pool/Movies/Harsh Times (2005)/Harsh Times (2005) Bluray-1080p 7873.mkv",mkv,hevc,1920x1040,3641,eac3,6
"/pool/Movies/Death Proof (2007)/Death Proof (2007) Bluray-1080p 1991.mkv",mkv,hevc,1920x818,5221,aac,6
"/pool/Movies/Batman (1989)/Batman (1989) AC3 2.0 ITA 5.1 ENG 1080p H265 sub NUita.eng Sp33dy94-MIRCrew.mkv",mkv,hevc,1920x1080,2805,ac3,2
"/pool/Movies/Happy Gilmore (1996)/Happy Gilmore (1996) Bluray-1080p 9614.mkv",mkv,hevc,1920x1080,1995,aac,6
"/pool/Movies/Futurama Into the Wild Green Yonder (2009)/Futurama Into The Wild Green Yonder (2009)  [1080p x265 q18 S100 Joy].mkv",mkv,hevc,1920x1080,1860,aac,6
"/pool/Movies/Trancers (1984)/Trancers (1984) Bluray-720p 5677.mkv",mkv,hevc,1280x720,987,aac,2
"/pool/Movies/Frogman (2023)/Frogman (2023) WEBRip-1080p 1139937.mkv",mkv,hevc,1920x1080,2044,eac3,6
"/pool/Movies/There Will Be Blood (2007)/There Will Be Blood (2007) Bluray-1080p 7345.mkv",mkv,av1,1920x800,3703,opus,6
"/pool/Movies/Seoul Station (2016)/Seoul Station (2016) Bluray-1080p 389868.mkv",mkv,hevc,1920x1036,2608,aac,6
"/pool/Movies/Minari (2020)/Minari (2020) (1080p BluRay x265 10bit Tigole).mkv",mkv,hevc,1920x804,5335,aac,6
"/pool/Movies/Step Brothers (2008)/Step Brothers (2008) Bluray-1080p 12133.mkv",mkv,hevc,1920x800,1491,aac,6
"/pool/Movies/Perfect Blue (2002)/Perfect.Blue.2002.dvdrip_[1.46]_[teko].avi",avi,mpeg4,704x448,1489,ac3,2
"/pool/Movies/The Agronomist/THE AGRONOMIST.avi",avi,mpeg4,720x540,1263,mp3,2
"/pool/Movies/Evil Dead Rise (2023)/Evil Dead Rise (2023) WEBRip-1080p 713704.mkv",mkv,hevc,1920x804,1944,eac3,6
"/pool/Movies/Escape from New York (1981)/Escape from New York (1981) (1080p BluRay x265 SAMPA).mkv",mkv,hevc,1920x816,5165,aac,2
"/pool/Movies/Napoleon (2023)/Napoleon (2023) WEBRip-1080p Proper 753342.mp4",mp4,hevc,1920x804,2965,aac,6
"/pool/Movies/A League of Their Own (1992)/A League of Their Own (1992) Bluray-1080p 11287.mkv",mkv,hevc,1920x796,6021,aac,6
"/pool/Movies/No One Will Save You (2023)/No One Will Save You (2023) WEBDL-1080p Proper 820609.mkv",mkv,hevc,1920x804,3845,eac3,6
"/pool/Movies/Hot Shots! Part Deux (1993)/Hot Shots! Part Deux (1993) Bluray-1080p 9255.mkv",mkv,hevc,1920x1040,5664,aac,4
"/pool/Movies/RoboCop (1987)/Robocop 1987 DC Remastered BR EAC3 VFF VO 1080p x265 10Bits T0M.mkv",mkv,hevc,1920x1038,4039,eac3,6
"/pool/Movies/Ponyo (2008)/Ponyo (2008) Bluray-1080p 12429.mkv",mkv,hevc,1920x1040,4575,eac3,8
"/pool/Movies/The Fifth Element (1997)/The Fifth Element (1997) Bluray-1080p 18.mkv",mkv,hevc,1918x804,1631,aac,6
"/pool/Movies/TRON Legacy (2010)/TRON Legacy (2010) (1080p WEB-DL x265 SAMPA).mkv",mkv,hevc,1920x1080,7295,eac3,8
"/pool/Movies/Suburban Gothic (2014)/Suburban Gothic (2014) Bluray-1080p 277688.mkv",mkv,hevc,1920x1080,2028,aac,6
"/pool/Movies/Bāhubali 2 The Conclusion (2017)/Bahubali 2 - The Conclusion (2017) 720p 10bit BluRay x265 HEVC Hindi DD 5.1 ESub ~ Immortal.mkv",mkv,hevc,1280x538,1878,ac3,6
"/pool/Movies/Streets of Fire (1984)/Streets of Fire (1984) Bluray-1080p 14746.mp4",mp4,hevc,1920x1036,1501,aac,6
"/pool/Movies/Andre Tarkovsky's Stalker (1979)/Stalker .mkv",mkv,hevc,1436x1080,1102,aac,2
"/pool/Movies/The Imposter (2012)/The Imposter (2012) (1080p BluRay x265 Silence).mkv",mkv,hevc,1920x816,3415,aac,6
"/pool/Movies/Galaxy Quest (1999)/Galaxy Quest (1999) Bluray-1080p 926.mkv",mkv,hevc,1920x1080,7310,aac,6
"/pool/Movies/Barb Wire (1996)/Barb Wire (1996) Unrated.mkv",mkv,hevc,1920x1036,4635,aac,6
"/pool/Movies/This Is the Tom Green Documentary (2025)/This Is the Tom Green Documentary (2025) WEBRip-1080p 1416904.mkv",mkv,hevc,1920x1080,1583,eac3,6
"/pool/Movies/Rick and Morty: Summer Meets God (2021)/Rick and Morty-Summer Meets God (Rick Meets Evil) 2021 MultiSub 720p x265-StB.mkv",mkv,hevc,1280x720,97,ac3,2
"/pool/Movies/The Boat That Rocked (2009)/Pirate.Radio.2009.1080p.BluRay.x265-RARBG.mp4",mp4,hevc,1920x814,2157,aac,6
"/pool/Movies/Midnight Express (1978)/Midnight Express (1978) Bluray-1080p 11327.mkv",mkv,hevc,1920x1040,4504,aac,6
"/pool/Movies/You People (2023)/You People (2023) WEBDL-1080p 866413.mkv",mkv,hevc,1920x1080,7016,eac3,6
"/pool/Movies/Spy Game (2001)/Spy Game (2001) Bluray-1080p 1535.mkv",mkv,hevc,1920x816,4710,aac,6
"/pool/Movies/E.T. the Extra-Terrestrial (1982)/E.T. the Extra-Terrestrial (1982) Bluray-1080p 601.mkv",mkv,hevc,1920x1040,5292,eac3,8
"/pool/Movies/The Wind Rises (2013)/The Wind Rises (2013) Bluray-1080p 149870.mkv",mkv,hevc,1920x1040,4726,eac3,2
"/pool/Movies/Memories (1995)/Memories (1995) Bluray-1080p 42994.mkv",mkv,hevc,1800x976,806,aac,6
"/pool/Movies/Star Trek V The Final Frontier (1989)/Star Trek V - The Final Frontier (1989) RM (1080p BluRay x265 HEVC 10bit AAC 7.1 Tigole).mkv",mkv,hevc,1920x800,5236,aac,8
"/pool/Movies/Under the Skin (2014)/Under the Skin (2014) Bluray-1080p 97370.mkv",mkv,hevc,1920x1036,4752,aac,6
"/pool/Movies/Renfield (2023)/Renfield (2023) WEBRip-1080p 649609.mkv",mkv,hevc,1920x804,1990,eac3,6
"/pool/Movies/Flora and Son (2023)/Flora and Son (2023) WEBRip-1080p 1059811.mp4",mp4,hevc,1920x800,1655,aac,6
"/pool/Movies/Blade Runner (1982)/Blade Runner (1982) Bluray-1080p 78.mp4",mp4,hevc,1920x800,1877,aac,6
"/pool/Movies/Pom Poko (1994)/Pom Poko (1994) [1080p x265 HEVC 10bit BluRay AAC] [Prof].mkv",mkv,hevc,1920x1080,3910,aac,2
"/pool/Movies/Fast & Furious (2009)/Fast & Furious (2009) Bluray-1080p Proper 13804.mp4",mp4,hevc,1920x800,1703,aac,6
"/pool/Movies/Bubble (2022)/Bubble (2022) WEBDL-1080p 912598.mkv",mkv,hevc,1920x1080,3302,opus,2
"/pool/Movies/A Clockwork Orange (1971)/A Clockwork Orange (1971)  [1080p x265 q18 FS100 Joy].mkv",mkv,hevc,1920x1152,5096,dts,6
"/pool/Movies/Gummo (1997)/Gummo (1997) Bluray-1080p 18415.mkv",mkv,hevc,1920x1040,7400,flac,2
"/pool/Movies/Fast Five (2011)/Fast Five (2011) Bluray-1080p Proper 51497.mp4",mp4,hevc,1920x816,2099,aac,6
"/pool/Movies/Spider-Man Into the Spider-Verse (2018)/Spider-Man Into the Spider-Verse (2018) Bluray-1080p Proper 324857.mkv",mkv,hevc,1920x1080,3096,aac,6
"/pool/Movies/Talladega Nights The Ballad of Ricky Bobby (2006)/Talladega.Nights.The.Ballad.Of.Ricky.Bobby.2006.UNRATED.1080p.BluRay.x265-RARBG.mp4",mp4,hevc,1920x800,1938,aac,6
"/pool/Movies/65 (2023)/65 (2023) WEBRip-1080p 700391.mkv",mkv,hevc,2560x1066,5304,eac3,6
"/pool/Movies/Barely Lethal (2015)/Barely Lethal (2015) Bluray-1080p 248574.mp4",mp4,hevc,1920x1036,1568,aac,6
"/pool/Movies/Predator (1987)/Predator 1987  (1080p x265 10bit FS74 Joy).mkv",mkv,hevc,1920x1024,1756,aac,6
"/pool/Movies/Lincoln (2012)/Lincoln (2012) Bluray-1080p 72976.mkv",mkv,hevc,1920x800,8528,dts,8
"/pool/Movies/Lonely Castle in the Mirror (2022)/Lonely Castle in the Mirror (2022) Bluray-1080p 942881.mkv",mkv,hevc,1920x1080,1663,aac,6
"/pool/Movies/Decision to Leave (2022)/Decision To Leave 2022 1080p Korean WEB-DL HEVC x265 5.1 BONE.mkv",mkv,hevc,1920x804,1562,aac,6
"/pool/Movies/The Monster (2016)/The.Monster.2016.HDRip.XviD.AC3-EVO.avi",avi,mpeg4,720x304,1247,ac3,6
"/pool/Movies/Lord of War (2005)/Featurettes/Deleted Scenes.mkv",mkv,hevc,1920x800,61,aac,2
"/pool/Movies/Lord of War (2005)/Featurettes/Interview - Andrew Niccol.mkv",mkv,hevc,720x360,38,aac,2
"/pool/Movies/Lord of War (2005)/Featurettes/Making a Killing - Inside the International Arms Trade.mkv",mkv,hevc,1468x1080,170,aac,2
"/pool/Movies/Lord of War (2005)/Featurettes/Interviews - Jean-Vincent Puzos & Philippe Rousselet [fr].mkv",mkv,hevc,720x360,50,aac,2
"/pool/Movies/Lord of War (2005)/Featurettes/Amnesty International Spot with Nicholas Cage.mkv",mkv,hevc,700x388,0,aac,2
"/pool/Movies/Lord of War (2005)/Featurettes/The Making of Lord of War.mkv",mkv,hevc,1456x1080,229,aac,2
"/pool/Movies/Lord of War (2005)/Featurettes/Visual Effects [fr].mkv",mkv,hevc,720x480,53,aac,2
"/pool/Movies/A Matter of Life and Death (1946)/A.Matter.of.Life.and.Death.1946.REMASTERED.1080p.BluRay.x265-RARBG.mp4",mp4,hevc,1480x1080,1666,aac,1
"/pool/Movies/Equals (2015)/Equals (2015) Bluray-1080p 301875.mkv",mkv,hevc,1920x1040,1656,ac3,6
"/pool/Movies/Tusk (2014)/Tusk (2014) Bluray-1080p 246403.mkv",mkv,hevc,1920x800,2012,aac,6
"/pool/Movies/Watchmen Chapter II (2024)/Watchmen Chapter II (2024) Bluray-1080p 1299652.mkv",mkv,av1,1920x804,1578,aac,6
"/pool/Movies/La Femme Nikita (1990)/La Femme Nikita (1990) Bluray-1080p Proper 9322.mkv",mkv,hevc,1920x816,2312,aac,6
"/pool/Movies/Oxygen (2021)/Oxygen (2021) (1080p NF WEBRip x265 French + English Bandi).mkv",mkv,hevc,1920x804,3947,eac3,6
"/pool/Movies/Hot Summer Nights (2018)/Hot.Summer.Nights.(2018).1080p.AMZN.WEB-DL.10-bit.x265.EAC3.6.0 Qman[UTR].mkv",mkv,hevc,1920x816,2086,eac3,6
"/pool/Movies/Grindhouse (2007)/Grindhouse (2007) Bluray-1080p Proper 285923.mkv",mkv,hevc,1920x824,12799,ac3,6
"/pool/Movies/Coherence (2013)/Coherence (2013) Bluray-1080p 220289.mkv",mkv,hevc,1920x816,3904,aac,6
"/pool/Movies/Sleep (2023)/Sleep (2023) Bluray-1080p 964592.mkv",mkv,hevc,1920x1040,4674,eac3,6
"/pool/Movies/Whip It (2009)/Whip It (2009) Bluray-1080p 22798.mp4",mp4,hevc,1920x800,1766,aac,6
"/pool/Movies/Oldboy (2003)/Oldboy (2003) Bluray-1080p 670.mkv",mkv,hevc,1920x816,7948,eac3,8
"/pool/Movies/Looper (2012)/Looper (2012) Bluray-1080p 59967.mkv",mkv,hevc,1920x816,4751,aac,6
"/pool/Movies/Harry Potter and the Goblet of Fire (2005)/Harry Potter and the Goblet of Fire (2005) Open Matte (1080p AMZN WEB-DL x265 HEVC 10bit AAC 5.1 MONOLITH).mkv",mkv,hevc,1920x1080,4490,aac,6
"/pool/Movies/Metropolis (1927)/Metropolis (1927) Bluray-1080p 19.mkv",mkv,av1,1440x1080,3742,opus,6
"/pool/Movies/Batman Forever (1995)/Batman Forever (1995) AC3 5.1 ITA.ENG 1080p H265 sub NUita.eng Sp33dy94-MIRCrew.mkv",mkv,hevc,1920x1080,2696,ac3,6
"/pool/Movies/Paterson (2016)/Paterson (2016) Bluray-1080p 370755.mkv",mkv,hevc,1920x1032,3173,aac,6
"/pool/Movies/Point Break (1991)/Point Break (1991) Bluray-1080p 1089.mkv",mkv,hevc,1920x800,11866,aac,6
"/pool/Movies/The Accountant 2 (2025)/The Accountant² (2025) WEBDL-1080p 870028.mkv",mkv,hevc,1920x800,2051,eac3,6
"/pool/Movies/Downfall The Case Against Boeing (2022)/Downfall.The.Case.Against.Boeing.2022.1080p.NF.WEB-DL.x265.10bit.HDR.DDP5.1-NPMS.mkv",mkv,hevc,1920x1080,3504,eac3,6
"/pool/Movies/Stop Making Sense (1984)/Stop Making Sense (1984) Bluray-1080p 24128.mkv",mkv,hevc,1920x1080,7485,dts,6
"/pool/Movies/Only Yesterday (1991)/Only Yesterday (1991) Bluray-1080p 15080.mkv",mkv,hevc,1920x1040,4936,eac3,2
"/pool/Movies/Get Carter (1971)/Get Carter (1971) Bluray-1080p 1485.mkv",mkv,hevc,1920x1080,6540,dts,1
"/pool/Movies/Predestination (2014)/Predestination (2014) (1080p BluRay x265 afm72).mkv",mkv,hevc,1920x800,3501,aac,6
"/pool/Movies/Tron (1982)/Tron (1982) AC3 5.1 ITA.ENG 1080p H265 sub ita.eng Sp33dy94-MIRCrew.mkv",mkv,hevc,1920x870,2347,ac3,6
"/pool/Movies/YOLO 2/YOLO 2.mp4",mp4,av1,1920x1080,41,aac,2
"/pool/Movies/The Warriors (1979)/The Warriors (1979) Ultimate Director's Cut (1080p BluRay x265 FreetheFish).mkv",mkv,hevc,1904x1072,3776,ac3,6
"/pool/Movies/Judge Dredd (1995)/Judge Dredd 1995 Remastered BR EAC3 VFF VFQ ENG 1080p x265 10Bits T0M.mkv",mkv,hevc,1920x824,3978,eac3,6
"/pool/Movies/The Iron Claw ()/The Iron Claw (2023) WEBRip-1080p 850165.mkv",mkv,hevc,1920x1040,4044,eac3,6
"/pool/Movies/I Saw the TV Glow (2024)/I Saw the TV Glow (2024) WEBRip-1080p 858017.mkv",mkv,hevc,1920x1040,2205,eac3,6
"/pool/Movies/The Nice Guys (2016)/The Nice Guys (2016) Bluray-1080p 290250.mkv",mkv,av1,1920x800,5251,opus,6
"/pool/Movies/Planet of the Apes (2001)/Planet of the Apes - Il pianeta delle scimmie (2001) AC3 5.1 ITA.ENG 1080p H265 sub ita.eng Sp33dy94-MIRCrew.mkv",mkv,hevc,1920x818,2841,ac3,6
"/pool/Movies/Beetlejuice 2 (2024)/Beetlejuice Beetlejuice (2024) WEBDL-1080p Proper 917496.mkv",mkv,hevc,1920x1040,4855,eac3,6
"/pool/Movies/The Artifice Girl (2023)/The Artifice Girl (2023) Bluray-1080p 983282.mkv",mkv,hevc,1920x804,938,eac3,6
"/pool/Movies/WALL·E (2008)/WALL·E (2008) Bluray-1080p 10681.mkv",mkv,hevc,1920x804,6885,eac3,6
"/pool/Movies/Fire of Love (2022)/Fire of Love (2022) WEBDL-1080p 913823.mkv",mkv,hevc,1440x1080,4207,eac3,6
"/pool/Movies/Fast X (2023)/Fast.X.2023.2160p.4K.WEB.x265.10bit.AAC5.1-[YTS.MX].mkv",mkv,hevc,3840x2160,6436,aac,6
"/pool/Movies/Fast X (2023)/Fast X (2023) WEBDL-2160p 385687.mkv",mkv,hevc,3840x2160,6436,aac,6
"/pool/Movies/Dazed and Confused (1993)/Dazed and Confused (1993) Criterion (1080p BluRay x265 10bit Tigole).mkv",mkv,hevc,1920x1038,4781,aac,6
"/pool/Movies/The Ministry of Ungentlemanly Warfare (2024)/The Ministry of Ungentlemanly Warfare (2024) Bluray-1080p 799583.mkv",mkv,hevc,1920x800,2218,eac3,6
"/pool/Movies/Multiple Maniacs (1970)/Multiple Maniacs (1970) Bluray-1080p 25625.mkv",mkv,hevc,1800x1080,6498,flac,1
"/pool/Movies/Warfare (2025)/Warfare (2025) WEBDL-1080p 1241436.mkv",mkv,hevc,1918x958,1462,eac3,6
"/pool/Movies/The Holdovers (2023)/The Holdovers (2023) WEBRip-1080p 840430.mp4",mp4,hevc,1794x1080,2906,aac,6
"/pool/Movies/The Killer (1989)/The Killer (1989) Bluray-1080p 10835.mkv",mkv,hevc,1920x980,1522,aac,2
"/pool/Movies/Catching Dust (2024)/Catching Dust (2024) WEBRip-1080p 992638.mkv",mkv,hevc,1920x800,1593,eac3,6
"/pool/Movies/Dream Scenario (2023)/Dream Scenario (2023) WEBRip-1080p 823482.mkv",mkv,hevc,1920x1040,1650,aac,6
"/pool/Movies/Sing Sing (2024)/Sing Sing (2024) WEBRip-1080p 1155828.mkv",mkv,hevc,1800x1080,2244,eac3,6
"/pool/Movies/Star Trek VI The Undiscovered Country (1991)/Star Trek VI The Undiscovered Country (1991)  [1080p x265 q22 Joy].mkv",mkv,hevc,1920x816,2584,aac,8
"/pool/Movies/Heavy Metal (1981)/Heavy.Metal.1981.1080P.x265.h3llg0d.mkv",mkv,hevc,1920x1040,1799,aac,6
"/pool/Movies/Lucifer (2019)/Lucifer (2019) WEBRip-1080p 564701.mkv",mkv,hevc,1920x680,4153,dts,6
"/pool/Movies/Spirited Away (2001)/Spirited Away (2001) Bluray-1080p 129.mkv",mkv,hevc,1920x1040,6069,eac3,6
"/pool/Movies/The Godfather Part II (1974)/The Godfather Part II (1974) Bluray-1080p 240.mkv",mkv,av1,1918x1080,6907,opus,6
"/pool/Movies/Raiders of the Lost Ark (1981)/Indiana Jones And The Raiders Of The Lost Ark (1981)  [1080p x265 q22 FS94 Joy].mkv",mkv,hevc,1920x800,3166,aac,6
"/pool/Movies/The Tale of The Princess Kaguya (2013)/The Tale of Princess Kaguya (2013) [1080p x265 HEVC 10bit BluRay Dual Audio AAC 5.1] [Prof].mkv",mkv,hevc,1920x1024,3485,aac,6
"/pool/Movies/On the Rocks (2020)/On the Rocks (2020) Bluray-1080p 575417.mkv",mkv,hevc,1920x1032,2612,eac3,6
"/pool/Movies/The Fast and the Furious (2001)/The Fast and the Furious (2001) Bluray-1080p Proper 9799.mp4",mp4,hevc,1920x816,1705,aac,6
"/pool/Movies/The Man Who Fell to Earth (1976)/The Man Who Fell to Earth (1976) Bluray-1080p 991.mkv",mkv,hevc,1920x820,10605,flac,2
"/pool/Movies/Ghostbusters (1984)/Ghostbusters (1984) Bluray-1080p 620.mkv",mkv,hevc,1920x804,7421,dts,6
"/pool/Movies/Shazam! (2019)/Shazam! (2019) WEBDL-1080p 287947.mkv",mkv,hevc,1920x804,9150,truehd,8
"/pool/Movies/The Cat Returns (2002)/The Cat Returns (2002) Bluray-1080p 15370.mkv",mkv,hevc,1920x1040,3128,eac3,6
"/pool/Movies/The Kill Team (2013)/The.Kill.Team.2013.720p.AMZN.WEB-DL.x265.HEVCBay.com.mkv",mkv,hevc,1280x720,169,aac,2
"/pool/Movies/Tenacious D in The Pick of Destiny (2006)/Tenacious D in The Pick of Destiny (2006) (1080p AMZN WEB-DL x265 RZeroX).mkv",mkv,hevc,1920x1080,3433,aac,7
"/pool/Movies/The Thicket (2024)/The Thicket (2024) WEBRip-1080p 395817.mkv",mkv,hevc,1920x800,2602,aac,2
"/pool/Movies/28 Years Later (2025)/28 Years Later (2025) WEBDL-1080p Proper 1100988.mkv",mkv,hevc,1920x696,1950,eac3,6
"/pool/Movies/The King's Man (2021)/The King's Man (2021) Bluray-1080p Proper 476669.mkv",mkv,hevc,1920x804,5118,eac3,8
"/pool/Movies/Walk Hard The Dewey Cox Story (2007)/Walk Hard - The Dewy Cox Story (2007) DC.mkv",mkv,hevc,1920x800,8451,ac3,2
"/pool/Movies/Code 46 (2003)/Code 46 (2003) Bluray-1080p 2577.mkv",mkv,hevc,1920x816,2345,eac3,2
"/pool/Movies/Sneakers (1992)/Sneakers (1992) Bluray-1080p 2322.mkv",mkv,hevc,1914x1040,5200,aac,6
"/pool/Movies/Batman Begins (2005)/Batman Begins 2005 UHDRip 1080p HDR.mkv",mkv,hevc,1920x800,12905,ac3,6
"/pool/Movies/Uzumaki (2000)/Uzumaki (2000) Bluray-1080p 11366.mkv",mkv,hevc,1920x1036,7454,aac,2
"/pool/Movies/The End (2024)/The End (2024) WEBRip-1080p 881366.mkv",mkv,hevc,1918x802,2171,eac3,6
"/pool/Movies/Kung Pow Enter the Fist (2002)/Kung Pow Enter the Fist (2002) + Extras (1080p WEBRip x265M HEVC 10bit AC3 5.1 SAMPA).mkv",mkv,hevc,1920x816,4360,ac3,6
"/pool/Movies/eXistenZ (1999)/eXistenZ (1999) Bluray-1080p 1946.mkv",mkv,hevc,1920x1036,10374,aac,6
"/pool/Movies/Action Jackson (1988)/Action Jackson (1988) Bluray-1080p 10117.mkv",mkv,hevc,1904x1080,5308,eac3,2
"/pool/Movies/Fantastic Beasts The Crimes of Grindelwald (2018)/Fantastic Beasts The Crimes of Grindelwald (2018) Bluray-1080p 338952.mkv",mkv,hevc,1920x800,2870,aac,6
"/pool/Movies/Event Horizon (1997)/Event Horizon (1997) Bluray-1080p Proper 8413.mkv",mkv,av1,1920x820,2680,opus,6
"/pool/Movies/Westworld (1973)/Westworld (1973) (1080p BluRay x265 10bit Tigole).mkv",mkv,hevc,1920x800,4669,aac,6
"/pool/Movies/Minions (2015)/Minions (2015) Bluray-1080p 211672.mkv",mkv,hevc,1920x1040,4949,aac,8
"/pool/Movies/Idiocracy (2006)/Idiocracy (2006) Bluray-1080p 7512.mkv",mkv,hevc,1920x1058,2604,ac3,6
"/pool/Movies/Four Good Days (2021)/Four Good Days (2021) Bluray-1080p 641960.mkv",mkv,hevc,1920x804,2897,aac,6
"/pool/Movies/High Life (2018)/High Life (2018) AC3 5.1 ITA.ENG 1080p H265 sub ita.eng Sp33dy94-MIRCrew.mkv",mkv,hevc,1920x1040,2594,ac3,6
"/pool/Movies/Total Recall (2012)/Total.Recall.2012.Extended.1080p.BluRay.10Bit.X265.DD.5.1-Chivaman.mkv",mkv,hevc,1920x800,4289,ac3,6
"/pool/Movies/Twice Colonized (2023)/Twice Colonized (2023) WEBRip-1080p 1058690.mkv",mkv,hevc,1920x1040,1474,eac3,6
"/pool/Movies/The Biggest Heroes (1996)/De Største Helte (1996).[DVDRip].avi",avi,mpeg4,576x320,874,ac3,2
"/pool/Movies/The Fast and the Furious Tokyo Drift (2006)/The Fast and the Furious Tokyo Drift (2006) Bluray-1080p Proper 9615.mp4",mp4,hevc,1920x804,1660,aac,6
"/pool/Movies/Universal Soldier (1992)/Universal Soldier (1992) Bluray-1080p 9349.mkv",mkv,hevc,1920x816,6607,dts,6
"/pool/Movies/Sin City A Dame to Kill For (2014)/Sin City A Dame to Kill For (2014) Bluray-1080p 189.mkv",mkv,hevc,1920x1040,3829,aac,6
"/pool/Movies/50+50 (2011)/50+50 (2011) Bluray-1080p 40807.mkv",mkv,hevc,1920x1080,5398,eac3,6
"/pool/Movies/The Thing (1982)/The Thing - La Cosa 1982 Bluray 1080p Ita Eng x265-NAHOM.mkv",mkv,hevc,1920x816,2971,ac3,6
"/pool/Movies/Fitzcarraldo (1982)/Fitzcarraldo (1982) Bluray-1080p 9343.mkv",mkv,hevc,1920x1036,7175,eac3,1
"/pool/Movies/Horizon An American Saga - Chapter 1 (2024)/Horizon An American Saga - Chapter 1 (2024) WEBRip-1080p 932086.mkv",mkv,hevc,1920x1080,5626,eac3,6
"/pool/Movies/Your Highness (2011)/Your Highness (2011) Bluray-1080p 38319.mkv",mkv,hevc,1920x800,3724,aac,6
"/pool/Movies/Under the Rainbow Making The Florida Project (2018)/The Florida Project I Making-of I Deutsch German I Ab 02.08. auf DVD, Blu-ray und als VoD [ktOFVqAjDwk].webm",webm,vp9,1920x1080,384,opus,2
"/pool/Movies/Ip Man 4 The Finale (2019)/Ip Man 4 The Finale (2019) HDTV-720p 449924.avi",avi,mpeg4,1280x536,2661,mp3,2
"/pool/Movies/Home Alone (1990)/Home Alone (1990) Bluray-1080p Proper 771.mkv",mkv,hevc,1920x1040,3915,ac3,2
"/pool/Movies/Chinatown (1974)/Chinatown (1974) (1080p AMZN WEB-DL x265 HDR afm72).mkv",mkv,hevc,1920x816,5586,eac3,6
"/pool/Movies/Se7en (1995)/Se7en (1995) Bluray-1080p 807.mp4",mp4,hevc,1920x800,2024,aac,6
"/pool/Movies/Climax (2018)/Climax (2018) AC3 5.1 ITA.FRE 1080p H265 sub ita.eng.fre Sp33dy94-MIRCrew.mkv",mkv,hevc,1920x808,2156,ac3,6
"/pool/Movies/Batman Under the Red Hood (2010)/Batman Under the Red Hood (2010) WEBDL-1080p 40662.mkv",mkv,hevc,1920x1080,4518,dts,6
"/pool/Movies/Kingsman The Golden Circle (2017)/Kingsman The Golden Circle (2017) Bluray-1080p 343668.mkv",mkv,hevc,1920x804,6038,dts,6
"/pool/Movies/Moonage Daydream (2022)/Moonage Daydream (2022) Bluray-1080p 957457.mp4",mp4,hevc,1920x1080,2148,aac,6
"/pool/Movies/The Super Mario Bros. Movie (2023)/The Super Mario Bros. Movie (2023) WEBRip-1080p Proper 502356.mkv",mkv,hevc,1920x804,1544,eac3,6
"/pool/Movies/Star Trek Insurrection (1998)/Star.Trek.Insurrection.1998.1080p.Bluray.AV1.Opus.Multi4-dAV1nci.mkv",mkv,av1,1920x818,2686,opus,6
"/pool/Movies/Time Bandits (1981)/Time Bandits (1981) Bluray-1080p 36819.mkv",mkv,hevc,1920x1040,8479,aac,2
"/pool/Movies/Do the Right Thing (1989)/Do the Right Thing (1989) Bluray-1080p 925.mkv",mkv,hevc,1920x1040,2037,aac,6
"/pool/Movies/Star Trek Nemesis (2002)/Star.Trek.Nemesis.2002.1080p.Bluray.AV1.Opus.Multi4-dAV1nci.mkv",mkv,av1,1920x816,2763,opus,6
"/pool/Movies/Timecrimes (2007)/Timecrimes (2007) (1080p BluRay x265 HEVC 10bit AAC 5.1 Spanish MONOLITH).mkv",mkv,hevc,1920x1032,2053,aac,6
"/pool/Movies/Barbarella (1968)/Barbarella (1968) Bluray-1080p 8069.mkv",mkv,hevc,1920x816,9922,aac,8
"/pool/Movies/Lawrence of Arabia (1962)/Lawrence Of Arabia 1962  (1080p x265 10bit S74 Joy).mkv",mkv,hevc,1920x864,2735,aac,6
"/pool/Movies/The Luckiest Man in America (2025)/The Luckiest Man in America (2025) WEBDL-1080p 1288070.mkv",mkv,hevc,1920x1040,1534,eac3,6
"/pool/Movies/The Triplets of Belleville (2003)/The Triplets of Belleville (2003) (1080p BluRay x265 HEVC 10bit AAC 5.1 French afm72).mkv",mkv,hevc,1828x1080,3198,aac,6
"/pool/Movies/Joker (2019)/Joker (2019) Bluray-1080p Proper 475557.mkv",mkv,av1,1920x1036,2433,opus,8
"/pool/Movies/Pleasure (2021) {tmdb-592695}/Pleasure (2021) Bluray-1080p 592695.mkv",mkv,hevc,1920x1036,4584,aac,6
"/pool/Movies/John Wick Chapter 4 (2023)/John Wick Chapter 4 (2023) WEBRip-1080p 603692.mkv",mkv,hevc,1920x796,3330,eac3,6
"/pool/Movies/Outlaws (2018)/Outlaws (2018) WEBDL-1080p 433288.mkv",mkv,hevc,1920x800,1017,eac3,6
"/pool/Movies/Buffalo '66 (1998)/Buffalo '66 (1998) Bluray-1080p 9464.mkv",mkv,hevc,1920x1038,4076,aac,2
"/pool/Movies/Virtuosity (1995)/Virtuosity (1995) Bluray-1080p 9271.mkv",mkv,hevc,1920x816,4733,aac,6
"/pool/Movies/The Paloni Show! Halloween Special! (2022)/The.Paloni.Show.Halloween.Special.2022.PROPER.1080p.WEBRip.x265-RARBG.mp4",mp4,hevc,1920x1080,990,aac,6
"/pool/Movies/Wicked (2024)/Wicked (2024) WEBRip-1080p 402431.mkv",mkv,hevc,1920x800,2579,eac3,6
"/pool/Movies/Under the Silver Lake (2018)/Under the Silver Lake (2018) (1080p BluRay x265 10bit Tigole).mkv",mkv,hevc,1920x804,4680,aac,6
"/pool/Movies/All Quiet on the Western Front (2022)/TheMoviesBoss - All.Quiet.on.the.Western.Front.(2022).1080p.10Bit.HEVC.WEBRip.DD5.1.H.265-themoviesboss.mkv",mkv,hevc,1920x800,2940,ac3,6
"/pool/Movies/The Frighteners (1996)/The Frighteners (1996) Bluray-1080p 10779.mp4",mp4,hevc,1920x816,1955,aac,6
"/pool/Movies/Drive (2011)/Drive (2011) Bluray-1080p Proper 64690.mkv",mkv,hevc,1920x804,4265,aac,6
"/pool/Movies/Piggy (2022)/Piggy (2022) WEBDL-1080p 848058.mkv",mkv,hevc,1440x1080,2239,ac3,6
"/pool/TV Shows/Brooklyn Nine-Nine/S6/Brooklyn Nine-Nine - [06x14] - Ticking Clocks.mkv",mkv,hevc,1920x1080,482,aac,6
"/pool/TV Shows/Brooklyn Nine-Nine/S6/Brooklyn Nine-Nine - [06x13] - The Bimbo.mkv",mkv,hevc,1920x1080,466,aac,6
"/pool/TV Shows/Brooklyn Nine-Nine/S6/Brooklyn Nine-Nine - [06x05] - A Tale of Two Bandits.mkv",mkv,hevc,1920x1080,387,aac,6
"/pool/TV Shows/Brooklyn Nine-Nine/S6/S06E09 The Golden Child.mkv",mkv,hevc,1920x1080,420,aac,6
"/pool/TV Shows/Brooklyn Nine-Nine/S6/Brooklyn Nine-Nine - [06x08] - He Said, She Said.mkv",mkv,hevc,1920x1080,441,aac,6
"/pool/TV Shows/Brooklyn Nine-Nine/S6/Brooklyn Nine-Nine - [06x17] - Sicko.mkv",mkv,hevc,1920x1080,489,aac,6
"/pool/TV Shows/Brooklyn Nine-Nine/S6/S06E11 The Therapist.mkv",mkv,hevc,1920x1080,446,aac,6
"/pool/TV Shows/Brooklyn Nine-Nine/S6/S06E03 The Tattler.mkv",mkv,hevc,1920x1080,462,aac,6
"/pool/TV Shows/Brooklyn Nine-Nine/S6/Brooklyn Nine-Nine - [06x10] - Gintars.mkv",mkv,hevc,1920x1080,505,aac,6
"/pool/TV Shows/Brooklyn Nine-Nine/S6/Brooklyn Nine-Nine - [06x04] - Four Movements.mkv",mkv,hevc,1920x1080,467,aac,6
"/pool/TV Shows/Brooklyn Nine-Nine/S6/Brooklyn Nine-Nine - [06x15] - Return of the King.mkv",mkv,hevc,1920x1080,525,aac,6
"/pool/TV Shows/Brooklyn Nine-Nine/S6/S06E07 The Honeypot.mkv",mkv,hevc,1920x1080,465,aac,6
"/pool/TV Shows/Brooklyn Nine-Nine/S6/S06E10 Gintars.mkv",mkv,hevc,1920x1080,505,aac,6
"/pool/TV Shows/Brooklyn Nine-Nine/S6/Brooklyn Nine-Nine - [06x03] - The Tattler.mkv",mkv,hevc,1920x1080,462,aac,6
"/pool/TV Shows/Brooklyn Nine-Nine/S6/S06E04 Four Movements.mkv",mkv,hevc,1920x1080,467,aac,6
"/pool/TV Shows/Brooklyn Nine-Nine/S6/S06E16 Cinco de Mayo.mkv",mkv,hevc,1920x1080,506,aac,6
"/pool/TV Shows/Brooklyn Nine-Nine/S6/S06E15 Return of the King.mkv",mkv,hevc,1920x1080,525,aac,6
"/pool/TV Shows/Brooklyn Nine-Nine/S6/Brooklyn Nine-Nine - [06x06] - The Crime Scene.mkv",mkv,hevc,1920x1080,409,aac,6
"/pool/TV Shows/Brooklyn Nine-Nine/S6/Brooklyn Nine-Nine - [06x01] - Honeymoon.mkv",mkv,hevc,1920x1080,471,aac,6
"/pool/TV Shows/Brooklyn Nine-Nine/S6/Brooklyn Nine-Nine - [06x07] - The Honeypot.mkv",mkv,hevc,1920x1080,465,aac,6
"/pool/TV Shows/Brooklyn Nine-Nine/S6/S06E02 Hitchcock & Scully.mkv",mkv,hevc,1920x1080,493,aac,6
"/pool/TV Shows/Brooklyn Nine-Nine/S6/S06E18 Suicide Squad.mkv",mkv,hevc,1920x1080,512,aac,6
"/pool/TV Shows/Brooklyn Nine-Nine/S6/Brooklyn Nine-Nine - [06x12] - Casecation.mkv",mkv,hevc,1920x1080,445,aac,6
"/pool/TV Shows/Brooklyn Nine-Nine/S6/Brooklyn Nine-Nine - [06x18] - Suicide Squad.mkv",mkv,hevc,1920x1080,512,aac,6
"/pool/TV Shows/Brooklyn Nine-Nine/S6/S06E06 The Crime Scene.mkv",mkv,hevc,1920x1080,409,aac,6
"/pool/TV Shows/Brooklyn Nine-Nine/S6/S06E08 He Said, She Said.mkv",mkv,hevc,1920x1080,441,aac,6
"/pool/TV Shows/Brooklyn Nine-Nine/S6/S06E05 A Tale of Two Bandits.mkv",mkv,hevc,1920x1080,387,aac,6
"/pool/TV Shows/Brooklyn Nine-Nine/S6/Brooklyn Nine-Nine - [06x11] - The Therapist.mkv",mkv,hevc,1920x1080,446,aac,6
"/pool/TV Shows/Brooklyn Nine-Nine/S6/S06E12 Casecation.mkv",mkv,hevc,1920x1080,445,aac,6
"/pool/TV Shows/Brooklyn Nine-Nine/S6/S06E17 Sicko.mkv",mkv,hevc,1920x1080,489,aac,6
"/pool/TV Shows/Brooklyn Nine-Nine/S6/S06E13 The Bimbo.mkv",mkv,hevc,1920x1080,466,aac,6
"/pool/TV Shows/Brooklyn Nine-Nine/S6/Brooklyn Nine-Nine - [06x09] - The Golden Child.mkv",mkv,hevc,1920x1080,420,aac,6
"/pool/TV Shows/Brooklyn Nine-Nine/S6/S06E14 Ticking Clocks.mkv",mkv,hevc,1920x1080,482,aac,6
"/pool/TV Shows/Brooklyn Nine-Nine/S6/Brooklyn Nine-Nine - [06x02] - Hitchcock & Scully.mkv",mkv,hevc,1920x1080,493,aac,6
"/pool/TV Shows/Brooklyn Nine-Nine/S6/Brooklyn Nine-Nine - [06x16] - Cinco de Mayo.mkv",mkv,hevc,1920x1080,506,aac,6
"/pool/TV Shows/Brooklyn Nine-Nine/S6/S06E01 Honeymoon.mkv",mkv,hevc,1920x1080,471,aac,6
"/pool/TV Shows/Brooklyn Nine-Nine/S7/Brooklyn Nine-Nine - [07x08] - The Takeback.mkv",mkv,hevc,1920x1080,579,eac3,6
"/pool/TV Shows/Brooklyn Nine-Nine/S7/S07E11 Valloweaster.mkv",mkv,hevc,1920x1080,563,eac3,6
"/pool/TV Shows/Brooklyn Nine-Nine/S7/S07E07 Ding Dong.mkv",mkv,hevc,1920x1080,492,eac3,6
"/pool/TV Shows/Brooklyn Nine-Nine/S7/Brooklyn Nine-Nine - [07x03] - Pimemento.mkv",mkv,hevc,1920x1080,570,eac3,6
"/pool/TV Shows/Brooklyn Nine-Nine/S7/Brooklyn Nine-Nine - [07x02] - Captain Kim.mkv",mkv,hevc,1920x1080,507,eac3,6
"/pool/TV Shows/Brooklyn Nine-Nine/S7/S07E09 Dillman.mkv",mkv,hevc,1920x1080,542,eac3,6
"/pool/TV Shows/Brooklyn Nine-Nine/S7/S07E10 Admiral Peralta.mkv",mkv,hevc,1920x1080,511,eac3,6
"/pool/TV Shows/Brooklyn Nine-Nine/S7/S07E05 Debbie.mkv",mkv,hevc,1920x1080,545,eac3,6
"/pool/TV Shows/Brooklyn Nine-Nine/S7/Brooklyn Nine-Nine - [07x04] - The Jimmy Jab Games II.mkv",mkv,hevc,1920x1080,540,eac3,6
"/pool/TV Shows/Brooklyn Nine-Nine/S7/Brooklyn Nine-Nine - [07x06] - Trying.mkv",mkv,hevc,1920x1080,494,eac3,6
"/pool/TV Shows/Brooklyn Nine-Nine/S7/S07E04 The Jimmy Jab Games II.mkv",mkv,hevc,1920x1080,540,eac3,6
"/pool/TV Shows/Brooklyn Nine-Nine/S7/Brooklyn Nine-Nine - [07x10] - Admiral Peralta.mkv",mkv,hevc,1920x1080,511,eac3,6
"/pool/TV Shows/Brooklyn Nine-Nine/S7/S07E06 Trying.mkv",mkv,hevc,1920x1080,494,eac3,6
"/pool/TV Shows/Brooklyn Nine-Nine/S7/Brooklyn Nine-Nine - [07x12] - Ransom.mkv",mkv,hevc,1920x1080,561,eac3,6
"/pool/TV Shows/Brooklyn Nine-Nine/S7/S07E03 Pimemento.mkv",mkv,hevc,1920x1080,570,eac3,6
"/pool/TV Shows/Brooklyn Nine-Nine/S7/S07E08 The Takeback.mkv",mkv,hevc,1920x1080,579,eac3,6
"/pool/TV Shows/Brooklyn Nine-Nine/S7/S07E12 Ransom.mkv",mkv,hevc,1920x1080,561,eac3,6
"/pool/TV Shows/Brooklyn Nine-Nine/S7/Brooklyn Nine-Nine - [07x13] - Lights Out.mkv",mkv,hevc,1920x1080,487,eac3,6
"/pool/TV Shows/Brooklyn Nine-Nine/S7/Brooklyn Nine-Nine - [07x05] - Debbie.mkv",mkv,hevc,1920x1080,545,eac3,6
"/pool/TV Shows/Brooklyn Nine-Nine/S7/Brooklyn Nine-Nine - [07x01] - Manhunter.mkv",mkv,hevc,1920x1080,593,eac3,6
"/pool/TV Shows/Brooklyn Nine-Nine/S7/Brooklyn Nine-Nine - [07x07] - Ding Dong.mkv",mkv,hevc,1920x1080,492,eac3,6
"/pool/TV Shows/Brooklyn Nine-Nine/S7/Brooklyn Nine-Nine - [07x09] - Dillman.mkv",mkv,hevc,1920x1080,542,eac3,6
"/pool/TV Shows/Brooklyn Nine-Nine/S7/S07E01 Manhunter.mkv",mkv,hevc,1920x1080,593,eac3,6
"/pool/TV Shows/Brooklyn Nine-Nine/S7/S07E13 Lights Out.mkv",mkv,hevc,1920x1080,487,eac3,6
"/pool/TV Shows/Brooklyn Nine-Nine/S7/S07E02 Captain Kim.mkv",mkv,hevc,1920x1080,507,eac3,6
"/pool/TV Shows/Brooklyn Nine-Nine/S7/Brooklyn Nine-Nine - [07x11] - Valloweaster.mkv",mkv,hevc,1920x1080,563,eac3,6
"/pool/TV Shows/Brooklyn Nine-Nine/S3/Brooklyn Nine-Nine (2013) - S03E02 - The Funeral (1080p WEB-DL x265 ImE).mkv",mkv,hevc,1920x1080,341,aac,6
"/pool/TV Shows/Brooklyn Nine-Nine/S3/Brooklyn Nine-Nine (2013) - S03E17 - Adrian Pimento (1080p WEB-DL x265 ImE).mkv",mkv,hevc,1920x1080,306,aac,6
"/pool/TV Shows/Brooklyn Nine-Nine/S3/Brooklyn Nine-Nine (2013) - S03E22 - Bureau (1080p WEB-DL x265 ImE).mkv",mkv,hevc,1920x1080,325,aac,6
"/pool/TV Shows/Brooklyn Nine-Nine/S3/S03E22 Bureau.mkv",mkv,hevc,1920x1080,325,aac,6
"/pool/TV Shows/Brooklyn Nine-Nine/S3/S03E02 The Funeral.mkv",mkv,hevc,1920x1080,341,aac,6
"/pool/TV Shows/Brooklyn Nine-Nine/S3/S03E17 Adrian Pimento.mkv",mkv,hevc,1920x1080,306,aac,6
"/pool/TV Shows/Brooklyn Nine-Nine/S3/Brooklyn Nine-Nine (2013) - S03E18 - Cheddar (1080p WEB-DL x265 ImE).mkv",mkv,hevc,1920x1080,308,aac,6
"/pool/TV Shows/Brooklyn Nine-Nine/S3/S03E15 The 9-8.mkv",mkv,hevc,1920x1080,334,aac,6
"/pool/TV Shows/Brooklyn Nine-Nine/S3/Brooklyn Nine-Nine (2013) - S03E09 - The Swedes (1080p WEB-DL x265 ImE).mkv",mkv,hevc,1920x1080,316,aac,6
"/pool/TV Shows/Brooklyn Nine-Nine/S3/Brooklyn Nine-Nine (2013) - S03E21 - Maximum Security (1080p WEB-DL x265 ImE).mkv",mkv,hevc,1920x1080,310,aac,6
"/pool/TV Shows/Brooklyn Nine-Nine/S3/S03E08 Ava.mkv",mkv,hevc,1920x1080,354,aac,6
"/pool/TV Shows/Brooklyn Nine-Nine/S3/S03E06 Into the Woods.mkv",mkv,hevc,1920x1080,318,aac,6
"/pool/TV Shows/Brooklyn Nine-Nine/S3/Brooklyn Nine-Nine (2013) - S03E14 - Karen Peralta (1080p WEB-DL x265 ImE).mkv",mkv,hevc,1920x1080,297,aac,6
"/pool/TV Shows/Brooklyn Nine-Nine/S3/Brooklyn Nine-Nine (2013) - S03E13 - The Cruise (1080p WEB-DL x265 ImE).mkv",mkv,hevc,1920x1080,336,aac,6
"/pool/TV Shows/Brooklyn Nine-Nine/S3/S03E04 The Oolong Slayer.mkv",mkv,hevc,1920x1080,341,aac,6
"/pool/TV Shows/Brooklyn Nine-Nine/S3/Brooklyn Nine-Nine (2013) - S03E04 - The Oolong Slayer (1080p WEB-DL x265 ImE).mkv",mkv,hevc,1920x1080,341,aac,6
"/pool/TV Shows/Brooklyn Nine-Nine/S3/Brooklyn Nine-Nine (2013) - S03E16 - House Mouses (1080p WEB-DL x265 ImE).mkv",mkv,hevc,1920x1080,306,aac,6
"/pool/TV Shows/Brooklyn Nine-Nine/S3/S03E12 9 Days.mkv",mkv,hevc,1920x1080,302,aac,6
"/pool/TV Shows/Brooklyn Nine-Nine/S3/S03E03 Boyle's Hunch.mkv",mkv,hevc,1920x1080,323,aac,6
"/pool/TV Shows/Brooklyn Nine-Nine/S3/S03E19 Terry Kitties.mkv",mkv,hevc,1920x1080,317,aac,6
"/pool/TV Shows/Brooklyn Nine-Nine/S3/Brooklyn Nine-Nine (2013) - S03E06 - Into the Woods (1080p WEB-DL x265 ImE).mkv",mkv,hevc,1920x1080,318,aac,6
"/pool/TV Shows/Brooklyn Nine-Nine/S3/Brooklyn Nine-Nine (2013) - S03E11 - Hostage Situation (1080p WEB-DL x265 ImE).mkv",mkv,hevc,1920x1080,302,aac,6
"/pool/TV Shows/Brooklyn Nine-Nine/S3/Brooklyn Nine-Nine (2013) - S03E23 - Greg and Larry (1080p WEB-DL x265 ImE).mkv",mkv,hevc,1920x1080,287,aac,6
"/pool/TV Shows/Brooklyn Nine-Nine/S3/Brooklyn Nine-Nine (2013) - S03E10 - Yippie Kayak (1080p WEB-DL x265 ImE).mkv",mkv,hevc,1920x1080,343,aac,6
"/pool/TV Shows/Brooklyn Nine-Nine/S3/Brooklyn Nine-Nine (2013) - S03E15 - The 9-8 (1080p WEB-DL x265 ImE).mkv",mkv,hevc,1920x1080,334,aac,6
"/pool/TV Shows/Brooklyn Nine-Nine/S3/Brooklyn Nine-Nine (2013) - S03E12 - 9 Days (1080p WEB-DL x265 ImE).mkv",mkv,hevc,1920x1080,302,aac,6
"/pool/TV Shows/Brooklyn Nine-Nine/S3/Brooklyn Nine-Nine (2013) - S03E08 - Ava (1080p WEB-DL x265 ImE).mkv",mkv,hevc,1920x1080,354,aac,6
"/pool/TV Shows/Brooklyn Nine-Nine/S3/Brooklyn Nine-Nine (2013) - S03E03 - Boyle's Hunch (1080p WEB-DL x265 ImE).mkv",mkv,hevc,1920x1080,323,aac,6
"/pool/TV Shows/Brooklyn Nine-Nine/S3/S03E14 Karen Peralta.mkv",mkv,hevc,1920x1080,297,aac,6
"/pool/TV Shows/Brooklyn Nine-Nine/S3/Brooklyn Nine-Nine (2013) - S03E05 - Halloween III (1080p WEB-DL x265 ImE).mkv",mkv,hevc,1920x1080,320,aac,6
"/pool/TV Shows/Brooklyn Nine-Nine/S3/S03E13 The Cruise.mkv",mkv,hevc,1920x1080,336,aac,6
"/pool/TV Shows/Brooklyn Nine-Nine/S3/S03E21 Maximum Security.mkv",mkv,hevc,1920x1080,310,aac,6
"/pool/TV Shows/Brooklyn Nine-Nine/S3/S03E10 Yippie Kayak.mkv",mkv,hevc,1920x1080,343,aac,6
"/pool/TV Shows/Brooklyn Nine-Nine/S3/Brooklyn Nine-Nine (2013) - S03E07 - The Mattress (1080p WEB-DL x265 ImE).mkv",mkv,hevc,1920x1080,312,aac,6
"/pool/TV Shows/Brooklyn Nine-Nine/S3/S03E20 Paranoia.mkv",mkv,hevc,1920x1080,285,aac,6
"/pool/TV Shows/Brooklyn Nine-Nine/S3/Brooklyn Nine-Nine (2013) - S03E19 - Terry Kitties (1080p WEB-DL x265 ImE).mkv",mkv,hevc,1920x1080,317,aac,6
"/pool/TV Shows/Brooklyn Nine-Nine/S3/S03E11 Hostage Situation.mkv",mkv,hevc,1920x1080,302,aac,6
"/pool/TV Shows/Brooklyn Nine-Nine/S3/S03E23 Greg and Larry.mkv",mkv,hevc,1920x1080,287,aac,6
"/pool/TV Shows/Brooklyn Nine-Nine/S3/S03E09 The Swedes.mkv",mkv,hevc,1920x1080,316,aac,6
"/pool/TV Shows/Brooklyn Nine-Nine/S3/Brooklyn Nine-Nine (2013) - S03E20 - Paranoia (1080p WEB-DL x265 ImE).mkv",mkv,hevc,1920x1080,285,aac,6
"/pool/TV Shows/Brooklyn Nine-Nine/S3/S03E07 The Mattress.mkv",mkv,hevc,1920x1080,312,aac,6
"/pool/TV Shows/Brooklyn Nine-Nine/S3/S03E16 House Mouses.mkv",mkv,hevc,1920x1080,306,aac,6
"/pool/TV Shows/Brooklyn Nine-Nine/S3/S03E05 Halloween III.mkv",mkv,hevc,1920x1080,320,aac,6
"/pool/TV Shows/Brooklyn Nine-Nine/S3/Brooklyn Nine-Nine (2013) - S03E01 - New Captain (1080p WEB-DL x265 ImE).mkv",mkv,hevc,1920x1080,306,aac,6
"/pool/TV Shows/Brooklyn Nine-Nine/S3/S03E18 Cheddar.mkv",mkv,hevc,1920x1080,308,aac,6
"/pool/TV Shows/Brooklyn Nine-Nine/S3/S03E01 New Captain.mkv",mkv,hevc,1920x1080,306,aac,6
"/pool/TV Shows/Newtopia (2025)/Newtopia (2025) - S01E03 - Episode 3.mkv",mkv,hevc,1920x960,815,eac3,6
"/pool/TV Shows/Newtopia (2025)/Newtopia (2025) - S01E01 - Episode 1.mkv",mkv,hevc,1920x960,509,eac3,6
"/pool/TV Shows/Ghost in the Shell - Stand Alone Complex/Season 1/Ghost in the Shell - Stand Alone Complex - S01E07 - SA - Idolatry – IDOLATOR.mkv",mkv,hevc,1916x1036,776,ac3,6
"/pool/TV Shows/Ghost in the Shell - Stand Alone Complex/Season 1/Ghost in the Shell - Stand Alone Complex - S01E12 - SA - Tachikoma Runs Away; The Movie Director's Dream – ESCAPE FROM.mkv",mkv,hevc,1916x1036,737,ac3,6
"/pool/TV Shows/Ghost in the Shell - Stand Alone Complex/Season 1/Ghost in the Shell - Stand Alone Complex - S01E02 - SA - Runaway Evidence – TESTATION.mkv",mkv,hevc,1916x1036,762,ac3,6
"/pool/TV Shows/Ghost in the Shell - Stand Alone Complex/Season 1/Ghost in the Shell - Stand Alone Complex - S01E10 - SA - A Perfect Day for a Jungle Cruise – JUNGLE CRUISE.mkv",mkv,hevc,1916x1036,742,ac3,6
"/pool/TV Shows/Ghost in the Shell - Stand Alone Complex/Season 1/Ghost in the Shell - Stand Alone Complex - S01E26 - C - Public Security Section 9, Once Again – STAND ALONE COMPLEX.mkv",mkv,hevc,1916x1036,701,ac3,6
"/pool/TV Shows/Ghost in the Shell - Stand Alone Complex/Season 1/Ghost in the Shell - Stand Alone Complex - S01E13 - SA - Unequal Terrorist – NOT EQUAL.mkv",mkv,hevc,1916x1036,749,ac3,6
"/pool/TV Shows/Ghost in the Shell - Stand Alone Complex/Season 1/Ghost in the Shell - Stand Alone Complex - S01E22 - C - Corporate Graft – SCANDAL.mkv",mkv,hevc,1916x1036,745,ac3,6
"/pool/TV Shows/Ghost in the Shell - Stand Alone Complex/Season 1/Ghost in the Shell - Stand Alone Complex - S01E09 - C - The Man Who Dwells in the Shadows of the Net – CHAT! CHAT! CHAT!.mkv",mkv,hevc,1916x1036,748,ac3,6
"/pool/TV Shows/Ghost in the Shell - Stand Alone Complex/Season 1/Ghost in the Shell - Stand Alone Complex - S01E18 - SA - Assassination Duet – LOST HERITAGE.mkv",mkv,hevc,1916x1036,743,ac3,6
"/pool/TV Shows/Ghost in the Shell - Stand Alone Complex/Season 1/Ghost in the Shell - Stand Alone Complex - S01E24 - C - Sunset in the Lonely City – ANNIHILATION.mkv",mkv,hevc,1916x1036,747,ac3,6
"/pool/TV Shows/Ghost in the Shell - Stand Alone Complex/Season 1/Ghost in the Shell - Stand Alone Complex - S01E03 - SA - A Modest Rebellion – ANDROID AND I.mkv",mkv,hevc,1916x1036,765,ac3,6
"/pool/TV Shows/Ghost in the Shell - Stand Alone Complex/Season 1/Ghost in the Shell - Stand Alone Complex - S01E15 - SA - Time of the Machines – MACHINES DÉSIRANTES.mkv",mkv,hevc,1916x1036,747,ac3,6
"/pool/TV Shows/Ghost in the Shell - Stand Alone Complex/Season 1/Ghost in the Shell - Stand Alone Complex - S01E25 - C - Smoke of Gunpowder, Hail of Bullets – BARRAGE.mkv",mkv,hevc,1916x1036,785,ac3,6
"/pool/TV Shows/Ghost in the Shell - Stand Alone Complex/Season 1/Ghost in the Shell - Stand Alone Complex - S01E23 - C - The Other Side of Good and Evil – EQUINOX.mkv",mkv,hevc,1916x1036,747,ac3,6
"/pool/TV Shows/Ghost in the Shell - Stand Alone Complex/Season 1/Ghost in the Shell - Stand Alone Complex - S01E05 - C - The Inviting Bird will Chant – DECOY.mkv",mkv,hevc,1916x1036,753,ac3,6
"/pool/TV Shows/Ghost in the Shell - Stand Alone Complex/Season 1/Ghost in the Shell - Stand Alone Complex - S01E14 - SA - Automated Capitalism – ¥€$.mkv",mkv,hevc,1916x1036,743,ac3,6
"/pool/TV Shows/Ghost in the Shell - Stand Alone Complex/Season 1/Ghost in the Shell - Stand Alone Complex - S01E06 - C - The Copycat will Dance – MEME.mkv",mkv,hevc,1916x1036,750,ac3,6
"/pool/TV Shows/Ghost in the Shell - Stand Alone Complex/Season 1/Ghost in the Shell - Stand Alone Complex - S01E20 - C - Vanished Medication – RE-VIEW.mkv",mkv,hevc,1916x1036,743,ac3,6
"/pool/TV Shows/Ghost in the Shell - Stand Alone Complex/Season 1/Ghost in the Shell - Stand Alone Complex - S01E16 - SA - Chinks in the Armor of the Heart – Ag2O.mkv",mkv,hevc,1916x1036,740,ac3,6
"/pool/TV Shows/Ghost in the Shell - Stand Alone Complex/Season 1/Ghost in the Shell - Stand Alone Complex - S01E11 - C - In The Forest of the Imagoes – PORTRAITZ.mkv",mkv,hevc,1916x1036,735,ac3,6
"/pool/TV Shows/Ghost in the Shell - Stand Alone Complex/Season 1/Ghost in the Shell - Stand Alone Complex - S01E04 - C - The Visual Device will Laugh – INTERCEPTER.mkv",mkv,hevc,1916x1036,754,ac3,6
"/pool/TV Shows/Ghost in the Shell - Stand Alone Complex/Season 1/Ghost in the Shell - Stand Alone Complex - S01E17 - SA - The True Reason For The Unfinished Love Affair – ANGELS' SHARE.mkv",mkv,hevc,1916x1036,740,ac3,6
"/pool/TV Shows/Ghost in the Shell - Stand Alone Complex/Season 1/Ghost in the Shell - Stand Alone Complex - S01E21 - C - Left-Behind Trace – ERASER.mkv",mkv,hevc,1916x1036,746,ac3,6
"/pool/TV Shows/Ghost in the Shell - Stand Alone Complex/Season 1/Ghost in the Shell - Stand Alone Complex - S01E08 - SA - The Fortunate Ones – MISSING HEARTS.mkv",mkv,hevc,1916x1036,740,ac3,6
"/pool/TV Shows/Ghost in the Shell - Stand Alone Complex/Season 1/Ghost in the Shell - Stand Alone Complex - S01E01 - SA - Public Security Section 9 – SECTION-9.mkv",mkv,hevc,1916x1036,774,ac3,6
"/pool/TV Shows/Ghost in the Shell - Stand Alone Complex/Season 1/Ghost in the Shell - Stand Alone Complex - S01E19 - SA - Embraced by a Disguised Net – CAPTIVATED.mkv",mkv,hevc,1916x1036,745,ac3,6
"/pool/TV Shows/Ghost in the Shell - Stand Alone Complex/Season 2/Ghost in the Shell - Stand Alone Complex - S02E19 - IN - Chain Reaction of Symmetry – CHAIN REACTION.mkv",mkv,hevc,1916x1036,692,ac3,6
"/pool/TV Shows/Ghost in the Shell - Stand Alone Complex/Season 2/Ghost in the Shell - Stand Alone Complex - S02E21 - IN - Escape in Defeat – EMBARRASSMENT.mkv",mkv,hevc,1916x1036,697,ac3,6
"/pool/TV Shows/Ghost in the Shell - Stand Alone Complex/Season 2/Ghost in the Shell - Stand Alone Complex - S02E12 - IN - To Those Without Even a Name. – SELECON.mkv",mkv,hevc,1916x1036,729,ac3,6
"/pool/TV Shows/Ghost in the Shell - Stand Alone Complex/Season 2/Ghost in the Shell - Stand Alone Complex - S02E06 - DI - Latent Heat Source – EXCAVATION.mkv",mkv,hevc,1916x1036,687,ac3,6
"/pool/TV Shows/Ghost in the Shell - Stand Alone Complex/Season 2/Ghost in the Shell - Stand Alone Complex - S02E05 - IN - Those Who Have the Motive – INDUCTANCE.mkv",mkv,hevc,1916x1036,698,ac3,6
"/pool/TV Shows/Ghost in the Shell - Stand Alone Complex/Season 2/Ghost in the Shell - Stand Alone Complex - S02E20 - IN - Confusion at the North End – FABRICATE FOG.mkv",mkv,hevc,1916x1036,697,ac3,6
"/pool/TV Shows/Ghost in the Shell - Stand Alone Complex/Season 2/Ghost in the Shell - Stand Alone Complex - S02E04 - DU - Natural Enemy – NATURAL ENEMY.mkv",mkv,hevc,1916x1036,698,ac3,6
"/pool/TV Shows/Ghost in the Shell - Stand Alone Complex/Season 2/Ghost in the Shell - Stand Alone Complex - S02E07 - DU - The Rhapsodic Melody of a Bygone Nation – Pu239.mkv",mkv,hevc,1916x1036,695,ac3,6
"/pool/TV Shows/Ghost in the Shell - Stand Alone Complex/Season 2/Ghost in the Shell - Stand Alone Complex - S02E02 - DI - Well-Fed Me – NIGHT CRUISE.mkv",mkv,hevc,1916x1036,695,ac3,6
"/pool/TV Shows/Ghost in the Shell - Stand Alone Complex/Season 2/Ghost in the Shell - Stand Alone Complex - S02E26 - IN - Return to Patriotism – ENDLESS∞GIG.mkv",mkv,hevc,1916x1036,746,ac3,6
"/pool/TV Shows/Ghost in the Shell - Stand Alone Complex/Season 2/Ghost in the Shell - Stand Alone Complex - S02E18 - DI - Angel's Poem – TRANS PARENT.mkv",mkv,hevc,1916x1036,702,ac3,6
"/pool/TV Shows/Ghost in the Shell - Stand Alone Complex/Season 2/Ghost in the Shell - Stand Alone Complex - S02E23 - IN - The Day the Bridge Falls – MARTIAL LAW.mkv",mkv,hevc,1916x1036,698,ac3,6
"/pool/TV Shows/Ghost in the Shell - Stand Alone Complex/Season 2/Ghost in the Shell - Stand Alone Complex - S02E01 - DI - Reactivation – REEMBODY.mkv",mkv,hevc,1916x1036,694,ac3,6
"/pool/TV Shows/Ghost in the Shell - Stand Alone Complex/Season 2/Ghost in the Shell - Stand Alone Complex - S02E10 - DI - One Angry Man – TRIAL.mkv",mkv,hevc,1916x1036,685,ac3,6
"/pool/TV Shows/Ghost in the Shell - Stand Alone Complex/Season 2/Ghost in the Shell - Stand Alone Complex - S02E15 - DI - Afternoon of the Machines – PAT.mkv",mkv,hevc,1916x1036,696,ac3,6
"/pool/TV Shows/Ghost in the Shell - Stand Alone Complex/Season 2/Ghost in the Shell - Stand Alone Complex - S02E22 - DU - Abandoned City – REVERSAL PROCESS.mkv",mkv,hevc,1916x1036,700,ac3,6
"/pool/TV Shows/Ghost in the Shell - Stand Alone Complex/Season 2/Ghost in the Shell - Stand Alone Complex - S02E03 - DI - Saturday Night and Sunday Morning – CASH EYE.mkv",mkv,hevc,1916x1036,688,ac3,6
"/pool/TV Shows/Ghost in the Shell - Stand Alone Complex/Season 2/Ghost in the Shell - Stand Alone Complex - S02E17 - DI - Mother and Child – RED DATA.mkv",mkv,hevc,1916x1036,697,ac3,6
"/pool/TV Shows/Ghost in the Shell - Stand Alone Complex/Season 2/Ghost in the Shell - Stand Alone Complex - S02E16 - IN - The Fact of Being There – ANOTHER CHANCE.mkv",mkv,hevc,1916x1036,698,ac3,6
"/pool/TV Shows/Ghost in the Shell - Stand Alone Complex/Season 2/Ghost in the Shell - Stand Alone Complex - S02E25 - IN - To the Other Side of Paradise – THIS SIDE OF JUSTICE.mkv",mkv,hevc,1916x1036,712,ac3,6
"/pool/TV Shows/Ghost in the Shell - Stand Alone Complex/Season 2/Ghost in the Shell - Stand Alone Complex - S02E14 - DI - Beware the Left Eye – POKER FACE.mkv",mkv,hevc,1916x1036,698,ac3,6
"/pool/TV Shows/Ghost in the Shell - Stand Alone Complex/Season 2/Ghost in the Shell - Stand Alone Complex - S02E24 - IN - Aerial Bombing of Dejima – NUCLEAR POWER.mkv",mkv,hevc,1916x1036,695,ac3,6
"/pool/TV Shows/Ghost in the Shell - Stand Alone Complex/Season 2/Ghost in the Shell - Stand Alone Complex - S02E08 - DI - Vegetarian Dinner – FAKE FOOD.mkv",mkv,hevc,1916x1036,698,ac3,6
"/pool/TV Shows/Ghost in the Shell - Stand Alone Complex/Season 2/Ghost in the Shell - Stand Alone Complex - S02E11 - IN - Kusanagi's Labyrinth – AFFECTION.mkv",mkv,hevc,1916x1036,690,ac3,6
"/pool/TV Shows/Ghost in the Shell - Stand Alone Complex/Season 2/Ghost in the Shell - Stand Alone Complex - S02E13 - DI - Face – MAKE UP.mkv",mkv,hevc,1916x1036,693,ac3,6
"/pool/TV Shows/Ghost in the Shell - Stand Alone Complex/Season 2/Ghost in the Shell - Stand Alone Complex - S02E09 - DU - The Hope Named Despair – AMBIVALENCE.mkv",mkv,hevc,1916x1036,685,ac3,6
"/pool/TV Shows/Reacher/Reacher - S03E06 - Smoke on the Water.mkv",mkv,hevc,1920x960,463,eac3,6
"/pool/TV Shows/Marvel's Moon Girl and Devil Dinosaur/Season 2/Marvel's Moon Girl and Devil Dinosaur - S02E19 - To Intervention and Beyond-er.mkv",mkv,hevc,1920x1080,640,eac3,6
"/pool/TV Shows/Marvel's Moon Girl and Devil Dinosaur/Season 2/Marvel's Moon Girl and Devil Dinosaur - S02E21 - A Devil-ish Birthday.mkv",mkv,hevc,1920x1080,502,eac3,6
"/pool/TV Shows/Marvel's Moon Girl and Devil Dinosaur/Season 2/Marvel's Moon Girl and Devil Dinosaur - S02E23 - Guess Who's Coming to Dinner.mkv",mkv,hevc,1280x720,240,aac,2
"/pool/TV Shows/Marvel's Moon Girl and Devil Dinosaur/Season 2/Marvel's Moon Girl and Devil Dinosaur - S02E22 - Party Girl.mkv",mkv,hevc,1280x720,257,aac,2
"/pool/TV Shows/Marvel's Moon Girl and Devil Dinosaur/Season 2/Marvel's Moon Girl and Devil Dinosaur - S02E24 - Shoot for the Moon.mkv",mkv,hevc,1280x720,311,aac,2
"/pool/TV Shows/Married at First Sight (AU)/Season 12/Married at First Sight (AU) - S12E37 - Episode 37.mp4",mp4,hevc,1280x720,708,aac,2
"/pool/TV Shows/Married at First Sight (AU)/Season 12/Married at First Sight (AU) - S12E36 - Episode 36.mp4",mp4,hevc,1280x720,659,aac,2
"/pool/TV Shows/Married at First Sight (AU)/Season 12/Married at First Sight (AU) - S12E21 - Episode 21.mkv",mkv,av1,1920x1080,387,aac,2
"/pool/TV Shows/Married at First Sight (AU)/Season 12/Married at First Sight (AU) - S12E15 - Episode 15.mp4",mp4,hevc,1280x720,583,aac,2
"/pool/TV Shows/Married at First Sight (AU)/Season 12/Married at First Sight (AU) - S12E38 - Episode 38.mp4",mp4,hevc,1280x720,573,aac,2
"/pool/TV Shows/Married at First Sight (AU)/Season 12/Married at First Sight (AU) - S12E39 - Episode 39.mp4",mp4,hevc,1280x720,694,aac,2
"/pool/TV Shows/Married at First Sight (AU)/Season 12/Married at First Sight (AU) - S12E14 - Episode 14.mp4",mp4,hevc,1280x720,586,aac,2
"/pool/TV Shows/Married at First Sight (AU)/Season 12/Married at First Sight (AU) - S12E17 - Episode 17.mp4",mp4,hevc,1280x720,682,aac,2
"/pool/TV Shows/Married at First Sight (AU)/Season 12/Married at First Sight (AU) - S12E16 - Episode 16.mkv",mkv,hevc,1920x1080,479,aac,2
"/pool/TV Shows/Married at First Sight (AU)/Season 12/Married at First Sight (AU) - S12E40 - Episode 40.mp4",mp4,hevc,1280x720,758,aac,2
"/pool/TV Shows/Future Man {tvdb-330997}/Season 1/S01E13 A Date with Destiny.mkv",mkv,hevc,1920x816,960,aac,6
"/pool/TV Shows/Future Man {tvdb-330997}/Season 1/S01E06 A Blowjob Before Dying.mkv",mkv,hevc,1920x816,956,aac,6
"/pool/TV Shows/Future Man {tvdb-330997}/Season 1/S01E03 A Riphole in Time.mkv",mkv,hevc,1920x816,948,aac,6
"/pool/TV Shows/Future Man {tvdb-330997}/Season 1/S01E02 Herpe Fully Loaded.mkv",mkv,hevc,1920x816,1019,aac,6
"/pool/TV Shows/Future Man {tvdb-330997}/Season 1/S01E05 Justice Desserts.mkv",mkv,hevc,1920x816,1220,aac,6
"/pool/TV Shows/Future Man {tvdb-330997}/Season 1/S01E01 Pilot.mkv",mkv,hevc,1920x816,1007,aac,6
"/pool/TV Shows/Future Man {tvdb-330997}/Season 1/S01E10 Operation Natal Attraction.mkv",mkv,hevc,1920x816,1039,aac,6
"/pool/TV Shows/Future Man {tvdb-330997}/Season 1/S01E12 Prelude to an Apocalypse.mkv",mkv,hevc,1920x816,1150,aac,6
"/pool/TV Shows/Future Man {tvdb-330997}/Season 1/S01E08 Girth, Wind & Fire.mkv",mkv,hevc,1920x816,1106,aac,6
"/pool/TV Shows/Future Man {tvdb-330997}/Season 1/S01E09 Operation Fatal Attraction.mkv",mkv,hevc,1920x816,1097,aac,6
"/pool/TV Shows/Future Man {tvdb-330997}/Season 1/S01E04 A Fuel's Errand.mkv",mkv,hevc,1920x816,1171,aac,6
"/pool/TV Shows/Future Man {tvdb-330997}/Season 1/S01E11 Beyond the TruffleDome.mkv",mkv,hevc,1920x816,1230,aac,6
"/pool/TV Shows/Future Man {tvdb-330997}/Season 1/S01E07 Pandora's Mailbox.mkv",mkv,hevc,1920x816,894,aac,6
"/pool/TV Shows/Russian Doll/Season 01/Russian Doll - S01E02 - The Great Escape.mkv",mkv,hevc,1920x960,926,eac3,6
"/pool/TV Shows/Russian Doll/Season 01/Russian Doll - S01E04 - Alan's Routine.mkv",mkv,hevc,1920x960,694,eac3,6
"/pool/TV Shows/Russian Doll/Season 01/Russian Doll - S01E01 - Nothing in This World Is Easy.mkv",mkv,hevc,1920x960,831,eac3,6
"/pool/TV Shows/Russian Doll/Season 01/Russian Doll - S01E06 - Reflection.mkv",mkv,hevc,1920x960,899,eac3,6
"/pool/TV Shows/Russian Doll/Season 01/Russian Doll - S01E03 - A Warm Body.mkv",mkv,hevc,1920x960,780,eac3,6
"/pool/TV Shows/Russian Doll/Season 01/Russian Doll - S01E08 - Ariadne.mkv",mkv,hevc,1920x960,1006,eac3,6
"/pool/TV Shows/Russian Doll/Season 01/Russian Doll - S01E07 - The Way Out.mkv",mkv,hevc,1920x960,868,eac3,6
"/pool/TV Shows/Russian Doll/Season 01/Russian Doll - S01E05 - Superiority Complex.mkv",mkv,hevc,1920x960,718,eac3,6
"/pool/TV Shows/Rick and Morty/S4/Rick and Morty - [04x03] - One Crew Over the Crewcoo's Morty.mkv",mkv,hevc,3840x2160,691,aac,6
"/pool/TV Shows/Rick and Morty/S4/Rick and Morty - [04x05] - Rattlestar Ricklactica.mkv",mkv,hevc,3840x2160,662,aac,6
"/pool/TV Shows/Rick and Morty/S4/Rick and Morty - [04x02] - The Old Man and the Seat.mkv",mkv,hevc,3840x2160,705,aac,6
"/pool/TV Shows/Rick and Morty/S4/Rick and Morty - [04x04] - Claw and Hoarder: Special Ricktim's Morty.mkv",mkv,hevc,3840x2160,694,aac,6
"/pool/TV Shows/Rick and Morty/S4/Rick and Morty - [04x01] - Edge of Tomorty: Rick Die Rickpeat.mkv",mkv,hevc,3840x2160,685,aac,6
"/pool/TV Shows/Rick and Morty/S4/Rick and Morty - [04x08] - The Vat of Acid Episode.mkv",mkv,hevc,3840x2160,688,aac,6
"/pool/TV Shows/Rick and Morty/Season 4/Rick and Morty - S04E03 - One Crew Over the Crewcoo's Morty.mkv",mkv,hevc,3840x2160,691,aac,6
"/pool/TV Shows/Rick and Morty/Season 4/Rick and Morty - S04E05 - Rattlestar Ricklactica.mkv",mkv,hevc,3840x2160,662,aac,6
"/pool/TV Shows/Rick and Morty/Season 4/Rick and Morty - S04E04 - Claw and Hoarder Special Ricktim's Morty.mkv",mkv,hevc,3840x2160,694,aac,6
"/pool/TV Shows/Rick and Morty/Season 4/Rick and Morty - S04E02 - the Old Man and the Seat.mkv",mkv,hevc,3840x2160,705,aac,6
"/pool/TV Shows/Rick and Morty/Season 4/Rick and Morty - S04E08 - the Vat of Acid Episode.mkv",mkv,hevc,3840x2160,688,aac,6
"/pool/TV Shows/Rick and Morty/Season 4/Rick and Morty - S04E01 - Edge of Tomorty Rick Die Rickpeat.mkv",mkv,hevc,3840x2160,685,aac,6
"/pool/TV Shows/Top Boy/Season 5/Top Boy - S05E05 - Has It Come To This.mkv",mkv,hevc,1920x960,584,aac,6
"/pool/TV Shows/Top Boy/Season 5/Top Boy - S05E03 - Birthday Party.mkv",mkv,hevc,1920x960,648,aac,6
"/pool/TV Shows/Top Boy/Season 5/Top Boy - S05E06 - If We Are Not Monsters.mkv",mkv,hevc,1920x960,573,aac,6
"/pool/TV Shows/Top Boy/Season 5/Top Boy - S05E01 - Step Back.mkv",mkv,hevc,1920x960,765,aac,6
"/pool/TV Shows/Top Boy/Season 5/Top Boy - S05E04 - The Food Is Killing Us.mkv",mkv,hevc,1920x960,501,aac,6
"/pool/TV Shows/Top Boy/Season 5/Top Boy - S05E02 - The Tour.mkv",mkv,hevc,1920x960,645,aac,6
"/pool/TV Shows/Satina {tvdb-382473}/Season 1/S01E01 - Bring Your Demon to Work Day.webm",webm,vp9,1920x1080,133,opus,2
"/pool/TV Shows/Satina {tvdb-382473}/Season 1/S01E03 - A Very Satina Christmas!.mkv",mkv,vp9,1920x1080,11,aac,2
"/pool/TV Shows/Satina {tvdb-382473}/Season 1/S01E02 - Satina Wants a Bedtime Story.mkv",mkv,vp9,1920x1080,18,aac,2
"/pool/TV Shows/Satina {tvdb-382473}/Season 0/dave is a virgin-BwslEyQAijE.mkv",mkv,vp9,1920x1080,1,aac,2
"/pool/TV Shows/Satina {tvdb-382473}/Season 0/Satina Has a Knife-zlIPFSoTn5g.webm",webm,vp9,1920x1080,2,opus,2
"/pool/TV Shows/Satina {tvdb-382473}/Season 0/Satina Wants a Glass of Water (Pilot)-UrywhCp1W1s.mp4",mp4,av1,1920x1080,21,aac,2
"/pool/TV Shows/Satina {tvdb-382473}/Season 0/lucia is thicc-f_8WS7VDBPM.mkv",mkv,vp9,1920x1080,8,aac,2
"/pool/TV Shows/South Park {tvdb-75897}/Season 1/South Park - S01E12 - Mecha-Streisand.mkv",mkv,hevc,1920x1080,1303,truehd,6
"/pool/TV Shows/South Park {tvdb-75897}/Season 1/South Park - S01E08 - Starvin' Marvin.mkv",mkv,hevc,1920x1080,1303,truehd,6
"/pool/TV Shows/South Park {tvdb-75897}/Season 1/South Park - S01E01 - Cartman Gets an Anal Probe.mkv",mkv,hevc,1440x1080,2324,truehd,6
"/pool/TV Shows/South Park {tvdb-75897}/Season 1/South Park - S01E09 - Mr. Hankey, the Christmas Poo.mkv",mkv,hevc,1920x1080,1419,truehd,6
"/pool/TV Shows/South Park {tvdb-75897}/Season 1/South Park - S01E04 - Big Gay Al's Big Gay Boat Ride.mkv",mkv,hevc,1920x1080,1319,truehd,6
"/pool/TV Shows/South Park {tvdb-75897}/Season 1/South Park - S01E10 - Damien.mkv",mkv,hevc,1920x1080,1381,truehd,6
"/pool/TV Shows/South Park {tvdb-75897}/Season 1/South Park - S01E05 - An Elephant Makes Love to a Pig.mkv",mkv,hevc,1920x1080,1244,truehd,6
"/pool/TV Shows/South Park {tvdb-75897}/Season 1/South Park - S01E06 - Death.mkv",mkv,hevc,1920x1080,1217,truehd,6
"/pool/TV Shows/South Park {tvdb-75897}/Season 1/South Park - S01E13 - Cartman's Mom Is a Dirty Slut.mkv",mkv,hevc,1920x1080,1430,truehd,6
"/pool/TV Shows/South Park {tvdb-75897}/Season 1/South Park - S01E07 - Pinkeye.mkv",mkv,hevc,1920x1080,1407,truehd,6
"/pool/TV Shows/South Park {tvdb-75897}/Season 1/South Park - S01E03 - Weight Gain 4000.mkv",mkv,hevc,1920x1080,1342,truehd,6
"/pool/TV Shows/South Park {tvdb-75897}/Season 1/South Park - S01E02 - Volcano.mkv",mkv,hevc,1920x1080,1220,truehd,6
"/pool/TV Shows/South Park {tvdb-75897}/Season 1/South Park - S01E11 - Tom's Rhinoplasty.mkv",mkv,hevc,1920x1080,1412,truehd,6
"/pool/TV Shows/South Park {tvdb-75897}/Season 21/South Park - S21E08 - Moss Piglets.mkv",mkv,hevc,1920x1080,221,aac,6
"/pool/TV Shows/South Park {tvdb-75897}/Season 21/South Park - S21E02 - Put It Down.mkv",mkv,hevc,1920x1080,237,aac,6
"/pool/TV Shows/South Park {tvdb-75897}/Season 21/South Park - S21E07 - Doubling Down.mkv",mkv,hevc,1920x1080,213,aac,6
"/pool/TV Shows/South Park {tvdb-75897}/Season 21/South Park - S21E03 - Holiday Special.mkv",mkv,hevc,1920x1080,221,aac,6
"/pool/TV Shows/South Park {tvdb-75897}/Season 21/South Park - S21E01 - White People Renovating Houses.mkv",mkv,hevc,1920x1080,271,aac,6
"/pool/TV Shows/South Park {tvdb-75897}/Season 21/South Park - S21E06 - Sons A Witches.mkv",mkv,hevc,1920x1080,233,aac,6
"/pool/TV Shows/South Park {tvdb-75897}/Season 21/South Park - S21E05 - Hummels & Heroin.mkv",mkv,hevc,1920x1080,233,aac,6
"/pool/TV Shows/South Park {tvdb-75897}/Season 21/South Park - S21E04 - Franchise Prequel.mkv",mkv,hevc,1920x1080,227,aac,6
"/pool/TV Shows/South Park {tvdb-75897}/Season 21/South Park - S21E09 - SUPER HARD PCness.mkv",mkv,hevc,1920x1080,235,aac,6
"/pool/TV Shows/South Park {tvdb-75897}/Season 21/South Park - S21E10 - Splatty Tomato.mkv",mkv,hevc,1920x1080,300,aac,6
"/pool/TV Shows/South Park {tvdb-75897}/Season 3/South Park - S03E11 - Chinpokomon.mkv",mkv,hevc,1280x714,81,aac,2
"/pool/TV Shows/South Park {tvdb-75897}/Season 3/South Park - S03E16 - Are You There God! It's Me, Jesus.mkv",mkv,hevc,1280x714,81,aac,2
"/pool/TV Shows/South Park {tvdb-75897}/Season 22/South Park - S22E06 - Time to Get Cereal.mkv",mkv,hevc,1920x1080,498,aac,6
"/pool/TV Shows/South Park {tvdb-75897}/Season 22/South Park - S22E05 - The Scoots.mkv",mkv,hevc,1920x1080,392,aac,6
"/pool/TV Shows/South Park {tvdb-75897}/Season 22/South Park - S22E03 - The Problem With a Poo.mkv",mkv,hevc,1920x1080,292,aac,6
"/pool/TV Shows/South Park {tvdb-75897}/Season 22/South Park - S22E04 - Tegridy Farms.mkv",mkv,hevc,1920x1080,423,aac,6
"/pool/TV Shows/South Park {tvdb-75897}/Season 22/South Park - S22E02 - A Boy and a Priest.mkv",mkv,hevc,1920x1080,318,aac,6
"/pool/TV Shows/South Park {tvdb-75897}/Season 22/South Park - S22E07 - Nobody Got Cereal.mkv",mkv,hevc,1920x1080,406,aac,6
"/pool/TV Shows/South Park {tvdb-75897}/Season 22/South Park - S22E01 - Dead Kids.mkv",mkv,hevc,1920x1080,336,aac,6
"/pool/TV Shows/South Park {tvdb-75897}/Season 22/South Park - S22E10 - Bike Parade.mkv",mkv,hevc,1920x1080,421,aac,6
"/pool/TV Shows/South Park {tvdb-75897}/Season 22/South Park - S22E08 - Buddha Box.mkv",mkv,hevc,1920x1080,376,aac,6
"/pool/TV Shows/South Park {tvdb-75897}/Season 22/South Park - S22E09 - Unfulfilled.mkv",mkv,hevc,1920x1080,444,aac,6
"/pool/TV Shows/South Park {tvdb-75897}/Season 15/South Park - S15E09 - The Last of the Meheecans.mkv",mkv,hevc,1280x720,131,aac,2
"/pool/TV Shows/South Park {tvdb-75897}/Season 15/South Park - S15E14 - The Poor Kid.mkv",mkv,hevc,1280x720,70,aac,2
"/pool/TV Shows/South Park {tvdb-75897}/Season 15/South Park - S15E13 - A History Channel Thanksgiving.mkv",mkv,hevc,1280x720,104,aac,2
"/pool/TV Shows/South Park {tvdb-75897}/Season 15/South Park - S15E11 - Broadway Bro Down.mkv",mkv,hevc,1280x720,84,aac,2
"/pool/TV Shows/South Park {tvdb-75897}/Season 9/South Park - S09E14 - Bloody Mary.mkv",mkv,hevc,1280x720,74,aac,2
"/pool/TV Shows/South Park {tvdb-75897}/Season 9/South Park - S09E03 - Wing.mkv",mkv,hevc,1280x720,85,aac,2
"/pool/TV Shows/South Park {tvdb-75897}/Season 9/South Park - S09E07 - Erection Day.mkv",mkv,hevc,1280x720,103,aac,2
"/pool/TV Shows/South Park {tvdb-75897}/Season 9/South Park - S09E06 - The Death of Eric Cartman.mkv",mkv,hevc,1280x720,75,aac,2
"/pool/TV Shows/South Park {tvdb-75897}/Season 9/South Park - S09E11 - Ginger Kids.mkv",mkv,hevc,1280x720,75,aac,2
"/pool/TV Shows/South Park {tvdb-75897}/Season 9/South Park - S09E09 - Marjorine.mkv",mkv,hevc,1280x720,71,aac,2
"/pool/TV Shows/South Park {tvdb-75897}/Season 9/South Park - S09E08 - Two Days Before the Day After Tomorrow.mkv",mkv,hevc,1280x720,117,aac,2
"/pool/TV Shows/South Park {tvdb-75897}/Season 9/South Park - S09E10 - Follow That Egg.mkv",mkv,hevc,1280x720,83,aac,2
"/pool/TV Shows/South Park {tvdb-75897}/Season 9/South Park - S09E04 - Best Friends Forever.mkv",mkv,hevc,1280x720,97,aac,2
"/pool/TV Shows/South Park {tvdb-75897}/Season 26/South Park - S26E04 - Deep Learning.mkv",mkv,hevc,1920x1080,180,aac,2
"/pool/TV Shows/South Park {tvdb-75897}/Season 2/South Park - S02E07 - City on the Edge of Forever (Flashbacks).mkv",mkv,hevc,1280x720,95,aac,2
"/pool/TV Shows/South Park {tvdb-75897}/Season 2/South Park - S02E10 - Chickenpox.mkv",mkv,hevc,1280x720,78,aac,2
"/pool/TV Shows/South Park {tvdb-75897}/Season 2/South Park - S02E17 - Gnomes.mkv",mkv,hevc,1280x720,83,aac,2
"/pool/TV Shows/South Park {tvdb-75897}/Season 2/South Park - S02E09 - Chef's Chocolate Salty Balls.mkv",mkv,hevc,1280x720,94,aac,2
"/pool/TV Shows/South Park {tvdb-75897}/Season 2/South Park - S02E13 - Cow Days.mkv",mkv,hevc,1280x720,101,aac,2
"/pool/TV Shows/South Park {tvdb-75897}/Season 2/South Park - S02E14 - Chef Aid.mkv",mkv,hevc,1280x720,88,aac,2
"/pool/TV Shows/South Park {tvdb-75897}/Season 2/South Park - S02E11 - Roger Ebert Should Lay Off the Fatty Foods.mkv",mkv,hevc,1280x720,90,aac,2
"/pool/TV Shows/South Park {tvdb-75897}/Season 2/South Park - S02E15 - Spookyfish.mkv",mkv,hevc,1280x720,82,aac,2
"/pool/TV Shows/South Park {tvdb-75897}/Season 2/South Park - S02E08 - Summer Sucks.mkv",mkv,hevc,1280x720,91,aac,2
"/pool/TV Shows/South Park {tvdb-75897}/Season 4/South Park - S04E16 - The Wacky Molestation Adventure.mkv",mkv,hevc,1280x720,94,aac,2
"/pool/TV Shows/South Park {tvdb-75897}/Season 4/South Park - S04E15 - Fat Camp.mkv",mkv,hevc,1280x720,75,aac,2
"/pool/TV Shows/South Park {tvdb-75897}/Season 4/South Park - S04E17 - A Very Crappy Christmas.mkv",mkv,hevc,1280x720,74,aac,2
"/pool/TV Shows/South Park {tvdb-75897}/Season 4/South Park - S04E11 - Fourth Grade.mkv",mkv,hevc,1280x720,89,aac,2
"/pool/TV Shows/South Park {tvdb-75897}/Season 7/S07E13 Butt Out.mkv",mkv,hevc,1920x1080,100,aac,2
"/pool/TV Shows/South Park {tvdb-75897}/Season 8/South Park - S08E01 - Good Times with Weapons.mkv",mkv,hevc,1280x720,124,aac,2
"/pool/TV Shows/South Park {tvdb-75897}/Season 8/South Park - S08E12 - Stupid Spoiled Whore Video Playset.mkv",mkv,hevc,1280x720,89,aac,2
"/pool/TV Shows/South Park {tvdb-75897}/Season 24/S24E01 The Pandemic Special.mkv",mkv,hevc,1920x1080,470,ac3,6
"/pool/TV Shows/South Park {tvdb-75897}/Season 13/South Park - S13E12 - The F Word.mkv",mkv,hevc,1920x1080,328,aac,6
"/pool/TV Shows/South Park {tvdb-75897}/Season 13/South Park - S13E10 - W.T.F.mkv",mkv,hevc,1920x1080,296,aac,6
"/pool/TV Shows/South Park {tvdb-75897}/Season 13/South Park - S13E03 - Margaritaville.mkv",mkv,hevc,1920x1080,255,aac,6
"/pool/TV Shows/South Park {tvdb-75897}/Season 13/South Park - S13E04 - Eat, Pray, Queef.mkv",mkv,hevc,1920x1080,269,aac,6
"/pool/TV Shows/South Park {tvdb-75897}/Season 13/South Park - S13E08 - Dead Celebrities.mkv",mkv,hevc,1920x1080,252,aac,6
"/pool/TV Shows/South Park {tvdb-75897}/Season 13/South Park - S13E13 - Dances With Smurfs.mkv",mkv,hevc,1920x1080,220,aac,6
"/pool/TV Shows/South Park {tvdb-75897}/Season 13/South Park - S13E05 - Fishsticks.mkv",mkv,hevc,1920x1080,261,aac,6
"/pool/TV Shows/South Park {tvdb-75897}/Season 13/South Park - S13E07 - Fatbeard.mkv",mkv,hevc,1920x1080,275,aac,6
"/pool/TV Shows/South Park {tvdb-75897}/Season 13/South Park - S13E06 - Pinewood Derby.mkv",mkv,hevc,1920x1080,272,aac,6
"/pool/TV Shows/South Park {tvdb-75897}/Season 13/South Park - S13E02 - The Coon.mkv",mkv,hevc,1920x1080,291,aac,6
"/pool/TV Shows/South Park {tvdb-75897}/Season 13/South Park - S13E14 - Pee.mkv",mkv,hevc,1920x1080,351,aac,6
"/pool/TV Shows/South Park {tvdb-75897}/Season 13/South Park - S13E09 - Butters' Bottom Bitch.mkv",mkv,hevc,1920x1080,258,aac,6
"/pool/TV Shows/South Park {tvdb-75897}/Season 13/South Park - S13E01 - The Ring.mkv",mkv,hevc,1920x1080,322,aac,6
"/pool/TV Shows/South Park {tvdb-75897}/Season 13/South Park - S13E11 - Whale Whores.mkv",mkv,hevc,1920x1080,338,aac,6
"/pool/TV Shows/South Park {tvdb-75897}/Season 20/South Park - S20E09 - Not Funny.mkv",mkv,hevc,1280x720,78,aac,2
"/pool/TV Shows/South Park {tvdb-75897}/Season 20/South Park - S20E06 - Fort Collins.mkv",mkv,hevc,1280x720,95,aac,2
"/pool/TV Shows/Damo and Darren/Season 1/Damo and Darren S01E02 Skatepark.mkv",mkv,vp9,1920x1080,29,aac,2
"/pool/TV Shows/Star Trek- Prodigy {tvdb-385811}/Season 1/Star.Trek.Prodigy.S01E14.720p.WEB.x265-MiNX[TGx].mkv",mkv,hevc,1280x544,161,aac,2
"/pool/TV Shows/Star Trek- Prodigy {tvdb-385811}/Season 2/Star Trek - Prodigy - S02E18 - Behind Enemy Lines.mkv",mkv,hevc,1920x1080,234,eac3,6
"/pool/TV Shows/Star Trek- Prodigy {tvdb-385811}/Season 2/Star Trek - Prodigy - S02E14 - The Mirror Universe.mkv",mkv,hevc,1920x1080,269,eac3,6
"/pool/TV Shows/Star Trek- Prodigy {tvdb-385811}/Season 2/Star Trek - Prodigy - S02E13 - A Tribule Named Bridule.mkv",mkv,hevc,1920x1080,262,eac3,6
"/pool/TV Shows/Star Trek- Prodigy {tvdb-385811}/Season 2/Star Trek - Prodigy - S02E15 - The Ascent (1).mkv",mkv,hevc,1920x1080,266,eac3,6
"/pool/TV Shows/The Orville/Season 2/The Orville - [02x13] - Tomorrow, and Tomorrow, and Tomorrow.mkv",mkv,hevc,1920x1080,1153,eac3,6
"/pool/TV Shows/The Orville/Season 2/The Orville - [02x10] - Blood of Patriots.mkv",mkv,hevc,1920x1080,1235,eac3,6
"/pool/TV Shows/The Orville/Season 2/The Orville - [02x06] - A Happy Refrain.mkv",mkv,hevc,1920x1080,1463,eac3,6
"/pool/TV Shows/The Orville/Season 2/The Orville - [02x12] - Sanctuary.mkv",mkv,hevc,1920x1080,1335,eac3,6
"/pool/TV Shows/The Orville/Season 2/The Orville - [02x05] - All the World is Birthday Cake.mkv",mkv,hevc,1920x1080,1603,eac3,6
"/pool/TV Shows/The Orville/Season 2/The Orville - [02x07] - Deflectors.mkv",mkv,hevc,1920x1080,1428,eac3,6
"/pool/TV Shows/The Orville/Season 2/The Orville - [02x14] - The Road Not Taken.mkv",mkv,hevc,1920x1080,1424,eac3,6
"/pool/TV Shows/The Orville/Season 2/The Orville - [02x11] - Lasting Impressions.mkv",mkv,hevc,1920x1080,1157,eac3,6
"/pool/TV Shows/The Orville/Season 2/The Orville - [02x08] - Identity (1).mkv",mkv,hevc,1920x1080,1471,eac3,6
"/pool/TV Shows/The Orville/Season 2/The Orville - [02x09] - Identity (2).mkv",mkv,hevc,1920x1080,1561,eac3,6
"/pool/TV Shows/The Orville/Season 2/The Orville - [02x04] - Nothing Left on Earth Excepting Fishes.mkv",mkv,hevc,1920x1080,1682,eac3,6
"/pool/TV Shows/The Orville/Season 2/The Orville - [02x03] - Home.mkv",mkv,hevc,1920x1080,1347,eac3,6
"/pool/TV Shows/The Orville/Season 2/The Orville - [02x02] - Primal Urges.mkv",mkv,hevc,1920x1080,1751,eac3,6
"/pool/TV Shows/The Orville/Season 2/The Orville - [02x01] - Ja'loja.mkv",mkv,hevc,1920x1080,1310,eac3,6
"/pool/TV Shows/The Orville/Season 01/The Orville - S01E12 - Mad Idolatry.mp4",mp4,hevc,1920x1080,697,aac,6
"/pool/TV Shows/The Orville/Season 01/The Orville - S01E01 - Old Wounds.mp4",mp4,hevc,1920x1080,719,aac,6
"/pool/TV Shows/The Orville/Season 01/The Orville - S01E08 - Into the Fold.mp4",mp4,hevc,1920x1080,702,aac,6
"/pool/TV Shows/The Orville/Season 01/The Orville - S01E11 - New Dimensions.mp4",mp4,hevc,1920x1080,697,aac,6
"/pool/TV Shows/The Orville/Season 01/The Orville - S01E07 - Majority Rule.mp4",mp4,hevc,1920x1080,702,aac,6
"/pool/TV Shows/The Orville/Season 01/The Orville - S01E09 - Cupid's Dagger.mp4",mp4,hevc,1920x1080,701,aac,6
"/pool/TV Shows/The Orville/Season 01/The Orville - S01E10 - Firestorm.mp4",mp4,hevc,1920x1080,686,aac,6
"/pool/TV Shows/The Orville/Season 01/The Orville - S01E04 - If the Stars Should Appear.mp4",mp4,hevc,1920x1080,682,aac,6
"/pool/TV Shows/The Orville/Season 01/The Orville - S01E05 - Pria.mp4",mp4,hevc,1920x1080,700,aac,6
"/pool/TV Shows/The Orville/Season 01/The Orville - S01E06 - Krill.mp4",mp4,hevc,1920x1080,701,aac,6
"/pool/TV Shows/The Orville/Season 01/The Orville - S01E02 - Command Performance.mp4",mp4,hevc,1920x1080,700,aac,6
"/pool/TV Shows/The Orville/Season 01/The Orville - S01E03 - About a Girl.mp4",mp4,hevc,1920x1080,702,aac,6
"/pool/TV Shows/Cyber City Oedo 808 {tvdb-81931}/S01E02 - Data 2: The Decoy Program.mkv",mkv,hevc,1440x1080,6622,dts,2
"/pool/TV Shows/Cyber City Oedo 808 {tvdb-81931}/S01E01 - Data 1: Memories of the Past.mkv",mkv,hevc,1440x1080,8374,dts,2
"/pool/TV Shows/Cyber City Oedo 808 {tvdb-81931}/S01E03 - Data 3: Crimson Media.mkv",mkv,hevc,1440x1080,6172,dts,2
"/pool/TV Shows/Star Trek - Discovery {tvdb-328711}/Season 1/Star Trek - Discovery - S01E02 - Battle at the Binary Stars.mkv",mkv,hevc,1920x1080,1057,ac3,6
"/pool/TV Shows/Star Trek - Discovery {tvdb-328711}/Season 1/Star Trek - Discovery - S01E06 - Lethe.mkv",mkv,hevc,1920x1080,1422,ac3,6
"/pool/TV Shows/Star Trek - Discovery {tvdb-328711}/Season 1/Star Trek - Discovery - S01E09 - Into the Forest I Go.mkv",mkv,hevc,1920x1080,1740,ac3,6
"/pool/TV Shows/Star Trek - Discovery {tvdb-328711}/Season 1/Star Trek - Discovery - S01E13 - What's Past is Prologue.mkv",mkv,hevc,1920x1080,1115,ac3,6
"/pool/TV Shows/Star Trek - Discovery {tvdb-328711}/Season 1/Star Trek - Discovery - S01E07 - Magic to Make the Sanest Man Go Mad.mkv",mkv,hevc,1920x1080,1752,ac3,6
"/pool/TV Shows/Star Trek - Discovery {tvdb-328711}/Season 1/Star Trek - Discovery - S01E05 - Choose Your Pain.mkv",mkv,hevc,1920x1080,1600,ac3,6
"/pool/TV Shows/Star Trek - Discovery {tvdb-328711}/Season 1/Star Trek - Discovery - S01E10 - Despite Yourself.mkv",mkv,hevc,1920x1080,1176,ac3,6
"/pool/TV Shows/Star Trek - Discovery {tvdb-328711}/Season 1/Star Trek - Discovery - S01E12 - Vaulting Ambition.mkv",mkv,hevc,1920x1080,718,ac3,6
"/pool/TV Shows/Star Trek - Discovery {tvdb-328711}/Season 1/Star Trek - Discovery - S01E15 - Will You Take My Hand.mkv",mkv,hevc,1920x1080,874,ac3,6
"/pool/TV Shows/Star Trek - Discovery {tvdb-328711}/Season 1/Star Trek - Discovery - S01E01 - The Vulcan Hello.mkv",mkv,hevc,1920x1080,896,ac3,6
"/pool/TV Shows/Star Trek - Discovery {tvdb-328711}/Season 1/Star Trek - Discovery - S01E14 - The War Without, the War Within.mkv",mkv,hevc,1920x1080,930,ac3,6
"/pool/TV Shows/Star Trek - Discovery {tvdb-328711}/Season 1/Star Trek - Discovery - S01E04 - The Butcher's Knife Cares Not for the Lamb's Cry.mkv",mkv,hevc,1920x1080,1919,ac3,6
"/pool/TV Shows/Star Trek - Discovery {tvdb-328711}/Season 1/Star Trek - Discovery - S01E03 - Context Is for Kings.mkv",mkv,hevc,1920x1080,1225,ac3,6
"/pool/TV Shows/Star Trek - Discovery {tvdb-328711}/Season 1/Star Trek - Discovery - S01E11 - The Wolf Inside.mkv",mkv,hevc,1920x1080,1144,ac3,6
"/pool/TV Shows/Star Trek - Discovery {tvdb-328711}/Season 1/Star Trek - Discovery - S01E08 - Si Vis Pacem, Para Bellum.mkv",mkv,hevc,1920x1080,1325,ac3,6
"/pool/TV Shows/Star Trek - Discovery {tvdb-328711}/Season 3/S03E05 - Die Trying.mkv",mkv,hevc,1920x800,1053,aac,6
"/pool/TV Shows/Star Trek - Discovery {tvdb-328711}/Season 3/S03E03 - People of Earth.mkv",mkv,hevc,1920x800,923,aac,6
"/pool/TV Shows/Star Trek - Discovery {tvdb-328711}/Season 3/S03E07 - Unification III.mkv",mkv,hevc,1920x800,791,aac,6
"/pool/TV Shows/Star Trek - Discovery {tvdb-328711}/Season 3/S03E08 - The Sanctuary.mkv",mkv,hevc,1920x800,1122,aac,6
"/pool/TV Shows/Star Trek - Discovery {tvdb-328711}/Season 3/S03E12 - There is a Tide….mkv",mkv,hevc,1920x800,972,aac,6
"/pool/TV Shows/Star Trek - Discovery {tvdb-328711}/Season 3/S03E09 - Terra Firma (1).mkv",mkv,hevc,1920x800,819,aac,6
"/pool/TV Shows/Star Trek - Discovery {tvdb-328711}/Season 3/S03E13 - That Hope Is You (2).mkv",mkv,hevc,1920x800,1323,aac,6
"/pool/TV Shows/Star Trek - Discovery {tvdb-328711}/Season 3/S03E02 - Far from Home.mkv",mkv,hevc,1920x800,1116,aac,6
"/pool/TV Shows/Star Trek - Discovery {tvdb-328711}/Season 3/S03E04 - Forget Me Not.mkv",mkv,hevc,1920x800,1028,aac,6
"/pool/TV Shows/Star Trek - Discovery {tvdb-328711}/Season 3/S03E01 - That Hope Is You (1).mkv",mkv,hevc,1920x800,1238,aac,6
"/pool/TV Shows/Star Trek - Discovery {tvdb-328711}/Season 3/S03E10 - Terra Firma (2).mkv",mkv,hevc,1920x800,921,aac,6
"/pool/TV Shows/Star Trek - Discovery {tvdb-328711}/Season 3/S03E11 - Su'Kal.mkv",mkv,hevc,1920x800,882,aac,6
"/pool/TV Shows/Star Trek - Discovery {tvdb-328711}/Season 3/S03E06 - Scavengers.mkv",mkv,hevc,1920x800,970,aac,6
"/pool/TV Shows/Star Trek - Discovery {tvdb-328711}/S4/Star Trek: Discovery - [04x01] - Kobayashi Maru.mkv",mkv,hevc,3840x2160,5451,eac3,6
"/pool/TV Shows/Star Trek - Discovery {tvdb-328711}/Season 2/Star Trek - Discovery - S02E07 - Light and Shadows.mkv",mkv,hevc,1920x1080,758,ac3,6
"/pool/TV Shows/Star Trek - Discovery {tvdb-328711}/Season 2/Star Trek - Discovery - S02E10 - The Red Angel.mkv",mkv,hevc,1920x1080,756,ac3,6
"/pool/TV Shows/Star Trek - Discovery {tvdb-328711}/Season 2/Star Trek - Discovery - S02E13 - Such Sweet Sorrow (1).mkv",mkv,hevc,1920x1080,897,ac3,6
"/pool/TV Shows/Star Trek - Discovery {tvdb-328711}/Season 2/Star Trek - Discovery - S02E01 - Brother.mkv",mkv,hevc,1920x1080,1146,ac3,6
"/pool/TV Shows/Star Trek - Discovery {tvdb-328711}/Season 2/Star Trek - Discovery - S02E09 - Project Daedalus.mkv",mkv,hevc,1920x1080,1073,ac3,6
"/pool/TV Shows/Star Trek - Discovery {tvdb-328711}/Season 2/Star Trek - Discovery - S02E11 - Perpetual Infinity.mkv",mkv,hevc,1920x1080,805,ac3,6
"/pool/TV Shows/Star Trek - Discovery {tvdb-328711}/Season 2/Star Trek - Discovery - S02E05 - Saints of Imperfection.mkv",mkv,hevc,1920x1080,1049,ac3,6
"/pool/TV Shows/Star Trek - Discovery {tvdb-328711}/Season 2/Star Trek - Discovery - S02E04 - An Obol for Charon.mkv",mkv,hevc,1920x1080,961,ac3,6
"/pool/TV Shows/Star Trek - Discovery {tvdb-328711}/Season 2/Star Trek - Discovery - S02E08 - If Memory Serves.mkv",mkv,hevc,1920x1080,885,ac3,6
"/pool/TV Shows/Star Trek - Discovery {tvdb-328711}/Season 2/Star Trek - Discovery - S02E06 - The Sound of Thunder.mkv",mkv,hevc,1920x1080,1165,ac3,6
"/pool/TV Shows/Star Trek - Discovery {tvdb-328711}/Season 2/Star Trek - Discovery - S02E12 - Through the Valley of Shadows.mkv",mkv,hevc,1920x1080,824,ac3,6
"/pool/TV Shows/Star Trek - Discovery {tvdb-328711}/Season 2/Star Trek - Discovery - S02E03 - Point of Light.mkv",mkv,hevc,1920x1080,857,ac3,6
"/pool/TV Shows/Star Trek - Discovery {tvdb-328711}/Season 2/Star Trek - Discovery - S02E14 - Such Sweet Sorrow (2).mkv",mkv,hevc,1920x1080,1599,ac3,6
"/pool/TV Shows/Star Trek - Discovery {tvdb-328711}/Season 2/Star Trek - Discovery - S02E02 - New Eden.mkv",mkv,hevc,1920x1080,716,ac3,6
"/pool/TV Shows/Star Trek- Strange New Worlds {tvdb-382389}/Season 2/Star Trek - Strange New Worlds - S02E07 - Those Old Scientists.mkv",mkv,hevc,1280x720,176,aac,2
"/pool/TV Shows/Star Trek- Strange New Worlds {tvdb-382389}/S1/Star.Trek.Strange.New.Worlds.S01E03.2160p.WEB-DL.DDP5.1.DV.MP4.x265-DVSUX[rartv]/Star.Trek.Strange.New.Worlds.S01E03.2160p.WEB-DL.DDP5.1.DV.MP4.x265-DVSUX.mp4",mp4,hevc,3840x2160,4567,eac3,6
"/pool/TV Shows/Documentary Now!/Documentary Now! - S03E01 - Batsh-t Valley (1).mp4",mp4,hevc,1920x1080,344,aac,2
"/pool/TV Shows/Documentary Now!/Documentary Now! - S02E06 - Mr. Runner Up - My Life as an Oscar Bridesmaid (1).mp4",mp4,hevc,1920x1080,320,aac,2
"/pool/TV Shows/Documentary Now!/Documentary Now! - S02E07 - Mr. Runner Up - My Life as an Oscar Bridesmaid (2).mp4",mp4,hevc,1920x1080,352,aac,2
"/pool/TV Shows/Documentary Now!/Documentary Now! - S03E02 - Batsh-t Valley (2).mp4",mp4,hevc,1920x1080,344,aac,2
"/pool/TV Shows/Documentary Now!/Documentary Now! - S03E05 - Searching for Mr. Larson - A Love Letter from the Far Side.mp4",mp4,hevc,1920x1080,344,aac,2
"/pool/TV Shows/Documentary Now!/Documentary Now! - S02E03 - Parker Gail's Location Is Everything.mp4",mp4,hevc,1920x1080,336,aac,2
"/pool/TV Shows/Documentary Now!/Documentary Now! - S02E02 - Juan Likes Rice & Chicken.mp4",mp4,hevc,1920x1080,344,aac,2
"/pool/TV Shows/Documentary Now!/Documentary Now! - S02E05 - Final Transmission.mp4",mp4,hevc,1920x1080,400,aac,2
"/pool/TV Shows/Documentary Now!/Documentary Now! - S03E06 - Long Gone.mp4",mp4,hevc,1920x1080,344,aac,2
"/pool/TV Shows/Documentary Now!/Documentary Now! - S03E03 - Original Cast Album - Co-Op.mp4",mp4,hevc,1920x1080,391,aac,2
"/pool/TV Shows/Documentary Now!/Documentary Now! - S02E01 - The Bunker.mp4",mp4,hevc,1920x1080,344,aac,2
"/pool/TV Shows/Documentary Now!/Documentary Now! - S02E04 - Globesman.mp4",mp4,hevc,1920x1080,379,aac,2
"/pool/TV Shows/Documentary Now!/Documentary Now! - S03E04 - Waiting for the Artist.mp4",mp4,hevc,1920x1080,416,aac,2
"/pool/TV Shows/Documentary Now!/Documentary Now! - S03E07 - Any Given Saturday Afternoon.mp4",mp4,hevc,1920x1080,392,aac,2
"/pool/TV Shows/The Bear/Season 3/The Bear - S03E03 - Doors.mkv",mkv,hevc,1920x1080,238,eac3,6
"/pool/TV Shows/The Bear/Season 3/The Bear - S03E01 - Tomorrow.mkv",mkv,hevc,1920x1080,275,eac3,6
"/pool/TV Shows/The Bear/Season 3/The Bear - S03E10 - Forever.mkv",mkv,hevc,1920x1080,302,eac3,6
"/pool/TV Shows/The Bear/Season 3/The Bear - S03E02 - Next.mkv",mkv,hevc,1920x1080,235,eac3,6
"/pool/TV Shows/The Bear/Season 3/The Bear - S03E05 - Children.mkv",mkv,hevc,1920x1080,246,eac3,6
"/pool/TV Shows/11.22.63/11.22.63 - S01E07 - Soldier Boy.mkv",mkv,hevc,1920x952,927,eac3,6
"/pool/TV Shows/11.22.63/11.22.63 - S01E05 - The Truth.mkv",mkv,hevc,1920x952,717,eac3,6
"/pool/TV Shows/11.22.63/11.22.63 - S01E03 - Other Voices, Other Rooms.mkv",mkv,hevc,1920x952,1293,eac3,6
"/pool/TV Shows/11.22.63/11.22.63 - S01E02 - The Kill Floor.mkv",mkv,hevc,1920x952,1355,eac3,6
"/pool/TV Shows/11.22.63/11.22.63 - S01E08 - The Day in Question.mkv",mkv,hevc,1920x952,1338,eac3,6
"/pool/TV Shows/11.22.63/11.22.63 - S01E04 - The Eyes of Texas.mkv",mkv,hevc,1920x952,1048,eac3,6
"/pool/TV Shows/11.22.63/11.22.63 - S01E01 - The Rabbit Hole.mkv",mkv,hevc,1920x960,2237,eac3,6
"/pool/TV Shows/11.22.63/11.22.63 - S01E06 - Happy Birthday, Lee Harvey Oswald.mkv",mkv,hevc,1920x952,831,eac3,6
"/pool/TV Shows/The Crowded Room/Season 1/The Crowded Room - S01E04 - London.mkv",mkv,hevc,1920x1080,1220,eac3,6
"/pool/TV Shows/The Crowded Room/Season 1/The Crowded Room - S01E09 - Family.mkv",mkv,hevc,1920x1080,1239,eac3,6
"/pool/TV Shows/The Crowded Room/Season 1/The Crowded Room - S01E05 - Savior.mkv",mkv,hevc,1920x1080,1167,eac3,6
"/pool/TV Shows/The Crowded Room/Season 1/The Crowded Room - S01E10 - Judgment.mkv",mkv,hevc,1920x1080,1256,eac3,6
"/pool/TV Shows/The Crowded Room/Season 1/The Crowded Room - S01E02 - Sanctuary.mkv",mkv,hevc,1920x1080,1231,eac3,6
"/pool/TV Shows/The Crowded Room/Season 1/The Crowded Room - S01E06 - Rya.mkv",mkv,hevc,1920x1080,1569,eac3,6
"/pool/TV Shows/The Crowded Room/Season 1/The Crowded Room - S01E03 - Murder.mkv",mkv,hevc,1920x1080,1156,eac3,6
"/pool/TV Shows/The Crowded Room/Season 1/The Crowded Room - S01E07 - The Crowded Room.mkv",mkv,hevc,1920x1080,1108,eac3,6
"/pool/TV Shows/The Crowded Room/Season 1/The Crowded Room - S01E08 - Reunion.mkv",mkv,hevc,1920x1080,1298,eac3,6
"/pool/TV Shows/The Crowded Room/Season 1/The Crowded Room - S01E01 - Exodus.mkv",mkv,hevc,1920x1080,2023,eac3,6
"/pool/TV Shows/The Big Lez Show {tvdb-279220}/Season 1/S01E09 - THE CLIFF HANGER.mkv",mkv,vp9,640x480,6,aac,2
"/pool/TV Shows/The Big Lez Show {tvdb-279220}/Season 1/S01E11 - CHOOMAH ISLAND.mkv",mkv,vp9,640x480,28,aac,2
"/pool/TV Shows/The Big Lez Show {tvdb-279220}/Season 1/S01E04 - MEET MIKE NOLAN.mkv",mkv,vp9,640x480,2,aac,2
"/pool/TV Shows/The Big Lez Show {tvdb-279220}/Season 1/S01E05 - FATHER'S DAY.mkv",mkv,vp9,640x480,2,aac,2
"/pool/TV Shows/The Big Lez Show {tvdb-279220}/Season 1/S01E06 - DAY AT THE BEACH.mkv",mkv,vp9,640x480,2,aac,2
"/pool/TV Shows/The Big Lez Show {tvdb-279220}/Season 1/S01E02 - THE VOLCANO BONG.mkv",mkv,vp9,640x480,3,aac,2
"/pool/TV Shows/The Big Lez Show {tvdb-279220}/Season 1/S01E08 - LEZ AND QUINTON CHARGE THE SCOOBY DOO SPOOKY COASTER.mkv",mkv,vp9,640x480,3,aac,2
"/pool/TV Shows/The Big Lez Show {tvdb-279220}/Season 1/S01E07 - QUINTON'S BIRTHDAY.mkv",mkv,vp9,640x480,2,aac,2
"/pool/TV Shows/The Big Lez Show {tvdb-279220}/Season 1/S01E03 - NORTON'S REVENGE.mkv",mkv,vp9,640x480,2,aac,2
"/pool/TV Shows/The Big Lez Show {tvdb-279220}/Season 1/S01E10 - THE BRUTAL TRUTH (SEASON FINALE).mkv",mkv,vp9,640x480,6,aac,2
"/pool/TV Shows/The Big Lez Show {tvdb-279220}/Season 1/S01E01 - THE FLOWERS.mkv",mkv,vp9,640x480,3,aac,2
"/pool/TV Shows/The Big Lez Show {tvdb-279220}/Season 3/S03E08 - LEZ'S SECRET REVEALED.mp4",mp4,av1,1920x1080,29,aac,2
"/pool/TV Shows/The Big Lez Show {tvdb-279220}/Season 3/S03E07 - BINDI'S.mp4",mp4,av1,1920x1080,33,aac,2
"/pool/TV Shows/The Big Lez Show {tvdb-279220}/Season 3/S03E09 - POTADAHEAD.mp4",mp4,av1,1920x1080,53,aac,2
"/pool/TV Shows/The Big Lez Show {tvdb-279220}/Season 3/S03E03 - AHOW.mkv",mkv,vp9,1920x1080,15,aac,2
"/pool/TV Shows/The Big Lez Show {tvdb-279220}/Season 3/S03E06 - YOWEED-SUN.mp4",mp4,av1,1920x1080,22,aac,2
"/pool/TV Shows/The Big Lez Show {tvdb-279220}/Season 3/S03E01 - SKITS ROOF HANGS.mkv",mkv,vp9,1920x1080,14,aac,2
"/pool/TV Shows/The Big Lez Show {tvdb-279220}/Season 3/S03E04 .mp4",mp4,av1,1920x1080,24,aac,2
"/pool/TV Shows/The Big Lez Show {tvdb-279220}/Season 3/S03E05 - LEZ'S SECRET.mkv",mkv,vp9,1920x1080,19,aac,2
"/pool/TV Shows/The Big Lez Show {tvdb-279220}/Season 3/S03E10 - CHOOMAH ISLAND 2.mkv",mkv,vp9,1920x1080,290,aac,2
"/pool/TV Shows/The Big Lez Show {tvdb-279220}/Season 3/S03E02 - YEAH NAH, MATE.mkv",mkv,vp9,1920x1080,17,aac,2
"/pool/TV Shows/The Big Lez Show {tvdb-279220}/Specials/CHOOMAH ISLAND 2 (MOVIE TRAILER).mkv",mkv,vp9,1920x1080,9,aac,2
"/pool/TV Shows/The Big Lez Show {tvdb-279220}/Season 2/S02E06 - LIFE IN THE CAN.mkv",mkv,vp9,854x480,9,aac,2
"/pool/TV Shows/The Big Lez Show {tvdb-279220}/Season 2/S02E10 - ATTACK OF THE CHOOMAHS (PART 2).mkv",mkv,vp9,854x480,17,aac,2
"/pool/TV Shows/The Big Lez Show {tvdb-279220}/Season 2/S02E07 - Never Again Land.mkv",mkv,vp9,854x480,19,aac,2
"/pool/TV Shows/The Big Lez Show {tvdb-279220}/Season 2/S02E04 - BIRTHDAY BASH.mkv",mkv,vp9,854x480,16,aac,2
"/pool/TV Shows/The Big Lez Show {tvdb-279220}/Season 2/S02E09 - ATTACK OF THE CHOOMAHS (PART 1).mkv",mkv,vp9,854x480,11,aac,2
"/pool/TV Shows/The Big Lez Show {tvdb-279220}/Season 2/S02E01 - THEY'RE BACK.mkv",mkv,vp9,640x480,10,aac,2
"/pool/TV Shows/The Big Lez Show {tvdb-279220}/Season 2/S02E08 - GOIN' BACK.mkv",mkv,vp9,854x480,11,aac,2
"/pool/TV Shows/The Big Lez Show {tvdb-279220}/Season 2/S02E03 - WHERE'S THE GOLD.mkv",mkv,vp9,720x480,4,aac,2
"/pool/TV Shows/The Big Lez Show {tvdb-279220}/Season 2/S02E05 - BUSTED.mkv",mkv,vp9,854x480,11,aac,2
"/pool/TV Shows/The Big Lez Show {tvdb-279220}/Season 2/S02E02 - THE TRIPPA SNIPPA.mkv",mkv,vp9,640x480,6,aac,2
"/pool/TV Shows/The Big Lez Show {tvdb-279220}/Season 4/S04E01 - I'M ON A SKITS MISSION.mkv",mkv,vp9,1920x1080,79,aac,2
"/pool/TV Shows/The Big Lez Show {tvdb-279220}/Season 4/S04E04 - WORD FROM THE KING.mkv",mkv,vp9,1920x1080,67,aac,2
"/pool/TV Shows/The Big Lez Show {tvdb-279220}/Season 4/S04E02 - PLAC-KEY.mkv",mkv,vp9,1280x720,76,aac,2
"/pool/TV Shows/The Big Lez Show {tvdb-279220}/Season 4/S04E03 - VINALLY.webm",webm,vp9,1920x1080,30,opus,2
"/pool/TV Shows/The Big Lez Show {tvdb-279220}/Season 4/S04E05 - CHOOMAH ISLAND 3 - DENOUEMENT.mkv",mkv,vp9,1920x1080,511,aac,2
"/pool/TV Shows/Moonhaven/Season 1/Moonhaven.S01E04.1080p.WEBRip.x265-RARBG.mp4",mp4,hevc,1920x960,712,aac,6
"/pool/TV Shows/Moonhaven/Season 1/Moonhaven.S01E01.1080p.WEBRip.x265-RARBG.mp4",mp4,hevc,1920x960,999,aac,6
"/pool/TV Shows/Moonhaven/Season 1/Moonhaven.S01E03.1080p.WEBRip.x265-RARBG.mp4",mp4,hevc,1920x960,693,aac,6
"/pool/TV Shows/Moonhaven/Season 1/Moonhaven.S01E02.1080p.WEBRip.x265-RARBG.mp4",mp4,hevc,1920x960,798,aac,6
"/pool/TV Shows/Moonhaven/Season 1/Moonhaven.S01E06.1080p.WEBRip.x265-RARBG.mp4",mp4,hevc,1920x960,653,aac,6
"/pool/TV Shows/Moonhaven/Season 1/Moonhaven.S01E05.1080p.WEBRip.x265-RARBG.mp4",mp4,hevc,1920x960,682,aac,6
"/pool/TV Shows/The Mike Noland Show {tvdb-314878}/Season 1/S01E05 - Lantana Bush.mkv",mkv,vp9,1920x1080,40,aac,2
"/pool/TV Shows/The Mike Noland Show {tvdb-314878}/Season 1/The Mike Nolan Show ｜ EP01 ｜ Yeah Nah Yeah [uuc9frxacfE].webm",webm,vp9,1920x1080,20,opus,2
"/pool/TV Shows/The Mike Noland Show {tvdb-314878}/Season 1/The Mike Nolan Show ｜ EP03 ｜ Anotha Day Anotha Dolla [v4e-LLFx0Vg].webm",webm,vp9,1920x1080,18,opus,2
"/pool/TV Shows/The Mike Noland Show {tvdb-314878}/Season 1/S01E02 - FTC.mp4",mp4,av1,1920x1080,22,aac,2
"/pool/TV Shows/The Mike Noland Show {tvdb-314878}/Season 1/The Mike Nolan Show ｜ EP02 ｜ FTC [U6Hkc9VGiXQ].webm",webm,vp9,1920x1080,20,opus,2
"/pool/TV Shows/The Mike Noland Show {tvdb-314878}/Season 1/S01E04 - Ding Dong Delli.mp4",mp4,av1,1920x1080,27,aac,2
"/pool/TV Shows/The Mike Noland Show {tvdb-314878}/Season 1/The Mike Nolan Show ｜ EP05 ｜ Lantana Bush [XfkuFyZ8Sqg].webm",webm,vp9,1920x1080,39,opus,2
"/pool/TV Shows/The Mike Noland Show {tvdb-314878}/Season 1/S01E03 - Anotha Day Anotha Dolla.mkv",mkv,vp9,1920x1080,24,aac,2
"/pool/TV Shows/The Mike Noland Show {tvdb-314878}/Season 1/The Mike Nolan Show ｜ EP04 ｜ Ding Dong Delli [gokzLZ6lBjY].webm",webm,vp9,1920x1080,19,opus,2
"/pool/TV Shows/Dope Thief/Dope Thief - S01E07 - Mussolini.mkv",mkv,hevc,1920x1038,606,ac3,6
"/pool/TV Shows/Dope Thief/Dope Thief - S01E04 - Philadelphia Lawyer.mkv",mkv,hevc,1920x1038,642,eac3,6
"/pool/TV Shows/Beckham/Beckham - S01E03 - Golden Balls.mkv",mkv,hevc,1920x1080,1323,eac3,6
"/pool/TV Shows/Beckham/Beckham - S01E02 - Seeing Red.mkv",mkv,hevc,1920x1080,1544,eac3,6
"/pool/TV Shows/Beckham/Beckham - S01E04 - What Makes David Run.mkv",mkv,hevc,1920x1080,1738,eac3,6
"/pool/TV Shows/Beckham/Beckham - S01E01 - The Kick.mkv",mkv,hevc,1920x1080,1672,eac3,6
"/pool/TV Shows/Common Side Effects/Common Side Effects - S01E05 - Star-Tel-Lite.mkv",mkv,hevc,1920x1080,260,eac3,6
"/pool/TV Shows/Common Side Effects/Common Side Effects - S01E04 - Dumpsite.mkv",mkv,av1,1920x1080,222,eac3,6
"/pool/TV Shows/Common Side Effects/Common Side Effects - S01E10 - Raid.mkv",mkv,hevc,1920x1080,213,eac3,6
"/pool/TV Shows/Shark Tank/Season 16/Shark Tank - S16E20 - Big Ass Luxuries, Deviled Egg Co., TiCK MiTT, Stringys.mkv",mkv,hevc,1280x720,415,eac3,6
"/pool/TV Shows/Shark Tank/Season 16/Shark Tank - S16E06 - Pepper Pong, Taverns-To-Go, Kaans Designs, FOAM.mkv",mkv,hevc,1280x720,292,ac3,6
"/pool/TV Shows/Shark Tank/Season 16/Shark Tank - S16E10 - CharCharms, Nameberry, Rinseroo, Tabeeze.mkv",mkv,hevc,1280x720,449,eac3,6
"/pool/TV Shows/Shark Tank/Season 16/Shark Tank - S16E19 - ESAI, Mirai Clinical, Cricket's Candy Creations, Morrison Outdoors.mkv",mkv,hevc,1280x720,389,eac3,6
"/pool/TV Shows/Shark Tank/Season 16/Shark Tank - S16E17 - Go Nutz, Frame Your Feline, Essence, Mad Mutz.mkv",mkv,hevc,1280x720,394,eac3,6
"/pool/TV Shows/Shark Tank/Season 16/Shark Tank - S16E08 - Bro Glo, TripleLite, Hiccup, PhoLicious.mkv",mkv,hevc,1280x720,452,eac3,6
"/pool/TV Shows/The Righteous Gemstones/Season 00/The Righteous Gemstones - S00E03 - Baby Billy on the Creation of 'Teenjus'.mp4",mp4,vp9,1920x1080,85,opus,2
"/pool/TV Shows/The Righteous Gemstones/Season 4/The Righteous Gemstones - S04E02 - You Hurled Me Into the Depths, Into the Very Heart of the Seas.mkv",mkv,hevc,1920x1080,936,ac3,6
"/pool/TV Shows/The Righteous Gemstones/Season 01/The Righteous Gemstones - S01E05 - Interlude.mkv",mkv,hevc,1920x1080,1288,aac,6
"/pool/TV Shows/The Righteous Gemstones/Season 01/The Righteous Gemstones - S01E08 - But the Righteous Will See Their Fall.mkv",mkv,hevc,1920x1080,982,aac,6
"/pool/TV Shows/The Righteous Gemstones/Season 01/The Righteous Gemstones - S01E06 - Now the Sons of Eli Were Worthless Men.mkv",mkv,hevc,1920x1080,1078,aac,6
"/pool/TV Shows/The Righteous Gemstones/Season 01/The Righteous Gemstones - S01E09 - Better Is the End of a Thing Than Its Beginning.mkv",mkv,hevc,1920x1080,1286,aac,6
"/pool/TV Shows/The Righteous Gemstones/Season 01/The Righteous Gemstones - S01E07 - And Yet One of You Is a Devil.mkv",mkv,hevc,1920x1080,961,aac,6
"/pool/TV Shows/The Righteous Gemstones/Season 01/The Righteous Gemstones - S01E02 - Is This the Man Who Made the Earth Tremble.mkv",mkv,hevc,1920x1080,739,aac,6
"/pool/TV Shows/The Righteous Gemstones/Season 01/The Righteous Gemstones - S01E03 - They Are Weak, but He Is Strong.mkv",mkv,hevc,1920x1080,974,aac,6
"/pool/TV Shows/The Righteous Gemstones/Season 01/The Righteous Gemstones - S01E04 - Wicked Lips.mkv",mkv,hevc,1920x1080,1039,aac,6
"/pool/TV Shows/The Righteous Gemstones/Season 01/The Righteous Gemstones - S01E01 - The Righteous Gemstones.mkv",mkv,hevc,1920x1080,1522,aac,6
"/pool/TV Shows/Momma Named Me Sheriff/S1/Momma Named Me Sheriff - [01x05] - Bald Boyz.mp4",mp4,hevc,1920x1080,220,aac,2
"/pool/TV Shows/Momma Named Me Sheriff/S1/Momma Named Me Sheriff - [01x01] - Hats.mp4",mp4,hevc,1920x1080,220,aac,2
"/pool/TV Shows/Momma Named Me Sheriff/S1/Momma Named Me Sheriff - [01x04] - Ganley Stoodman.mp4",mp4,hevc,1920x1080,221,aac,2
"/pool/TV Shows/Momma Named Me Sheriff/S1/Momma Named Me Sheriff - [01x03] - Stuck.mp4",mp4,hevc,1920x1080,219,aac,2
"/pool/TV Shows/Chimp Crazy/Season 1/Chimp Crazy - S01E04 - Fantasy Island.mkv",mkv,hevc,1280x720,561,eac3,6
"/pool/TV Shows/Chimp Crazy/Season 1/Chimp Crazy - S01E02 - Gone Ape.mkv",mkv,hevc,1920x1080,878,eac3,6
"/pool/TV Shows/The IT Crowd/The IT Crowd - S01E01 - Yesterday's Jam.mp4",mp4,hevc,1256x720,167,aac,2
"/pool/TV Shows/The IT Crowd/The IT Crowd - S01E06 - Aunt Irma Visits.mp4",mp4,hevc,1258x720,180,aac,2
"/pool/TV Shows/The IT Crowd/The IT Crowd - S01E05 - The Haunting of Bill Crouse.mp4",mp4,hevc,1258x720,171,aac,2
"/pool/TV Shows/The IT Crowd/The IT Crowd - S01E03 - 50-50.mp4",mp4,hevc,1258x720,176,aac,2
"/pool/TV Shows/The IT Crowd/The IT Crowd - S01E04 - The Red Door.mp4",mp4,hevc,1280x720,170,aac,2
"/pool/TV Shows/The IT Crowd/The IT Crowd - S01E02 - Calamity Jen.mp4",mp4,hevc,1274x720,174,aac,2
"/pool/TV Shows/Winning Time - The Rise of the Lakers Dynasty {tvdb-399904}/Season 2/Winning Time - The Rise of the Lakers Dynasty - S02E04 - The New World.mkv",mkv,hevc,1280x720,775,aac,2
"/pool/TV Shows/Parks and Recreation/Parks and Recreation - S02E06 - Kaboom.mp4",mp4,hevc,1920x1080,414,aac,6
"/pool/TV Shows/Parks and Recreation/Parks and Recreation - S02E02 - The Stakeout.mp4",mp4,hevc,1920x1080,420,aac,6
"/pool/TV Shows/Parks and Recreation/Parks and Recreation - S02E08 - Ron and Tammy.mp4",mp4,hevc,1920x1080,427,aac,6
"/pool/TV Shows/Parks and Recreation/Parks and Recreation - S02E04 - Practice Date.mp4",mp4,hevc,1920x1080,421,aac,6
"/pool/TV Shows/Parks and Recreation/Parks and Recreation - S02E03 - Beauty Pageant.mp4",mp4,hevc,1920x1080,425,aac,6
"/pool/TV Shows/Parks and Recreation/Parks and Recreation - S01E04 - Boys' Club.mp4",mp4,hevc,1920x1080,412,aac,6
"/pool/TV Shows/Parks and Recreation/Parks and Recreation - S02E09 - The Camel.mp4",mp4,hevc,1920x1080,426,aac,6
"/pool/TV Shows/Parks and Recreation/Parks and Recreation - S02E21 - 94 Meetings.mp4",mp4,hevc,1920x1080,421,aac,6
"/pool/TV Shows/Parks and Recreation/Parks and Recreation - S02E12 - Christmas Scandal.mp4",mp4,hevc,1920x1080,423,aac,6
"/pool/TV Shows/Parks and Recreation/Parks and Recreation - S02E14 - Leslie's House.mp4",mp4,hevc,1920x1080,424,aac,6
"/pool/TV Shows/Parks and Recreation/Parks and Recreation - S02E18 - The Possum.mp4",mp4,hevc,1920x1080,420,aac,6
"/pool/TV Shows/Parks and Recreation/Parks and Recreation - S02E19 - Park Safety.mp4",mp4,hevc,1920x1080,421,aac,6
"/pool/TV Shows/Parks and Recreation/Parks and Recreation - S02E20 - Summer Catalog.mp4",mp4,hevc,1920x1080,425,aac,6
"/pool/TV Shows/Parks and Recreation/Parks and Recreation - S01E03 - The Reporter.mp4",mp4,hevc,1920x1080,419,aac,6
"/pool/TV Shows/Parks and Recreation/Parks and Recreation - S02E22 - Telethon.mp4",mp4,hevc,1920x1080,422,aac,6
"/pool/TV Shows/Parks and Recreation/Parks and Recreation - S02E17 - Woman of the Year.mp4",mp4,hevc,1920x1080,423,aac,6
"/pool/TV Shows/Parks and Recreation/Parks and Recreation - S02E15 - Sweetums.mp4",mp4,hevc,1916x1080,422,aac,6
"/pool/TV Shows/Parks and Recreation/Parks and Recreation - S01E05 - The Banquet.mp4",mp4,hevc,1920x1080,410,aac,6
"/pool/TV Shows/Parks and Recreation/Parks and Recreation - S02E13 - The Set Up.mp4",mp4,hevc,1920x1080,536,aac,6
"/pool/TV Shows/Parks and Recreation/Parks and Recreation - S02E24 - Freddy Spaghetti.mp4",mp4,hevc,1920x1080,491,aac,6
"/pool/TV Shows/Parks and Recreation/Parks and Recreation - S02E05 - Sister City.mp4",mp4,hevc,1920x1080,420,aac,6
"/pool/TV Shows/Parks and Recreation/Parks and Recreation - S01E01 - Make My Pit a Park.mp4",mp4,hevc,1920x1080,414,aac,6
"/pool/TV Shows/Parks and Recreation/Parks and Recreation - S02E01 - Pawnee Zoo.mp4",mp4,hevc,1920x1080,418,aac,6
"/pool/TV Shows/Parks and Recreation/Parks and Recreation - S02E16 - Galentine's Day.mp4",mp4,hevc,1920x1080,420,aac,6
"/pool/TV Shows/Parks and Recreation/Parks and Recreation - S01E02 - Canvassing.mp4",mp4,hevc,1920x1080,409,aac,6
"/pool/TV Shows/Parks and Recreation/Parks and Recreation - S02E07 - Greg Pikitis.mp4",mp4,hevc,1920x1080,419,aac,6
"/pool/TV Shows/Parks and Recreation/Parks and Recreation - S02E11 - Tom's Divorce.mp4",mp4,hevc,1920x1080,422,aac,6
"/pool/TV Shows/Parks and Recreation/Parks and Recreation - S02E10 - Hunting Trip.mp4",mp4,hevc,1920x1080,420,aac,6
"/pool/TV Shows/Parks and Recreation/Parks and Recreation - S02E23 - The Master Plan.mp4",mp4,hevc,1920x1080,590,aac,6
"/pool/TV Shows/Parks and Recreation/Parks and Recreation - S01E06 - Rock Show.mp4",mp4,hevc,1920x1080,518,aac,6
"/pool/TV Shows/Mr. Robot/Season 02/Mr. Robot - S02E06 - eps2.4_m4ster-s1ave.aes.mkv",mkv,hevc,1920x1080,451,aac,6
"/pool/TV Shows/Mr. Robot/Season 02/Mr. Robot - S02E05 - eps2.3_logic-b0mb.hc.mkv",mkv,hevc,1920x1080,427,aac,6
"/pool/TV Shows/Mr. Robot/Season 02/Mr. Robot - S02E12 - eps2.9_pyth0n-pt2.p7z.mkv",mkv,hevc,1920x1080,330,aac,6
"/pool/TV Shows/Mr. Robot/Season 02/Mr. Robot - S02E07 - eps2.5_h4ndshake.sme.mkv",mkv,hevc,1920x1080,385,aac,6
"/pool/TV Shows/Mr. Robot/Season 02/Mr. Robot - S02E01 - eps2.0_unm4sk-pt1.tc.mkv",mkv,hevc,1920x1080,314,aac,6
"/pool/TV Shows/Mr. Robot/Season 02/Mr. Robot - S02E04 - eps2.2_init_1.asec.mkv",mkv,hevc,1920x1080,484,aac,6
"/pool/TV Shows/Mr. Robot/Season 02/Mr. Robot - S02E11 - eps2.9_pyth0n-pt1.p7z.mkv",mkv,hevc,1920x1080,347,aac,6
"/pool/TV Shows/Mr. Robot/Season 02/Mr. Robot - S02E08 - eps2.6_succ3ss0r.p12.mkv",mkv,hevc,1920x1080,408,aac,6
"/pool/TV Shows/Mr. Robot/Season 02/Mr. Robot - S02E10 - eps2.8_h1dden-pr0cess.axx.mkv",mkv,hevc,1920x1080,341,aac,6
"/pool/TV Shows/Mr. Robot/Season 02/Mr. Robot - S02E02 - eps2.0_unm4sk-pt2.tc.mkv",mkv,hevc,1920x1080,330,aac,6
"/pool/TV Shows/Mr. Robot/Season 02/Mr. Robot - S02E09 - eps2.7_init_5.fve.mkv",mkv,hevc,1920x1080,383,aac,6
"/pool/TV Shows/Mr. Robot/Season 02/Mr. Robot - S02E03 - eps2.1_k3rnel-pan1c.ksd.mkv",mkv,hevc,1920x1080,495,aac,6
"/pool/TV Shows/Mr. Robot/Season 03/Mr. Robot - S03E07 - eps3.6_fredrick+tanya.chk.mkv",mkv,hevc,1920x1080,333,aac,6
"/pool/TV Shows/Mr. Robot/Season 03/Mr. Robot - S03E06 - eps3.5_kill-process.inc.mkv",mkv,hevc,1920x1080,348,aac,6
"/pool/TV Shows/Mr. Robot/Season 03/Mr. Robot - S03E08 - eps3.7_dont-delete-me.ko.mkv",mkv,hevc,1920x1080,314,aac,6
"/pool/TV Shows/Mr. Robot/Season 03/Mr. Robot - S03E01 - eps3.0_power-saver-mode.h.mkv",mkv,hevc,1920x1080,473,aac,6
"/pool/TV Shows/Mr. Robot/Season 03/Mr. Robot - S03E09 - eps3.8_stage3.torrent.mkv",mkv,hevc,1920x1080,350,aac,6
"/pool/TV Shows/Mr. Robot/Season 03/Mr. Robot - S03E03 - eps3.2_legacy.so.mkv",mkv,hevc,1920x1080,450,aac,6
"/pool/TV Shows/Mr. Robot/Season 03/Mr. Robot - S03E05 - eps3.4_runtime-error.r00.mkv",mkv,hevc,1920x1080,362,aac,6
"/pool/TV Shows/Mr. Robot/Season 03/Mr. Robot - S03E02 - eps3.1_undo.gz.mkv",mkv,hevc,1920x1080,379,aac,6
"/pool/TV Shows/Mr. Robot/Season 03/Mr. Robot - S03E04 - eps3.3_metadata.par2.mkv",mkv,hevc,1920x1080,345,aac,6
"/pool/TV Shows/Mr. Robot/Season 03/Mr. Robot - S03E10 - shutdown -r.mkv",mkv,hevc,1920x1080,472,aac,6
"/pool/TV Shows/Mr. Robot/Season 01/Mr. Robot - S01E09 - eps1.8_m1rr0r1ng.qt.mkv",mkv,hevc,1920x1080,441,aac,6
"/pool/TV Shows/Mr. Robot/Season 01/Mr. Robot - S01E03 - eps1.2_d3bug.mkv.mkv",mkv,hevc,1920x1080,369,ac3,6
"/pool/TV Shows/Mr. Robot/Season 01/Mr. Robot - S01E07 - eps1.6_v1ew-s0urce.flv.mkv",mkv,hevc,1920x1080,494,ac3,6
"/pool/TV Shows/Mr. Robot/Season 01/Mr. Robot - S01E10 - eps1.9_zer0-day.avi.mkv",mkv,hevc,1920x1080,686,aac,6
"/pool/TV Shows/Mr. Robot/Season 01/Mr. Robot - S01E08 - eps1.7_wh1ter0se.m4v.mkv",mkv,hevc,1920x1080,534,ac3,6
"/pool/TV Shows/Mr. Robot/Season 01/Mr. Robot - S01E06 - eps1.5_br4ve-trave1er.asf.mkv",mkv,hevc,1920x1080,425,ac3,6
"/pool/TV Shows/Mr. Robot/Season 01/Mr. Robot - S01E04 - eps1.3_da3m0ns.mp4.mkv",mkv,hevc,1920x1080,434,ac3,6
"/pool/TV Shows/Mr. Robot/Season 01/Mr. Robot - S01E05 - eps1.4_3xpl0its.wmv.mkv",mkv,hevc,1920x1080,419,ac3,6
"/pool/TV Shows/Mr. Robot/Season 01/Mr. Robot - S01E02 - eps1.1_ones-and-zer0es.mpeg.mkv",mkv,hevc,1920x1080,445,ac3,6
"/pool/TV Shows/Mr. Robot/Season 01/Mr. Robot - S01E01 - eps1.0_hellofriend.mov.mkv",mkv,hevc,1920x1080,736,ac3,6
"/pool/TV Shows/Mr. Robot/Season 04/Mr. Robot - S04E12 - whoami.mp4",mp4,hevc,1920x1080,703,aac,6
"/pool/TV Shows/Mr. Robot/Season 04/Mr. Robot - S04E05 - 405 Method Not Allowed.mp4",mp4,hevc,1920x1080,786,aac,6
"/pool/TV Shows/Mr. Robot/Season 04/Mr. Robot - S04E08 - 408 Request Timeout.mp4",mp4,hevc,1920x1080,716,aac,6
"/pool/TV Shows/Mr. Robot/Season 04/Mr. Robot - S04E09 - 409 Conflict.mp4",mp4,hevc,1920x1080,751,aac,6
"/pool/TV Shows/Mr. Robot/Season 04/Mr. Robot - S04E02 - 402 Payment Required.mp4",mp4,hevc,1920x1080,758,aac,6
"/pool/TV Shows/Mr. Robot/Season 04/Mr. Robot - S04E04 - 404 Not Found.mp4",mp4,hevc,1920x1080,784,aac,6
"/pool/TV Shows/Mr. Robot/Season 04/Mr. Robot - S04E03 - 403 Forbidden.mp4",mp4,hevc,1920x1080,755,aac,6
"/pool/TV Shows/Mr. Robot/Season 04/Mr. Robot - S04E13 - Hello, Elliot.mp4",mp4,hevc,1920x1080,812,aac,6
"/pool/TV Shows/Mr. Robot/Season 04/Mr. Robot - S04E07 - 407 Proxy Authentication Required.mp4",mp4,hevc,1920x1080,900,aac,6
"/pool/TV Shows/Mr. Robot/Season 04/Mr. Robot - S04E06 - 406 Not Acceptable.mp4",mp4,hevc,1920x1080,750,aac,6
"/pool/TV Shows/Mr. Robot/Season 04/Mr. Robot - S04E11 - eXit.mp4",mp4,hevc,1920x1080,831,aac,6
"/pool/TV Shows/Mr. Robot/Season 04/Mr. Robot - S04E01 - 401 Unauthorized.mp4",mp4,hevc,1920x1080,973,aac,6
"/pool/TV Shows/Mr. Robot/Season 04/Mr. Robot - S04E10 - 410 Gone.mp4",mp4,hevc,1920x1080,722,aac,6
"/pool/TV Shows/Smoke/Smoke (2025) - S01E07 - Whitewashed Tombs.mkv",mkv,hevc,1918x802,524,eac3,6
"/pool/TV Shows/Slow Horses/S1/Slow Horses - S01E01 - TBD WEBDL-720p.mkv",mkv,hevc,1280x640,246,aac,2
"/pool/TV Shows/Slow Horses/S1/Slow Horses - S01E02 - TBD WEBDL-720p.mkv",mkv,hevc,1280x640,182,aac,2
"/pool/TV Shows/Law & Order - Special Victims Unit/Law & Order - Special Victims Unit - S26E19 - Play with Fire (2).mkv",mkv,hevc,1920x1080,603,ac3,6
"/pool/TV Shows/Law & Order - Special Victims Unit/Law & Order - Special Victims Unit - S26E12 - Calculated.mkv",mkv,hevc,1920x1080,408,eac3,6
"/pool/TV Shows/Law & Order - Special Victims Unit/Law & Order - Special Victims Unit - S26E10 - Master Key.mkv",mkv,hevc,1920x1080,435,eac3,6
"/pool/TV Shows/Waco - American Apocalypse/Season 1/Waco - American Apocalypse - S01E01 - In the Beginning….mkv",mkv,hevc,1920x1080,839,eac3,6
"/pool/TV Shows/Waco - American Apocalypse/Season 1/Waco - American Apocalypse - S01E02 - Children of God.mkv",mkv,hevc,1920x1080,750,eac3,6
"/pool/TV Shows/Waco - American Apocalypse/Season 1/Waco - American Apocalypse - S01E03 - Fire.mkv",mkv,hevc,1920x1080,764,eac3,6
"/pool/TV Shows/Family Guy/Season 6/Family Guy - S06E02 - Movin' Out (Brian's Song).mkv",mkv,hevc,1280x720,160,aac,2
"/pool/TV Shows/Family Guy/Season 6/Family Guy - S06E07 - Peter's Daughter.mkv",mkv,hevc,1280x720,105,aac,2
"/pool/TV Shows/Family Guy/S14/Family Guy - [14x20] - Road to India.mkv",mkv,hevc,1920x1080,156,aac,6
"/pool/TV Shows/Family Guy/S14/Family Guy - [14x05] - Peter, Chris, & Brian.mkv",mkv,hevc,1904x1072,136,aac,6
"/pool/TV Shows/Family Guy/S14/Family Guy - [14x02] - Papa Has a Rollin' Son.mkv",mkv,hevc,1920x1080,141,aac,6
"/pool/TV Shows/Family Guy/S14/Family Guy - [14x17] - Take a Letter.mkv",mkv,hevc,1920x1080,124,aac,6
"/pool/TV Shows/Family Guy/S14/Family Guy - [14x04] - Peternormal Activity.mkv",mkv,hevc,1920x1080,165,aac,6
"/pool/TV Shows/Family Guy/S14/Family Guy - [14x12] - Scammed Yankees.mkv",mkv,hevc,1904x1072,144,aac,6
"/pool/TV Shows/Family Guy/S14/Family Guy - [14x18] - The New Adventures of Old Tom.mkv",mkv,hevc,1920x1080,143,aac,6
"/pool/TV Shows/Family Guy/S14/Family Guy - [14x07] - Hot Pocket-Dial.mkv",mkv,hevc,1904x1072,135,aac,6
"/pool/TV Shows/Family Guy/S14/Family Guy - [14x11] - The Peanut Butter Kid.mkv",mkv,hevc,1904x1072,137,aac,6
"/pool/TV Shows/Family Guy/S14/Family Guy - [14x06] - Peter's Sister.mkv",mkv,hevc,1920x1080,177,aac,6
"/pool/TV Shows/Family Guy/S14/Family Guy - [14x15] - A Lot Going on Upstairs.mkv",mkv,hevc,1904x1072,165,aac,6
"/pool/TV Shows/Family Guy/S14/Family Guy - [14x09] - A Shot in the Dark.mkv",mkv,hevc,1920x1080,137,aac,6
"/pool/TV Shows/Family Guy/S14/Family Guy - [14x10] - Candy, Quahog Marshmallow!.mkv",mkv,hevc,1920x1080,182,aac,6
"/pool/TV Shows/Family Guy/S14/Family Guy - [14x01] - Pilling Them Softly.mkv",mkv,hevc,1920x1080,150,aac,6
"/pool/TV Shows/Family Guy/S14/Family Guy - [14x13] - An App a Day.mkv",mkv,hevc,1904x1072,120,aac,6
"/pool/TV Shows/Family Guy/S14/Family Guy - [14x14] - Underage Peter.mkv",mkv,hevc,1904x1072,137,aac,6
"/pool/TV Shows/Family Guy/S14/Family Guy - [14x19] - Run, Chris, Run.mkv",mkv,hevc,1920x1080,130,aac,6
"/pool/TV Shows/Family Guy/S14/Family Guy - [14x03] - Guy, Robot.mkv",mkv,hevc,1920x1080,119,aac,6
"/pool/TV Shows/Family Guy/S14/Family Guy - [14x16] - The Heartbreak Dog.mkv",mkv,hevc,1920x1080,138,aac,6
"/pool/TV Shows/Family Guy/S14/Family Guy - [14x08] - Brokeback Swanson.mkv",mkv,hevc,1904x1072,144,aac,6
"/pool/TV Shows/Family Guy/Season 15/Family Guy - S15E02 - Bookie of the Year.mkv",mkv,hevc,1920x1080,203,aac,6
"/pool/TV Shows/Family Guy/Season 15/Family Guy - S15E12 - Peter's Def Jam.mkv",mkv,hevc,1920x1080,231,aac,6
"/pool/TV Shows/Family Guy/Season 15/Family Guy - S15E06 - Hot Shots.mkv",mkv,hevc,1920x1080,231,aac,6
"/pool/TV Shows/Family Guy/Season 15/Family Guy - S15E13 - The Finer Strings.mkv",mkv,hevc,1920x1080,231,aac,6
"/pool/TV Shows/Family Guy/Season 15/Family Guy - S15E01 - The Boys in the Band.mkv",mkv,hevc,1920x1080,203,aac,6
"/pool/TV Shows/Family Guy/Season 15/Family Guy - S15E20 - A House Full of Peters.mkv",mkv,hevc,1904x1072,200,aac,6
"/pool/TV Shows/Family Guy/Season 15/Family Guy - S15E04 - Inside Family Guy.mkv",mkv,hevc,1920x1080,232,aac,6
"/pool/TV Shows/Family Guy/Season 15/Family Guy - S15E16 - Saturated Fat Guy.mkv",mkv,hevc,1904x1072,230,aac,6
"/pool/TV Shows/Family Guy/Season 15/Family Guy - S15E09 - How the Griffin Stole Christmas.mkv",mkv,hevc,1920x1080,231,aac,6
"/pool/TV Shows/Family Guy/Season 15/Family Guy - S15E18 - The Peter Principal.mkv",mkv,hevc,1904x1072,202,aac,6
"/pool/TV Shows/Family Guy/Season 15/Family Guy - S15E03 - American Gigg-olo.mkv",mkv,hevc,1920x1080,204,aac,6
"/pool/TV Shows/Family Guy/Season 15/Family Guy - S15E08 - Carter and Tricia.mkv",mkv,hevc,1920x1080,232,aac,6
"/pool/TV Shows/Family Guy/Season 15/Family Guy - S15E11 - Gronkowsbees.mkv",mkv,hevc,1920x1080,232,aac,6
"/pool/TV Shows/Family Guy/Season 15/Family Guy - S15E15 - Cop and a Half-Wit.mkv",mkv,hevc,1904x1072,232,aac,6
"/pool/TV Shows/Family Guy/Season 15/Family Guy - S15E17 - Peter's Lost Youth.mkv",mkv,hevc,1904x1072,231,aac,6
"/pool/TV Shows/Family Guy/Season 15/Family Guy - S15E10 - Passenger Fatty-Seven.mkv",mkv,hevc,1920x1080,251,aac,6
"/pool/TV Shows/Family Guy/Season 15/Family Guy - S15E05 - Chris Has Got a Date, Date, Date, Date, Date.mkv",mkv,hevc,1920x1080,231,aac,6
"/pool/TV Shows/Family Guy/Season 15/Family Guy - S15E07 - High School English.mkv",mkv,hevc,1920x1080,232,aac,6
"/pool/TV Shows/Family Guy/Season 15/Family Guy - S15E19 - Dearly Deported.mkv",mkv,hevc,1904x1072,211,aac,6
"/pool/TV Shows/Family Guy/Season 15/Family Guy - S15E14 - The Dating Game.mkv",mkv,hevc,1904x1072,232,aac,6
"/pool/TV Shows/Family Guy/Season 9/Family Guy - S09E10 - Friends of Peter G.mkv",mkv,hevc,1920x1080,160,ac3,6
"/pool/TV Shows/Family Guy/Season 9/Family Guy - S09E04 - Halloween on Spooner Street.mkv",mkv,hevc,1920x1080,156,ac3,6
"/pool/TV Shows/Family Guy/Season 9/Family Guy - S09E17 - Foreign Affairs.mkv",mkv,hevc,1920x1080,142,ac3,6
"/pool/TV Shows/Family Guy/Season 9/Family Guy - S09E01 - And Then There Were Fewer.mkv",mkv,hevc,1920x1080,365,ac3,6
"/pool/TV Shows/Family Guy/Season 9/Family Guy - S09E14 - Tiegs for Two.mkv",mkv,hevc,1920x1080,138,ac3,6
"/pool/TV Shows/Family Guy/Season 9/Family Guy - S09E02 - Excellence in Broadcasting.mkv",mkv,hevc,1920x1080,140,ac3,6
"/pool/TV Shows/Family Guy/Season 9/Family Guy - S09E16 - The Big Bang Theory.mkv",mkv,hevc,1920x1080,155,ac3,6
"/pool/TV Shows/Family Guy/Season 9/Family Guy - S09E18 - It's a Trap!.mkv",mkv,hevc,1920x1080,493,eac3,6
"/pool/TV Shows/Family Guy/Season 9/Family Guy - S09E13 - Trading Places.mkv",mkv,hevc,1920x1080,137,ac3,6
"/pool/TV Shows/Family Guy/Season 9/Family Guy - S09E03 - Welcome Back Carter.mkv",mkv,hevc,1920x1080,138,ac3,6
"/pool/TV Shows/Family Guy/Season 9/Family Guy - S09E09 - And I'm Joyce Kinney.mkv",mkv,hevc,1920x1080,132,ac3,6
"/pool/TV Shows/Family Guy/Season 9/Family Guy - S09E11 - German Guy.mkv",mkv,hevc,1920x1080,160,ac3,6
"/pool/TV Shows/Family Guy/Season 9/Family Guy - S09E12 - The Hand That Rocks the Wheelchair.mkv",mkv,hevc,1920x1080,145,ac3,6
"/pool/TV Shows/Family Guy/Season 9/Family Guy - S09E06 - Brian Writes a Bestseller.mkv",mkv,hevc,1920x1080,135,ac3,6
"/pool/TV Shows/Family Guy/Season 9/Family Guy - S09E15 - Brothers & Sisters.mkv",mkv,hevc,1920x1080,132,ac3,6
"/pool/TV Shows/Family Guy/Season 9/Family Guy - S09E05 - Baby, You Knock Me Out.mkv",mkv,hevc,1920x1080,151,ac3,6
"/pool/TV Shows/Family Guy/Season 9/Family Guy - S09E08 - New Kidney in Town.mkv",mkv,hevc,1920x1080,137,ac3,6
"/pool/TV Shows/Family Guy/Season 9/Family Guy - S09E07 - Road to the North Pole.mkv",mkv,hevc,1920x1080,397,ac3,6
"/pool/TV Shows/Family Guy/Season 4/Family.Guy.Season.4.Episode.5.The.Cleaveland-Loretta.Quagmire.H265.1080p.WEBRip.EzzRips.m4v",m4v,hevc,1920x1080,655,aac,2
"/pool/TV Shows/Family Guy/Season 4/Family.Guy.Season.4.Episode.1.North.by.North.Quahog.H265.1080p.WEBRip.EzzRips.m4v",m4v,hevc,1920x1080,656,aac,2
"/pool/TV Shows/Family Guy/Season 4/Family.Guy.Season.4.Episode.9.Breaking.Out.Is.Hard.to.Do.H265.1080p.WEBRip.EzzRips.m4v",m4v,hevc,1920x1080,410,aac,2
"/pool/TV Shows/Family Guy/Season 4/Family.Guy.Season.4.Episode.7.Brian.the.Bachelor.H265.1080p.WEBRip.EzzRips.m4v",m4v,hevc,1920x1080,412,aac,2
"/pool/TV Shows/Family Guy/Season 4/Family.Guy.Season.4.Episode.6.Petarded.H265.1080p.WEBRip.EzzRips.m4v",m4v,hevc,1920x1080,412,aac,2
"/pool/TV Shows/Family Guy/Season 7/Family Guy - S07E10 - FOX-y Lady.mkv",mkv,hevc,1440x1080,121,ac3,6
"/pool/TV Shows/Family Guy/Season 7/Family Guy - S07E11 - Not All Dogs Go to Heaven.mkv",mkv,hevc,1440x1080,140,ac3,6
"/pool/TV Shows/Family Guy/Season 7/Family Guy - S07E05 - The Man With Two Brians.mkv",mkv,hevc,1440x1080,142,ac3,6
"/pool/TV Shows/Family Guy/Season 7/Family Guy - S07E12 - 420.mkv",mkv,hevc,1440x1080,133,ac3,6
"/pool/TV Shows/Family Guy/Season 7/Family Guy - S07E06 - Tales of a Third Grade Nothing.mkv",mkv,hevc,1440x1080,151,ac3,6
"/pool/TV Shows/Family Guy/Season 7/Family Guy - S07E08 - Family Gay.mkv",mkv,hevc,1440x1080,124,ac3,6
"/pool/TV Shows/Family Guy/Season 7/Family Guy - S07E09 - The Juice is Loose!.mkv",mkv,hevc,1440x1080,130,ac3,6
"/pool/TV Shows/Family Guy/Season 7/Family Guy - S07E13 - Stew-Roids.mkv",mkv,hevc,1440x1080,125,ac3,6
"/pool/TV Shows/Family Guy/Season 7/Family Guy - S07E16 - Peter's Progress.mkv",mkv,hevc,1440x1080,130,ac3,6
"/pool/TV Shows/Family Guy/Season 7/Family Guy - S07E04 - Baby Not On Board.mkv",mkv,hevc,1440x1080,136,ac3,6
"/pool/TV Shows/Family Guy/Season 7/Family Guy - S07E07 - Ocean's Three and a Half.mkv",mkv,hevc,1440x1080,146,ac3,6
"/pool/TV Shows/Family Guy/Season 7/Family Guy - S07E03 - Road to Germany.mkv",mkv,hevc,1440x1080,170,ac3,6
"/pool/TV Shows/Family Guy/Season 7/Family Guy - S07E02 - I Dream of Jesus.mkv",mkv,hevc,1440x1080,148,ac3,6
"/pool/TV Shows/Family Guy/Season 7/Family Guy - S07E15 - Three Kings.mkv",mkv,hevc,1440x1080,156,ac3,6
"/pool/TV Shows/Family Guy/Season 7/Family Guy - S07E14 - We Love You, Conrad.mkv",mkv,hevc,1440x1080,126,ac3,6
"/pool/TV Shows/Family Guy/Season 7/Family Guy - S07E01 - Love Blactually.mkv",mkv,hevc,1440x1080,114,ac3,6
"/pool/TV Shows/Family Guy/Season 11/Family Guy - S11E02 - Ratings Guy.mkv",mkv,hevc,1920x1080,120,ac3,6
"/pool/TV Shows/Family Guy/Season 11/Family Guy - S11E13 - Chris Cross.mkv",mkv,hevc,1920x1080,130,ac3,6
"/pool/TV Shows/Family Guy/Season 11/Family Guy - S11E22 - No Country Club for Old Men.mkv",mkv,hevc,1920x1080,138,ac3,6
"/pool/TV Shows/Family Guy/Season 11/Family Guy - S11E03 - The Old Man and the Big 'C'.mkv",mkv,hevc,1920x1080,126,ac3,6
"/pool/TV Shows/Family Guy/Season 11/Family Guy - S11E04 - Yug Ylimaf.mkv",mkv,hevc,1920x1080,149,ac3,6
"/pool/TV Shows/Family Guy/Season 11/Family Guy - S11E10 - Brian's Play.mkv",mkv,hevc,1920x1080,127,ac3,6
"/pool/TV Shows/Family Guy/Season 11/Family Guy - S11E17 - Bigfat.mkv",mkv,hevc,1920x1080,146,ac3,6
"/pool/TV Shows/Family Guy/Season 11/Family Guy - S11E15 - Turban Cowboy.mkv",mkv,hevc,1920x1080,136,ac3,6
"/pool/TV Shows/Family Guy/Season 11/Family Guy - S11E19 - Save the Clam.mkv",mkv,hevc,1920x1080,130,ac3,6
"/pool/TV Shows/Family Guy/Season 11/Family Guy - S11E12 - Valentine's Day in Quahog.mkv",mkv,hevc,1920x1080,142,ac3,6
"/pool/TV Shows/Family Guy/Season 11/Family Guy - S11E14 - Call Girl.mkv",mkv,hevc,1920x1080,130,ac3,6
"/pool/TV Shows/Family Guy/Season 11/Family Guy - S11E08 - Jesus, Mary and Joseph.mkv",mkv,hevc,1920x1080,145,ac3,6
"/pool/TV Shows/Family Guy/Season 11/Family Guy - S11E01 - Into Fat Air.mkv",mkv,hevc,1920x1080,164,ac3,6
"/pool/TV Shows/Family Guy/Season 11/Family Guy - S11E20 - Farmer Guy.mkv",mkv,hevc,1920x1080,127,ac3,6
"/pool/TV Shows/Family Guy/Season 11/Family Guy - S11E06 - Lois Comes Out of Her Shell.mkv",mkv,hevc,1920x1080,140,ac3,6
"/pool/TV Shows/Family Guy/Season 11/Family Guy - S11E05 - Joe's Revenge.mkv",mkv,hevc,1920x1080,143,ac3,6
"/pool/TV Shows/Family Guy/Season 11/Family Guy - S11E09 - Space Cadet.mkv",mkv,hevc,1920x1080,135,ac3,6
"/pool/TV Shows/Family Guy/Season 11/Family Guy - S11E21 - Roads to Vegas.mkv",mkv,hevc,1920x1080,146,ac3,6
"/pool/TV Shows/Family Guy/Season 11/Family Guy - S11E11 - The Giggity Wife.mkv",mkv,hevc,1920x1080,132,ac3,6
"/pool/TV Shows/Family Guy/Season 11/Family Guy - S11E16 - 12 and a Half Angry Men.mkv",mkv,hevc,1920x1080,130,ac3,6
"/pool/TV Shows/Family Guy/Season 11/Family Guy - S11E18 - Total Recall.mkv",mkv,hevc,1920x1080,131,ac3,6
"/pool/TV Shows/Family Guy/Season 11/Family Guy - S11E07 - Friends Without Benefits.mkv",mkv,hevc,1920x1080,133,ac3,6
"/pool/TV Shows/Family Guy/S13/Family Guy - [13x01] - The Simpsons Guy.mkv",mkv,hevc,1920x1080,451,aac,6
"/pool/TV Shows/Family Guy/S13/Family Guy - [13x06] - The 2000-Year-Old Virgin.mkv",mkv,hevc,1920x1080,130,aac,6
"/pool/TV Shows/Family Guy/S13/Family Guy - [13x18] - Take My Wife.mkv",mkv,hevc,1920x1080,173,aac,6
"/pool/TV Shows/Family Guy/S13/Family Guy - [13x02] - The Book of Joe.mkv",mkv,hevc,1920x1080,144,aac,6
"/pool/TV Shows/Family Guy/S13/Family Guy - [13x16] - Roasted Guy.mkv",mkv,hevc,1920x1080,135,aac,6
"/pool/TV Shows/Family Guy/S13/Family Guy - [13x10] - Quagmire's Mom.mkv",mkv,hevc,1920x1080,122,aac,6
"/pool/TV Shows/Family Guy/S13/Family Guy - [13x03] - Baking Bad.mkv",mkv,hevc,1920x1080,127,aac,6
"/pool/TV Shows/Family Guy/S13/Family Guy - [13x07] - Stewie, Chris & Brian's Excellent Adventure.mkv",mkv,hevc,1920x1080,176,aac,6
"/pool/TV Shows/Family Guy/S13/Family Guy - [13x17] - Fighting Irish.mkv",mkv,hevc,1920x1080,145,aac,6
"/pool/TV Shows/Family Guy/S13/Family Guy - [13x11] - Encyclopedia Griffin.mkv",mkv,hevc,1904x1072,128,aac,6
"/pool/TV Shows/Family Guy/S13/Family Guy - [13x12] - Stewie is Enceinte.mkv",mkv,hevc,1920x1080,133,aac,6
"/pool/TV Shows/Family Guy/S13/Family Guy - [13x13] - Dr. C and the Women.mkv",mkv,hevc,1920x1080,128,aac,6
"/pool/TV Shows/Family Guy/S13/Family Guy - [13x05] - Turkey Guys.mkv",mkv,hevc,1920x1080,163,aac,6
"/pool/TV Shows/Family Guy/S13/Family Guy - [13x09] - This Little Piggy.mkv",mkv,hevc,1920x1080,140,aac,6
"/pool/TV Shows/Family Guy/S13/Family Guy - [13x15] - Once Bitten.mkv",mkv,hevc,1920x1080,131,aac,6
"/pool/TV Shows/Family Guy/S13/Family Guy - [13x08] - Our Idiot Brian.mkv",mkv,hevc,1920x1080,133,aac,6
"/pool/TV Shows/Family Guy/S13/Family Guy - [13x14] - #JOLO.mkv",mkv,hevc,1920x1080,181,aac,6
"/pool/TV Shows/Family Guy/Season 8/Family Guy - S08E09 - Business Guy.mkv",mkv,hevc,1440x1080,123,ac3,6
"/pool/TV Shows/Family Guy/Season 8/Family Guy - S08E13 - Go, Stewie, Go!.mkv",mkv,hevc,1440x1080,137,ac3,6
"/pool/TV Shows/Family Guy/Season 8/Family Guy - S08E17 - Brian & Stewie.mkv",mkv,hevc,1440x1080,171,ac3,6
"/pool/TV Shows/Family Guy/Season 8/Family Guy - S08E14 - Peter-assment.mkv",mkv,hevc,1440x1080,139,ac3,6
"/pool/TV Shows/Family Guy/Season 8/Family Guy - S08E08 - Dog Gone.mkv",mkv,hevc,1440x1080,125,ac3,6
"/pool/TV Shows/Family Guy/Season 8/Family Guy - S08E12 - Extra Large Medium.mkv",mkv,hevc,1440x1080,144,ac3,6
"/pool/TV Shows/Family Guy/Season 8/Family Guy - S08E21 - Partial Terms of Endearment.mkv",mkv,hevc,1440x1080,125,ac3,6
"/pool/TV Shows/Family Guy/Season 8/Family Guy - S08E05 - Hannah Banana.mkv",mkv,hevc,1440x1080,146,ac3,6
"/pool/TV Shows/Family Guy/Season 8/Family Guy - S08E16 - April in Quahog.mkv",mkv,hevc,1440x1080,115,ac3,6
"/pool/TV Shows/Family Guy/Season 8/Family Guy - S08E10 - Big Man on Hippocampus.mkv",mkv,hevc,1440x1080,135,ac3,6
"/pool/TV Shows/Family Guy/Season 8/Family Guy - S08E06 - Quagmire's Baby.mkv",mkv,hevc,1440x1080,124,ac3,6
"/pool/TV Shows/Family Guy/Season 8/Family Guy - S08E04 - Brian's Got a Brand New Bag.mkv",mkv,hevc,1440x1080,123,ac3,6
"/pool/TV Shows/Family Guy/Season 8/Family Guy - S08E02 - Family Goy.mkv",mkv,hevc,1440x1080,122,ac3,6
"/pool/TV Shows/Family Guy/Season 8/Family Guy - S08E07 - Jerome is the New Black.mkv",mkv,hevc,1440x1080,124,ac3,6
"/pool/TV Shows/Family Guy/Season 8/Family Guy - S08E11 - Dial Meg for Murder.mkv",mkv,hevc,1440x1080,137,ac3,6
"/pool/TV Shows/Family Guy/Season 8/Family Guy - S08E15 - Brian Griffin's House of Payne.mkv",mkv,hevc,1440x1080,140,ac3,6
"/pool/TV Shows/Family Guy/Season 8/Family Guy - S08E19 - The Splendid Source.mkv",mkv,hevc,1440x1080,157,ac3,6
"/pool/TV Shows/Family Guy/Season 8/Family Guy - S08E20 - Something, Something, Something, Dark Side.mkv",mkv,hevc,1440x1080,448,eac3,6
"/pool/TV Shows/Family Guy/Season 8/Family Guy - S08E01 - Road to the Multiverse.mkv",mkv,hevc,1440x1080,141,ac3,6
"/pool/TV Shows/Family Guy/Season 8/Family Guy - S08E18 - Quagmire's Dad.mkv",mkv,hevc,1440x1080,133,ac3,6
"/pool/TV Shows/Family Guy/Season 8/Family Guy - S08E03 - Spies Reminiscent of Us.mkv",mkv,hevc,1440x1080,128,ac3,6
"/pool/TV Shows/Family Guy/Season 10/Family Guy - S10E21 - Tea Peter.mkv",mkv,hevc,1920x1080,130,ac3,6
"/pool/TV Shows/Family Guy/Season 10/Family Guy - S10E04 - Stewie Goes for a Drive.mkv",mkv,hevc,1920x1080,133,ac3,6
"/pool/TV Shows/Family Guy/Season 10/Family Guy - S10E17 - Forget-Me-Not.mkv",mkv,hevc,1920x1080,134,ac3,6
"/pool/TV Shows/Family Guy/Season 10/Family Guy - S10E02 - Seahorse Seashell Party.mkv",mkv,hevc,1920x1080,165,ac3,6
"/pool/TV Shows/Family Guy/Season 10/Family Guy - S10E13 - Tom Tucker - The Man and His Dream.mkv",mkv,hevc,1920x1080,129,ac3,6
"/pool/TV Shows/Family Guy/Season 10/Family Guy - S10E01 - Lottery Fever.mkv",mkv,hevc,1920x1080,137,ac3,6
"/pool/TV Shows/Family Guy/Season 10/Family Guy - S10E11 - The Blind Side.mkv",mkv,hevc,1920x1080,135,ac3,6
"/pool/TV Shows/Family Guy/Season 10/Family Guy - S10E10 - Meg and Quagmire.mkv",mkv,hevc,1920x1080,135,ac3,6
"/pool/TV Shows/Family Guy/Season 10/Family Guy - S10E14 - Be Careful What You Fish For.mkv",mkv,hevc,1920x1080,134,ac3,6
"/pool/TV Shows/Family Guy/Season 10/Family Guy - S10E12 - Livin' on a Prayer.mkv",mkv,hevc,1920x1080,125,ac3,6
"/pool/TV Shows/Family Guy/Season 10/Family Guy - S10E16 - Killer Queen.mkv",mkv,hevc,1920x1080,137,ac3,6
"/pool/TV Shows/Family Guy/Season 10/Family Guy - S10E03 - Screams of Silence - The Story of Brenda Q.mkv",mkv,hevc,1920x1080,133,ac3,6
"/pool/TV Shows/Family Guy/Season 10/Family Guy - S10E20 - Leggo My Meg-O.mkv",mkv,hevc,1920x1080,137,ac3,6
"/pool/TV Shows/Family Guy/Season 10/Family Guy - S10E07 - Amish Guy.mkv",mkv,hevc,1920x1080,156,ac3,6
"/pool/TV Shows/Family Guy/Season 10/Family Guy - S10E23 - Internal Affairs.mkv",mkv,hevc,1920x1080,151,ac3,6
"/pool/TV Shows/Family Guy/Season 10/Family Guy - S10E05 - Back to the Pilot.mkv",mkv,hevc,1920x1080,147,ac3,6
"/pool/TV Shows/Family Guy/Season 10/Family Guy - S10E18 - You Can't Do That on Television, Peter.mkv",mkv,hevc,1920x1080,125,ac3,6
"/pool/TV Shows/Family Guy/Season 10/Family Guy - S10E22 - Viewer Mail #2.mkv",mkv,hevc,1920x1080,156,ac3,6
"/pool/TV Shows/Family Guy/Season 10/Family Guy - S10E19 - Mr. & Mrs. Stewie.mkv",mkv,hevc,1920x1080,151,ac3,6
"/pool/TV Shows/Family Guy/Season 10/Family Guy - S10E08 - Cool Hand Peter.mkv",mkv,hevc,1920x1080,155,ac3,6
"/pool/TV Shows/Family Guy/Season 10/Family Guy - S10E06 - Thanksgiving.mkv",mkv,hevc,1920x1080,145,ac3,6
"/pool/TV Shows/Family Guy/Season 10/Family Guy - S10E09 - Grumpy Old Man.mkv",mkv,hevc,1920x1080,125,ac3,6
"/pool/TV Shows/Family Guy/Season 10/Family Guy - S10E15 - Burning Down the Bayit.mkv",mkv,hevc,1920x1080,123,ac3,6
"/pool/TV Shows/Family Guy/Season 12/Family Guy - S12E18 - Baby Got Black.mkv",mkv,hevc,1280x720,125,aac,2
"/pool/TV Shows/Family Guy/Season 13/Family Guy - S13E04 - Brian the Closer.mkv",mkv,hevc,1280x720,99,aac,2
"/pool/TV Shows/Family Guy/Season 23/Family Guy - S23E17 - Karenheit 451.mkv",mkv,hevc,1920x1080,231,ac3,6
"/pool/TV Shows/Family Guy/Season 23/Family Guy - S23E18 - Twain’s World.mkv",mkv,hevc,1920x1080,185,eac3,6
"/pool/TV Shows/Family Guy/Season 23/Family Guy - S23E05 - The Chicken or the Meg.mkv",mkv,hevc,1920x1080,219,ac3,2
"/pool/TV Shows/Family Guy/Season 23/Family Guy - S23E01 - Fat Gun.mkv",mkv,hevc,1920x1080,306,eac3,6
"/pool/TV Shows/Family Guy/Season 23/Family Guy - S23E09 - The Elle Word.mkv",mkv,hevc,1920x1080,181,aac,6
"/pool/TV Shows/Family Guy/Season 23/Family Guy - S23E07 - Pitch Imperfect.mkv",mkv,hevc,1920x1080,235,ac3,2
"/pool/TV Shows/Family Guy/Season 23/Family Guy - S23E02 - Live, Laugh, Love.mkv",mkv,av1,1920x1080,159,eac3,6
"/pool/TV Shows/Family Guy/Season 16/Family Guy - S16E15 - The Woof of Wall Street.mkv",mkv,hevc,1920x1080,207,aac,6
"/pool/TV Shows/Family Guy/Season 16/Family Guy - S16E09 - Don't Be a Dickens At Christmas.mkv",mkv,hevc,1920x1080,184,aac,2
"/pool/TV Shows/Family Guy/Season 16/Family Guy - S16E16 - Family Guy Through the Years.mkv",mkv,hevc,1920x1080,198,aac,6
"/pool/TV Shows/Family Guy/Season 16/Family Guy - S16E11 - Dog Bites Bear.mkv",mkv,hevc,1920x1080,171,aac,2
"/pool/TV Shows/Family Guy/Season 16/Family Guy - S16E12 - Send in Stewie, Please.mkv",mkv,hevc,1920x1080,237,aac,6
"/pool/TV Shows/Family Guy/Season 16/Family Guy - S16E20 - Are You There God! It's Me, Peter.mkv",mkv,hevc,1920x1080,200,aac,6
"/pool/TV Shows/Family Guy/Season 16/Family Guy - S16E19 - The Unkindest Cut.mkv",mkv,hevc,1920x1080,199,aac,6
"/pool/TV Shows/Family Guy/Season 16/Family Guy - S16E14 - Veteran Guy.mkv",mkv,hevc,1920x1080,204,aac,6
"/pool/TV Shows/Family Guy/Season 16/Family Guy - S16E01 - Emmy-Winning Episode.mkv",mkv,hevc,1920x1080,175,aac,2
"/pool/TV Shows/Family Guy/Season 16/Family Guy - S16E17 - Switch the Flip.mkv",mkv,hevc,1920x1080,215,aac,6
"/pool/TV Shows/Family Guy/Season 16/Family Guy - S16E06 - The D in Apartment 23.mkv",mkv,hevc,1920x1080,185,aac,2
"/pool/TV Shows/Family Guy/Season 16/Family Guy - S16E10 - Boy (Dog) Meets Girl (Dog).mkv",mkv,hevc,1920x1080,184,aac,2
"/pool/TV Shows/Family Guy/Season 16/Family Guy - S16E05 - Three Directors.mkv",mkv,hevc,1920x1080,184,aac,6
"/pool/TV Shows/Family Guy/Season 16/Family Guy - S16E04 - Follow the Money.mkv",mkv,hevc,1920x1080,172,aac,2
"/pool/TV Shows/Family Guy/Season 16/Family Guy - S16E02 - Foxx In The Men House.mkv",mkv,hevc,1920x1080,176,aac,2
"/pool/TV Shows/Family Guy/Season 16/Family Guy - S16E08 - Crimes and Meg's Demeanor.mkv",mkv,hevc,1920x1080,185,aac,2
"/pool/TV Shows/Family Guy/Season 16/Family Guy - S16E03 - Nanny Goats.mkv",mkv,hevc,1920x1080,174,aac,2
"/pool/TV Shows/Family Guy/Season 16/Family Guy - S16E13 - V Is for Mystery.mkv",mkv,hevc,1920x1080,206,aac,6
"/pool/TV Shows/Family Guy/Season 16/Family Guy - S16E18 - HTTPete.mkv",mkv,hevc,1920x1080,203,aac,6
"/pool/TV Shows/Family Guy/Season 16/Family Guy - S16E07 - Petey IV.mkv",mkv,hevc,1920x1080,185,aac,2
"/pool/TV Shows/We Are Who We Are/Season 01/We Are Who We Are - S01E06 - Right here, right now #6.mkv",mkv,hevc,1920x1080,1327,eac3,6
"/pool/TV Shows/We Are Who We Are/Season 01/We Are Who We Are - S01E01 - Right here, right now #1.mkv",mkv,hevc,1920x1080,1563,eac3,6
"/pool/TV Shows/We Are Who We Are/Season 01/We Are Who We Are - S01E04 - Right here, right now #4.mkv",mkv,hevc,1920x1080,1382,eac3,6
"/pool/TV Shows/We Are Who We Are/Season 01/We Are Who We Are - S01E05 - Right here, right now #5.mkv",mkv,hevc,1920x1080,1596,eac3,6
"/pool/TV Shows/We Are Who We Are/Season 01/We Are Who We Are - S01E03 - Right here, right now #3.mkv",mkv,hevc,1920x1080,1543,eac3,6
"/pool/TV Shows/We Are Who We Are/Season 01/We Are Who We Are - S01E08 - Right here, right now #8 and last.mkv",mkv,hevc,1920x1080,1574,eac3,6
"/pool/TV Shows/We Are Who We Are/Season 01/We Are Who We Are - S01E07 - Right here, right now #7.mkv",mkv,hevc,1920x1080,1989,eac3,6
"/pool/TV Shows/We Are Who We Are/Season 01/We Are Who We Are - S01E02 - Right here, right now #2.mkv",mkv,hevc,1920x1080,1359,eac3,6
"/pool/TV Shows/Look Around You/Season 1/Look Around You - S01E04 - Ghosts.mkv",mkv,hevc,720x576,115,ac3,2
"/pool/TV Shows/Look Around You/Season 1/Look Around You - S01E06 - Music.mkv",mkv,hevc,720x576,127,ac3,2
"/pool/TV Shows/Look Around You/Season 1/Look Around You - S01E08 - The Brain.mkv",mkv,hevc,720x576,109,ac3,2
"/pool/TV Shows/Look Around You/Season 1/Look Around You - S01E07 - Iron.mkv",mkv,hevc,720x576,142,ac3,2
"/pool/TV Shows/Look Around You/Season 1/Look Around You - S01E01 - Maths.mkv",mkv,hevc,720x576,146,ac3,2
"/pool/TV Shows/Look Around You/Season 1/Look Around You - S01E05 - Sulphur.mkv",mkv,hevc,720x576,116,ac3,2
"/pool/TV Shows/Look Around You/Season 1/Look Around You - S01E03 - Germs.mkv",mkv,hevc,720x576,109,ac3,2
"/pool/TV Shows/Look Around You/Season 1/Look Around You - S01E02 - Water.mkv",mkv,hevc,720x576,114,ac3,2
"/pool/TV Shows/Look Around You/Season 2/Look Around You (2002) - S02E01 - Music 2000 (576p DVD x265 MONOLITH).mkv",mkv,hevc,720x576,378,ac3,2
"/pool/TV Shows/Look Around You/Season 2/Look Around You (2002) - S02E06 - Live Final (576p DVD x265 MONOLITH).mkv",mkv,hevc,720x576,403,ac3,2
"/pool/TV Shows/Look Around You/Season 2/Look Around You (2002) - S02E05 - Computers (576p DVD x265 MONOLITH).mkv",mkv,hevc,720x576,329,ac3,2
"/pool/TV Shows/Look Around You/Season 2/Look Around You (2002) - S02E04 - Food (576p DVD x265 MONOLITH).mkv",mkv,hevc,720x576,364,ac3,2
"/pool/TV Shows/Look Around You/Season 2/Look Around You (2002) - S02E02 - Health (576p DVD x265 MONOLITH).mkv",mkv,hevc,720x576,327,ac3,2
"/pool/TV Shows/Look Around You/Season 2/Look Around You (2002) - S02E03 - Sport (576p DVD x265 MONOLITH).mkv",mkv,hevc,720x576,363,ac3,2
"/pool/TV Shows/Westworld/Season 1/Westworld - S01E08 - Trace Decay.mp4",mp4,hevc,1920x1080,919,aac,6
"/pool/TV Shows/Westworld/Season 1/Westworld - S01E05 - Contrapasso.mp4",mp4,hevc,1920x1080,902,aac,6
"/pool/TV Shows/Westworld/Season 1/Westworld - S01E07 - Trompe L'Oeil.mp4",mp4,hevc,1920x1080,901,aac,6
"/pool/TV Shows/Westworld/Season 1/Westworld - S01E04 - Dissonance Theory.mp4",mp4,hevc,1920x1080,934,aac,6
"/pool/TV Shows/Westworld/Season 1/Westworld - S01E01 - The Original.mp4",mp4,hevc,1920x1080,1086,aac,6
"/pool/TV Shows/Westworld/Season 1/Westworld - S01E10 - The Bicameral Mind.mp4",mp4,hevc,1920x1080,1436,aac,6
"/pool/TV Shows/Westworld/Season 1/Westworld - S01E09 - The Well-Tempered Clavier.mp4",mp4,hevc,1920x1080,932,aac,6
"/pool/TV Shows/Westworld/Season 1/Westworld - S01E03 - The Stray.mp4",mp4,hevc,1920x1080,932,aac,6
"/pool/TV Shows/Westworld/Season 1/Westworld - S01E02 - Chestnut.mp4",mp4,hevc,1920x1080,934,aac,6
"/pool/TV Shows/Westworld/Season 1/Westworld - S01E06 - The Adversary.mp4",mp4,hevc,1920x1080,913,aac,6
"/pool/TV Shows/Westworld/Season 2/Westworld - S02E08 - Kiksuya.mp4",mp4,hevc,1920x1080,927,aac,6
"/pool/TV Shows/Westworld/Season 2/Westworld - S02E05 - Akane No Mai.mp4",mp4,hevc,1920x1080,932,aac,6
"/pool/TV Shows/Westworld/Season 2/Westworld - S02E02 - Reunion.mp4",mp4,hevc,1920x1080,922,aac,6
"/pool/TV Shows/Westworld/Season 2/Westworld - S02E04 - The Riddle of the Sphinx.mp4",mp4,hevc,1920x1080,1128,aac,6
"/pool/TV Shows/Westworld/Season 2/Westworld - S02E10 - The Passenger.mp4",mp4,hevc,1920x1080,1436,aac,6
"/pool/TV Shows/Westworld/Season 2/Westworld - S02E07 - Les Écorchés.mp4",mp4,hevc,1920x1080,933,aac,6
"/pool/TV Shows/Westworld/Season 2/Westworld - S02E01 - Journey Into Night.mp4",mp4,hevc,1920x1080,1110,aac,6
"/pool/TV Shows/Westworld/Season 2/Westworld - S02E09 - Vanishing Point.mp4",mp4,hevc,1920x1080,933,aac,6
"/pool/TV Shows/Westworld/Season 2/Westworld - S02E06 - Phase Space.mp4",mp4,hevc,1920x1080,923,aac,6
"/pool/TV Shows/Westworld/Season 2/Westworld - S02E03 - Virtù e Fortuna.mp4",mp4,hevc,1920x1080,926,aac,6
"/pool/TV Shows/Branson/Season 01/Branson - S01E01 - Words and Music.mp4",mp4,hevc,1920x1080,959,aac,6
"/pool/TV Shows/Branson/Season 01/Branson - S01E03 - Fight or Flight.mp4",mp4,hevc,1920x1080,868,aac,6
"/pool/TV Shows/Branson/Season 01/Branson - S01E02 - Atlantic.mp4",mp4,hevc,1920x1080,942,aac,6
"/pool/TV Shows/Branson/Season 01/Branson - S01E04 - Space.mp4",mp4,hevc,1920x1080,1403,aac,6
"/pool/TV Shows/Disclaimer/Disclaimer - S01E05 - V.mkv",mkv,hevc,1920x960,609,ac3,6
"/pool/TV Shows/Yellowstone (2018)/Season 5/Yellowstone (2018) - S05E13 - Give The World Away.mkv",mkv,hevc,1280x720,547,eac3,6
"/pool/TV Shows/Yellowstone (2018)/Season 5/Yellowstone (2018) - S05E12 - Counting Coup.mkv",mkv,hevc,1280x720,409,eac3,6
"/pool/TV Shows/Yellowstone (2018)/Season 5/Yellowstone (2018) - S05E11 - Three Fifty-Three.mkv",mkv,hevc,1280x720,408,eac3,6
"/pool/TV Shows/Fallout/Season 0/S0E1 - Vaultech Presents: A Special Live Report From Galaxy News.mp4",mp4,vp9,1920x1080,690,aac,2
"/pool/TV Shows/Swagger/Season 2/Swagger - S02E08 - Journey and Destination.mp4",mp4,hevc,1920x960,1000,aac,6
"/pool/TV Shows/Swagger/Season 2/Swagger - S02E05 - Are We Free.mp4",mp4,hevc,1920x960,962,aac,6
"/pool/TV Shows/Swagger/Season 2/Swagger - S02E04 - Through the Fire.mp4",mp4,hevc,1920x960,905,aac,6
"/pool/TV Shows/Swagger/Season 2/Swagger - S02E06 - Jace + Crystal.mp4",mp4,hevc,1920x960,886,aac,6
"/pool/TV Shows/Swagger/Season 2/Swagger - S02E01 - The World Ain’t Ready.mp4",mp4,hevc,1920x960,912,aac,6
"/pool/TV Shows/Swagger/Season 2/Swagger - S02E07 - Homecoming.mp4",mp4,hevc,1920x960,828,aac,6
"/pool/TV Shows/Swagger/Season 2/Swagger - S02E03 - RISE + FALL.mp4",mp4,hevc,1920x960,730,aac,6
"/pool/TV Shows/Swagger/Season 2/Swagger - S02E02 - 18.mp4",mp4,hevc,1920x960,774,aac,6
"/pool/TV Shows/Little Demon/Season 1/Little.Demon.S01E01.720p.WEBRip.x265-MiNX[TGx].mkv",mkv,hevc,1280x720,150,aac,2
"/pool/TV Shows/Little Demon/Season 1/Little.Demon.S01E02.720p.WEBRip.x265-MiNX[TGx].mkv",mkv,hevc,1280x720,122,aac,2
"/pool/TV Shows/Silver Fang Legend Weed/Season 1/Silver Fang Legend Weed - [01x18] - An Outcry to a Friend.mp4",mp4,hevc,690x576,232,ac3,2
"/pool/TV Shows/Silver Fang Legend Weed/Season 1/Silver Fang Legend Weed - [01x16] - Farewell.mp4",mp4,hevc,690x576,232,ac3,2
"/pool/TV Shows/Silver Fang Legend Weed/Season 1/Silver Fang Legend Weed - [01x12] - An Honourable Promise.mp4",mp4,hevc,690x576,232,ac3,2
"/pool/TV Shows/Silver Fang Legend Weed/Season 1/Silver Fang Legend Weed - [01x03] - Truth of the Twin Peaks.mp4",mp4,hevc,690x576,232,ac3,2
"/pool/TV Shows/Silver Fang Legend Weed/Season 1/Silver Fang Legend Weed - [01x14] - The Assassin's Slithering Dagger.mp4",mp4,hevc,690x576,232,ac3,2
"/pool/TV Shows/Silver Fang Legend Weed/Season 1/Silver Fang Legend Weed - [01x11] - Weed Awakens.mp4",mp4,hevc,690x576,232,ac3,2
"/pool/TV Shows/Silver Fang Legend Weed/Season 1/Silver Fang Legend Weed - [01x04] - Succeeding Soul.mp4",mp4,hevc,690x576,232,ac3,2
"/pool/TV Shows/Silver Fang Legend Weed/Season 1/Silver Fang Legend Weed - [01x07] - A New Rumbling.mp4",mp4,hevc,690x576,232,ac3,2
"/pool/TV Shows/Silver Fang Legend Weed/Season 1/Silver Fang Legend Weed - [01x02] - The Tool of the Leader.mp4",mp4,hevc,690x576,232,ac3,2
"/pool/TV Shows/Silver Fang Legend Weed/Season 1/Silver Fang Legend Weed - [01x09] - A Broken Oath.mp4",mp4,hevc,690x576,232,ac3,2
"/pool/TV Shows/Silver Fang Legend Weed/Season 1/Silver Fang Legend Weed - [01x26] - The True Ginga Legend.mp4",mp4,hevc,700x576,233,ac3,2
"/pool/TV Shows/Silver Fang Legend Weed/Season 1/Silver Fang Legend Weed - [01x24] - A War of Fire & Snow.mp4",mp4,hevc,700x574,232,ac3,2
"/pool/TV Shows/Silver Fang Legend Weed/Season 1/Silver Fang Legend Weed - [01x19] - A Fool's Disposition.mp4",mp4,hevc,690x576,232,ac3,2
"/pool/TV Shows/Silver Fang Legend Weed/Season 1/Silver Fang Legend Weed - [01x15] - The Zetsu Tenrou Battouga.mp4",mp4,hevc,690x576,232,ac3,2
"/pool/TV Shows/Silver Fang Legend Weed/Season 1/Silver Fang Legend Weed - [01x06] - Imminent Ambition.mp4",mp4,hevc,690x576,232,ac3,2
"/pool/TV Shows/Silver Fang Legend Weed/Season 1/Silver Fang Legend Weed - [01x25] - The Raging Stream.mp4",mp4,hevc,700x576,232,ac3,2
"/pool/TV Shows/Silver Fang Legend Weed/Season 1/Silver Fang Legend Weed - [01x17] - The Struggle in the Blizzard.mp4",mp4,hevc,690x576,232,ac3,2
"/pool/TV Shows/Silver Fang Legend Weed/Season 1/Silver Fang Legend Weed - [01x23] - The War of Futago Pass Begins.mp4",mp4,hevc,700x576,232,ac3,2
"/pool/TV Shows/Silver Fang Legend Weed/Season 1/Silver Fang Legend Weed - [01x21] - Infiltrating Gajou.mp4",mp4,hevc,690x576,232,ac3,2
"/pool/TV Shows/Silver Fang Legend Weed/Season 1/Silver Fang Legend Weed - [01x10] - The Justice of Two.mp4",mp4,hevc,690x576,232,ac3,2
"/pool/TV Shows/Silver Fang Legend Weed/Season 1/Silver Fang Legend Weed - [01x05] - Released Decision.mp4",mp4,hevc,690x576,232,ac3,2
"/pool/TV Shows/Silver Fang Legend Weed/Season 1/Silver Fang Legend Weed - [01x20] - The Ohu Suicide Corps.mp4",mp4,hevc,690x576,232,ac3,2
"/pool/TV Shows/Silver Fang Legend Weed/Season 1/Silver Fang Legend Weed - [01x13] - Eternal Pride.mp4",mp4,hevc,690x576,232,ac3,2
"/pool/TV Shows/Silver Fang Legend Weed/Season 1/Silver Fang Legend Weed - [01x01] - His Name is Weed.mp4",mp4,hevc,690x576,232,ac3,2
"/pool/TV Shows/Silver Fang Legend Weed/Season 1/Silver Fang Legend Weed - [01x08] - The Other Side Of The Bond.mp4",mp4,hevc,692x576,232,ac3,2
"/pool/TV Shows/Silver Fang Legend Weed/Season 1/Silver Fang Legend Weed - [01x22] - Father and Son.mp4",mp4,hevc,720x576,151,ac3,2
"/pool/TV Shows/Awkwafina Is Nora From Queens/Season 2/Awkwafina Is Nora From Queens - S02E04 - Edmund’s Back.mkv",mkv,hevc,1920x1080,631,eac3,6
"/pool/TV Shows/Awkwafina Is Nora From Queens/Season 2/Awkwafina Is Nora From Queens - S02E01 - Never Too Old.mkv",mkv,hevc,1920x1080,636,eac3,6
"/pool/TV Shows/Awkwafina Is Nora From Queens/Season 2/Awkwafina Is Nora From Queens - S02E06 - Nora Meets Brenda.mkv",mkv,hevc,1920x1080,636,eac3,6
"/pool/TV Shows/Awkwafina Is Nora From Queens/Season 2/Awkwafina Is Nora From Queens - S02E05 - Don’t F-k with Grandmas.mkv",mkv,hevc,1920x1080,636,eac3,6
"/pool/TV Shows/Awkwafina Is Nora From Queens/Season 2/Awkwafina Is Nora From Queens - S02E02 - Stop! Nora Time.mkv",mkv,hevc,1920x1080,651,eac3,6
"/pool/TV Shows/Awkwafina Is Nora From Queens/Season 2/Awkwafina Is Nora From Queens - S02E09 - The Simple Life.mkv",mkv,hevc,1920x1080,637,eac3,6
"/pool/TV Shows/Awkwafina Is Nora From Queens/Season 2/Awkwafina Is Nora From Queens - S02E08 - Shadow Acting.mkv",mkv,hevc,1920x1080,634,eac3,6
"/pool/TV Shows/Awkwafina Is Nora From Queens/Season 2/Awkwafina Is Nora From Queens - S02E10 - Home.mkv",mkv,hevc,1920x1080,636,eac3,6
"/pool/TV Shows/Awkwafina Is Nora From Queens/Season 2/Awkwafina Is Nora From Queens - S02E03 - Charlie’s Angels.mkv",mkv,hevc,1920x1080,632,eac3,6
"/pool/TV Shows/Awkwafina Is Nora From Queens/Season 01/Awkwafina Is Nora From Queens - S01E02 - Pilot.mkv",mkv,hevc,1920x1080,636,eac3,6
"/pool/TV Shows/Awkwafina Is Nora From Queens/Season 01/Awkwafina Is Nora From Queens - S01E06 - Not Today.mkv",mkv,hevc,1920x1080,637,eac3,6
"/pool/TV Shows/Awkwafina Is Nora From Queens/Season 01/Awkwafina Is Nora From Queens - S01E10 - China.mkv",mkv,hevc,1920x1080,636,eac3,6
"/pool/TV Shows/Awkwafina Is Nora From Queens/Season 01/Awkwafina Is Nora From Queens - S01E08 - Grandma & Chill.mkv",mkv,hevc,1920x1080,637,eac3,6
"/pool/TV Shows/Awkwafina Is Nora From Queens/Season 01/Awkwafina Is Nora From Queens - S01E03 - Atlantic City.mkv",mkv,hevc,1920x1080,636,eac3,6
"/pool/TV Shows/Awkwafina Is Nora From Queens/Season 01/Awkwafina Is Nora From Queens - S01E04 - Savage Valley.mkv",mkv,hevc,1920x1080,636,eac3,6
"/pool/TV Shows/Awkwafina Is Nora From Queens/Season 01/Awkwafina Is Nora From Queens - S01E01 - Vagarina.mkv",mkv,hevc,1920x1080,633,eac3,6
"/pool/TV Shows/Awkwafina Is Nora From Queens/Season 01/Awkwafina Is Nora From Queens - S01E09 - Launch Party.mkv",mkv,hevc,1920x1080,632,eac3,6
"/pool/TV Shows/Awkwafina Is Nora From Queens/Season 01/Awkwafina Is Nora From Queens - S01E05 - Paperwork.mkv",mkv,hevc,1920x1080,626,eac3,6
"/pool/TV Shows/Awkwafina Is Nora From Queens/Season 01/Awkwafina Is Nora From Queens - S01E07 - Grandma Loves Nora.mkv",mkv,hevc,1920x1080,637,eac3,6
"/pool/TV Shows/Mike Nolans Long Weekend {tvdb-376255}/Season 1/S01E01 Kick'n the Footy.mp4",mp4,av1,1920x1080,29,aac,2
"/pool/TV Shows/Mike Nolans Long Weekend {tvdb-376255}/Season 1/S01E03 The Pub.mkv",mkv,vp9,1920x1080,37,aac,2
"/pool/TV Shows/Mike Nolans Long Weekend {tvdb-376255}/Season 1/S01E02 Out on the Tinny.mkv",mkv,vp9,1920x1080,33,aac,2
"/pool/TV Shows/Mike Nolans Long Weekend {tvdb-376255}/Season 1/S01E04 Quarter Pipe.mkv",mkv,vp9,1920x1080,21,aac,2
"/pool/TV Shows/Mike Nolans Long Weekend {tvdb-376255}/Season 1/S01E05 BBQ.mp4",mp4,av1,1920x1080,43,aac,2
"/pool/TV Shows/The Shrink Next Door/Season 1/The Shrink Next Door - S01E06 - The Party.mkv",mkv,hevc,1920x1038,1422,eac3,6
"/pool/TV Shows/The Shrink Next Door/Season 1/The Shrink Next Door - S01E05 - The Family Tree.mkv",mkv,hevc,1920x1038,1416,eac3,6
"/pool/TV Shows/The Shrink Next Door/Season 1/The Shrink Next Door - S01E07 - The Breakthrough.mkv",mkv,hevc,1920x1038,1437,eac3,6
"/pool/TV Shows/The Shrink Next Door/Season 1/The Shrink Next Door - S01E02 - The Ceremony.mkv",mkv,hevc,1920x1038,1391,eac3,6
"/pool/TV Shows/The Shrink Next Door/Season 1/The Shrink Next Door - S01E04 - The Foundation.mkv",mkv,hevc,1920x1038,1555,eac3,6
"/pool/TV Shows/The Shrink Next Door/Season 1/The Shrink Next Door - S01E01 - The Consultation.mkv",mkv,hevc,1920x1038,1219,eac3,6
"/pool/TV Shows/The Shrink Next Door/Season 1/The Shrink Next Door - S01E03 - The Treatment.mkv",mkv,hevc,1920x1038,1705,eac3,6
"/pool/TV Shows/The Shrink Next Door/Season 1/The Shrink Next Door - S01E08 - The Verdict.mkv",mkv,hevc,1920x1038,1649,eac3,6
"/pool/TV Shows/Mobile Suit Gundam - The Witch From Mercury/Mobile Suit Gundam - The Witch from Mercury - S01E24 - Final Episode.mkv",mkv,hevc,1920x1080,495,aac,2
"/pool/TV Shows/Mobile Suit Gundam - The Witch From Mercury/Mobile Suit Gundam - The Witch from Mercury - S00E01 - Prologue.mkv",mkv,hevc,1920x1080,1076,aac,2
"/pool/TV Shows/Mobile Suit Gundam - The Witch From Mercury/Mobile Suit Gundam - The Witch From Mercury - S01E05 - Reflection in an Icy Eye.mkv",mkv,hevc,1920x1080,464,aac,2
"/pool/TV Shows/Mobile Suit Gundam - The Witch From Mercury/Mobile Suit Gundam - The Witch From Mercury - S01E03 - Guel's Pride.mkv",mkv,hevc,1920x1080,440,opus,2
"/pool/TV Shows/Mobile Suit Gundam - The Witch From Mercury/Mobile Suit Gundam - The Witch From Mercury - S01E10 - Circling Thoughts.mkv",mkv,hevc,1920x1080,313,aac,2
"/pool/TV Shows/Mobile Suit Gundam - The Witch From Mercury/Mobile Suit Gundam - The Witch From Mercury - S01E06 - A Gloomy Song.mkv",mkv,hevc,1920x1080,406,aac,2
"/pool/TV Shows/Mobile Suit Gundam - The Witch From Mercury/Mobile Suit Gundam - The Witch from Mercury - S01E13 - Envoys from the Earth.mkv",mkv,hevc,1920x1080,460,aac,2
"/pool/TV Shows/Mobile Suit Gundam - The Witch From Mercury/Mobile Suit Gundam - The Witch From Mercury - S01E02 - The Cursed Mobile Suit.mkv",mkv,hevc,1920x1080,330,aac,2
"/pool/TV Shows/Mobile Suit Gundam - The Witch From Mercury/Mobile Suit Gundam - The Witch From Mercury - S01E01 - The Witch and the Bride.mkv",mkv,hevc,1920x1080,525,aac,2
"/pool/TV Shows/Mobile Suit Gundam - The Witch From Mercury/Mobile Suit Gundam - The Witch From Mercury - S01E04 - Unseen Trap.mkv",mkv,hevc,1920x1080,372,aac,2
"/pool/TV Shows/Star Trek- Short Treks {tvdb-376108}/S1/Star Trek - Short Treks (2018) S01E04 The Escape Artist (1080p AMZN Webrip x265 10bit EAC3 5.1 - Goki)[TAoE].mkv",mkv,hevc,1920x816,490,eac3,6
"/pool/TV Shows/Star Trek- Short Treks {tvdb-376108}/S1/Star Trek - Short Treks (2018) S01E02 Calypso (1080p AMZN Webrip x265 10bit EAC3 5.1 - Goki)[TAoE].mkv",mkv,hevc,1920x960,327,eac3,6
"/pool/TV Shows/Star Trek- Short Treks {tvdb-376108}/S1/Star Trek - Short Treks (2018) S01E01 Runaway (1080p AMZN Webrip x265 10bit EAC3 5.1 - Goki)[TAoE].mkv",mkv,hevc,1920x1080,374,eac3,6
"/pool/TV Shows/Star Trek- Short Treks {tvdb-376108}/S1/Star Trek - Short Treks (2018) S01E03 The Brightest Star (1080p AMZN Webrip x265 10bit EAC3 5.1 - Goki)[TAoE].mkv",mkv,hevc,1920x1080,290,eac3,6
"/pool/TV Shows/Star Trek- Short Treks {tvdb-376108}/S2/Star Trek - Short Treks (2018) S02E04 Ephraim and Dot (1080p AMZN Webrip x265 10bit EAC3 5.1 - Goki)[TAoE].mkv",mkv,hevc,1920x800,290,eac3,6
"/pool/TV Shows/Star Trek- Short Treks {tvdb-376108}/S2/Star Trek - Short Treks (2018) S02E03 Ask Not (1080p AMZN Webrip x265 10bit EAC3 5.1 - Goki)[TAoE].mkv",mkv,hevc,1920x1080,185,eac3,6
"/pool/TV Shows/Star Trek- Short Treks {tvdb-376108}/S2/Star Trek - Short Treks (2018) S02E02 The Trouble with Edward (1080p AMZN Webrip x265 10bit EAC3 5.1 - Goki)[TAoE].mkv",mkv,hevc,1920x1080,530,eac3,6
"/pool/TV Shows/Star Trek- Short Treks {tvdb-376108}/S2/Star Trek - Short Treks (2018) S02E05 The Girl Who Made the Stars (1080p AMZN Webrip x265 10bit EAC3 5.1 - Goki)[TAoE].mkv",mkv,hevc,1920x800,170,eac3,6
"/pool/TV Shows/Star Trek- Short Treks {tvdb-376108}/S2/Star Trek - Short Treks (2018) S02E06 Children of Mars (1080p AMZN Webrip x265 10bit EAC3 5.1 - Goki)[TAoE].mkv",mkv,hevc,1920x800,218,eac3,6
"/pool/TV Shows/Star Trek- Short Treks {tvdb-376108}/S2/Star Trek - Short Treks (2018) S02E01 Q&A (1080p AMZN Webrip x265 10bit EAC3 5.1 - Goki)[TAoE].mkv",mkv,hevc,1920x800,354,eac3,6
"/pool/TV Shows/Sunny/Sunny - S01E10 - The Dark Manual.mkv",mkv,hevc,1918x800,396,eac3,6
"/pool/TV Shows/Gary and His Demons/S1/Gary and His Demons (2018) - S01E01 - Still the One (1080p VRV WEB-DL x265 RCVR).mkv",mkv,hevc,1920x1080,93,aac,2
"/pool/TV Shows/Gary and His Demons/S1/Gary and His Demons (2018) - S01E10 - Gary and His Vacation (1080p VRV WEB-DL x265 RCVR).mkv",mkv,hevc,1920x1080,92,aac,2
"/pool/TV Shows/Gary and His Demons/S1/Gary and His Demons (2018) - S01E14 - The Seven (1080p VRV WEB-DL x265 RCVR).mkv",mkv,hevc,1920x1080,94,aac,2
"/pool/TV Shows/Gary and His Demons/S1/Gary and His Demons (2018) - S01E04 - Gary Goes Home (1080p VRV WEB-DL x265 RCVR).mkv",mkv,hevc,1920x1080,94,aac,2
"/pool/TV Shows/Gary and His Demons/S1/Gary and His Demons (2018) - S01E02 - Grundleman (1080p VRV WEB-DL x265 RCVR).mkv",mkv,hevc,1920x1080,95,aac,2
"/pool/TV Shows/Gary and His Demons/S1/Gary and His Demons (2018) - S01E15 - Gary and His Birthday (1080p VRV WEB-DL x265 RCVR).mkv",mkv,hevc,1920x1080,95,aac,2
"/pool/TV Shows/Gary and His Demons/S1/Gary and His Demons (2018) - S01E07 - Gary and His Niece (1080p VRV WEB-DL x265 RCVR).mkv",mkv,hevc,1920x1080,97,aac,2
"/pool/TV Shows/Gary and His Demons/S1/Gary and His Demons (2018) - S01E08 - Gary Goes Back to School (1080p VRV WEB-DL x265 RCVR).mkv",mkv,hevc,1920x1080,92,aac,2
"/pool/TV Shows/Gary and His Demons/S1/Gary and His Demons (2018) - S01E05 - Guy on the Tiger (1080p VRV WEB-DL x265 RCVR).mkv",mkv,hevc,1920x1080,93,aac,2
"/pool/TV Shows/Gary and His Demons/S1/Gary and His Demons (2018) - S01E06 - Leslie and Her Demons (1080p VRV WEB-DL x265 RCVR).mkv",mkv,hevc,1920x1080,97,aac,2
"/pool/TV Shows/Gary and His Demons/S1/Gary and His Demons (2018) - S01E03 - Fleshler '99 (1080p VRV WEB-DL x265 RCVR).mkv",mkv,hevc,1920x1080,96,aac,2
"/pool/TV Shows/Gary and His Demons/S1/Gary and His Demons (2018) - S01E12 - Gary and His Brother (1080p VRV WEB-DL x265 RCVR).mkv",mkv,hevc,1920x1080,95,aac,2
"/pool/TV Shows/Gary and His Demons/S1/Gary and His Demons (2018) - S01E13 - Gary the Bodyguard (1080p VRV WEB-DL x265 RCVR).mkv",mkv,hevc,1920x1080,100,aac,2
"/pool/TV Shows/Gary and His Demons/S1/Gary and His Demons (2018) - S01E16 - Gary and His New Life (1080p VRV WEB-DL x265 RCVR).mkv",mkv,hevc,1920x1080,104,aac,2
"/pool/TV Shows/Gary and His Demons/S1/Gary and His Demons (2018) - S01E09 - Gary and His Love Life (1080p VRV WEB-DL x265 RCVR).mkv",mkv,hevc,1920x1080,95,aac,2
"/pool/TV Shows/Gary and His Demons/S1/Gary and His Demons (2018) - S01E11 - Heavy Metal (1080p VRV WEB-DL x265 RCVR).mkv",mkv,hevc,1920x1080,96,aac,2
"/pool/TV Shows/The Grand Tour/Season 3/The Grand Tour - S03E05 - An Itchy Urus.mkv",mkv,hevc,1920x1080,796,aac,2
"/pool/TV Shows/The Grand Tour/Season 3/The Grand Tour - S03E01 - Motown Funk.mkv",mkv,hevc,1920x1080,944,aac,2
"/pool/TV Shows/The Grand Tour/Season 3/The Grand Tour - S03E08 - International Buffoons' Vacation.mkv",mkv,hevc,1920x1080,1120,aac,2
"/pool/TV Shows/The Grand Tour/Season 3/The Grand Tour - S03E14 - Funeral for a Ford.mkv",mkv,hevc,1920x1072,558,aac,6
"/pool/TV Shows/The Grand Tour/Season 3/The Grand Tour - S03E04 - Pick Up, Put Downs.mkv",mkv,hevc,1920x1080,846,aac,2
"/pool/TV Shows/The Grand Tour/Season 3/The Grand Tour - S03E09 - Aston, Astronauts and Angelina's Children.mkv",mkv,hevc,1920x1080,853,aac,2
"/pool/TV Shows/The Legend of Vox Machina/Season 02/The Legend of Vox Machina - S02E08 - Echo Tree.mkv",mkv,hevc,1280x720,97,aac,2
"/pool/TV Shows/The Legend of Vox Machina/Season 02/The Legend of Vox Machina - S02E09 - A Test of Pride.mkv",mkv,hevc,1280x720,89,aac,2
"/pool/TV Shows/Win or Lose/Season 1/Win or Lose - S01E01 - Coach's Kid.mkv",mkv,av1,1920x1080,256,eac3,6
"/pool/TV Shows/Win or Lose/Season 1/Win or Lose - S01E03 - Raspberry.mkv",mkv,hevc,1920x1080,288,eac3,6
"/pool/TV Shows/Win or Lose/Season 1/Win or Lose - S01E02 - Blue.mkv",mkv,hevc,1920x1080,277,eac3,6
"/pool/TV Shows/Win or Lose/Season 1/Win or Lose - S01E06 - Mixed Signals.mkv",mkv,av1,1920x1080,297,eac3,6
"/pool/TV Shows/Grimsburg/Grimsburg - S02E01 - Haunted Housewife.mkv",mkv,hevc,1280x720,99,aac,2
"/pool/TV Shows/Grimsburg/Grimsburg - S01E06 - Murder on the Splurt Express.mkv",mkv,hevc,1920x1080,279,ac3,6
"/pool/TV Shows/Grimsburg/Grimsburg - S01E12 - Younger Games.mkv",mkv,hevc,1920x1080,235,ac3,2
"/pool/TV Shows/Grimsburg/Grimsburg - S01E09 - The Funaways.mkv",mkv,hevc,1920x1080,252,ac3,2
"/pool/TV Shows/Grimsburg/Grimsburg - S01E07 - Camp Slasher.mkv",mkv,hevc,1920x1080,264,ac3,2
"/pool/TV Shows/Grimsburg/Grimsburg - S01E11 - And the Winner Is. Murder!.mkv",mkv,hevc,1920x1080,249,ac3,2
"/pool/TV Shows/Grimsburg/Grimsburg - S01E08 - Manchine.mkv",mkv,hevc,1920x1080,232,ac3,2
"/pool/TV Shows/Grimsburg/Grimsburg - S01E03 - McSnuff the Mystery Mutt.mkv",mkv,hevc,1920x1080,228,ac3,2
"/pool/TV Shows/Grimsburg/Grimsburg - S01E05 - Say Yes to the Death.mkv",mkv,hevc,1920x1080,218,ac3,2
"/pool/TV Shows/Grimsburg/Grimsburg - S01E13 - The Danish Dilemma.mkv",mkv,hevc,1920x1080,221,ac3,2
"/pool/TV Shows/Battlestar Galactica (2004)/Battlestar Galactica (2003) - S01E05 - You Can't Go Home Again.mkv",mkv,hevc,1920x1080,438,aac,6
"/pool/TV Shows/Battlestar Galactica (2004)/Battlestar Galactica (2003) - S01E06 - Litmus.mkv",mkv,hevc,1920x1080,437,aac,6
"/pool/TV Shows/Battlestar Galactica (2004)/Battlestar Galactica (2003) - S01E12 - Kobol's Last Gleaming (1).mkv",mkv,hevc,1920x1080,438,aac,6
"/pool/TV Shows/Battlestar Galactica (2004)/Battlestar Galactica (2003) - S01E07 - Six Degrees of Separation.mkv",mkv,hevc,1920x1080,438,aac,6
"/pool/TV Shows/Battlestar Galactica (2004)/Battlestar Galactica (2003) - S01E01 - 33.mkv",mkv,hevc,1920x1080,447,aac,6
"/pool/TV Shows/Battlestar Galactica (2004)/Battlestar Galactica (2003) - S01E02 - Water.mkv",mkv,hevc,1920x1080,437,aac,6
"/pool/TV Shows/Battlestar Galactica (2004)/Battlestar Galactica (2003) - S01E04 - Act of Contrition.mkv",mkv,hevc,1920x1080,437,aac,6
"/pool/TV Shows/Battlestar Galactica (2004)/Battlestar Galactica (2003) - S01E08 - Flesh and Bone.mkv",mkv,hevc,1920x1080,437,aac,6
"/pool/TV Shows/Battlestar Galactica (2004)/Battlestar Galactica (2003) - S01E09 - Tigh Me Up, Tigh Me Down.mkv",mkv,hevc,1920x1080,438,aac,6
"/pool/TV Shows/Battlestar Galactica (2004)/Battlestar Galactica (2003) - S01E10 - The Hand of God.mkv",mkv,hevc,1920x1080,438,aac,6
"/pool/TV Shows/Battlestar Galactica (2004)/Battlestar Galactica (2003) - S01E11 - Colonial Day.mkv",mkv,hevc,1920x1080,438,aac,6
"/pool/TV Shows/Battlestar Galactica (2004)/Battlestar Galactica (2003) - S01E13 - Kobol's Last Gleaming (2).mkv",mkv,hevc,1920x1080,438,aac,6
"/pool/TV Shows/Battlestar Galactica (2004)/Battlestar Galactica (2003) - S01E03 - Bastille Day.mkv",mkv,hevc,1920x1080,438,aac,6
"/pool/TV Shows/The Sopranos/The Sopranos - S02E09 - From Where to Eternity.mp4",mp4,hevc,1920x1080,885,aac,6
"/pool/TV Shows/The Sopranos/The Sopranos - S06E17 - Walk Like a Man.mp4",mp4,hevc,1920x1080,887,aac,6
"/pool/TV Shows/The Sopranos/The Sopranos - S01E01 - Pilot.mp4",mp4,hevc,1920x1080,958,aac,6
"/pool/TV Shows/The Sopranos/The Sopranos - S04E04 - The Weight.mp4",mp4,hevc,1920x1080,933,aac,6
"/pool/TV Shows/The Sopranos/The Sopranos - S03E04 - Employee of the Month.mp4",mp4,hevc,1920x1080,843,aac,6
"/pool/TV Shows/The Sopranos/The Sopranos - S01E09 - Boca.mp4",mp4,hevc,1920x1080,824,aac,6
"/pool/TV Shows/The Sopranos/The Sopranos - S03E12 - Amour Fou.mp4",mp4,hevc,1920x1080,958,aac,6
"/pool/TV Shows/The Sopranos/The Sopranos - S02E08 - Full Leather Jacket.mp4",mp4,hevc,1920x1080,684,aac,6
"/pool/TV Shows/The Sopranos/The Sopranos - S03E05 - Another Toothpick.mp4",mp4,hevc,1920x1080,957,aac,6
"/pool/TV Shows/The Sopranos/The Sopranos - S01E02 - 46 Long.mp4",mp4,hevc,1920x1080,793,aac,6
"/pool/TV Shows/The Sopranos/The Sopranos - S03E07 - Second Opinion.mp4",mp4,hevc,1920x1080,948,aac,6
"/pool/TV Shows/The Sopranos/The Sopranos - S01E03 - Denial, Anger, Acceptance.mp4",mp4,hevc,1920x1080,715,aac,6
"/pool/TV Shows/The Sopranos/The Sopranos - S01E10 - A Hit Is a Hit.mp4",mp4,hevc,1920x1080,843,aac,6
"/pool/TV Shows/The Sopranos/The Sopranos - S02E07 - D-Girl.mp4",mp4,hevc,1920x1080,895,aac,6
"/pool/TV Shows/The Sopranos/The Sopranos - S04E13 - Whitecaps.mp4",mp4,hevc,1920x1080,1200,aac,6
"/pool/TV Shows/The Sopranos/The Sopranos - S03E03 - Fortunate Son.mp4",mp4,hevc,1920x1080,934,aac,6
"/pool/TV Shows/The Sopranos/The Sopranos - S03E09 - The Telltale Moozadell.mp4",mp4,hevc,1920x1080,888,aac,6
"/pool/TV Shows/The Sopranos/The Sopranos - S04E09 - Whoever Did This.mp4",mp4,hevc,1920x1080,924,aac,6
"/pool/TV Shows/The Sopranos/The Sopranos - S02E13 - Funhouse.mp4",mp4,hevc,1920x1080,945,aac,6
"/pool/TV Shows/The Sopranos/The Sopranos - S06E10 - Moe n' Joe.mp4",mp4,hevc,1920x1080,857,aac,6
"/pool/TV Shows/The Sopranos/The Sopranos - S06E02 - Join the Club.mp4",mp4,hevc,1920x1080,862,aac,6
"/pool/TV Shows/The Sopranos/The Sopranos - S01E07 - Down Neck.mp4",mp4,hevc,1920x1080,822,aac,6
"/pool/TV Shows/The Sopranos/The Sopranos - S06E13 - Soprano Home Movies.mp4",mp4,hevc,1920x1080,822,aac,6
"/pool/TV Shows/The Sopranos/The Sopranos - S06E21 - Made in America.mp4",mp4,hevc,1920x1080,973,aac,6
"/pool/TV Shows/The Sopranos/The Sopranos - S06E07 - Luxury Lounge.mp4",mp4,hevc,1920x1080,876,aac,6
"/pool/TV Shows/The Sopranos/The Sopranos - S02E10 - Bust Out.mp4",mp4,hevc,1920x1080,947,aac,6
"/pool/TV Shows/The Sopranos/The Sopranos - S06E05 - Mr. & Mrs. John Sacrimoni Request.mp4",mp4,hevc,1920x1080,839,aac,6
"/pool/TV Shows/The Sopranos/The Sopranos - S04E01 - For All Debts Public and Private.mp4",mp4,hevc,1920x1080,922,aac,6
"/pool/TV Shows/The Sopranos/The Sopranos - S06E11 - Cold Stones.mp4",mp4,hevc,1920x1080,897,aac,6
"/pool/TV Shows/The Sopranos/The Sopranos - S02E11 - House Arrest.mp4",mp4,hevc,1920x1080,917,aac,6
"/pool/TV Shows/The Sopranos/The Sopranos - S05E13 - All Due Respect.mp4",mp4,hevc,1920x1080,881,aac,6
"/pool/TV Shows/The Sopranos/The Sopranos - S06E08 - Johnny Cakes.mp4",mp4,hevc,1920x1080,863,aac,6
"/pool/TV Shows/The Sopranos/The Sopranos - S03E06 - University.mp4",mp4,hevc,1920x1080,782,aac,6
"/pool/TV Shows/The Sopranos/The Sopranos - S04E10 - The Strong, Silent Type.mp4",mp4,hevc,1920x1080,853,aac,6
"/pool/TV Shows/The Sopranos/The Sopranos - S06E18 - Kennedy and Heidi.mp4",mp4,hevc,1920x1080,847,aac,6
"/pool/TV Shows/The Sopranos/The Sopranos - S04E06 - Everybody Hurts.mp4",mp4,hevc,1920x1080,881,aac,6
"/pool/TV Shows/The Sopranos/The Sopranos - S04E02 - No-Show.mp4",mp4,hevc,1920x1080,918,aac,6
"/pool/TV Shows/The Sopranos/The Sopranos - S03E11 - Pine Barrens.mp4",mp4,hevc,1920x1080,954,aac,6
"/pool/TV Shows/The Sopranos/The Sopranos - S04E12 - Eloise.mp4",mp4,hevc,1920x1080,895,aac,6
"/pool/TV Shows/The Sopranos/The Sopranos - S01E11 - Nobody Knows Anything.mp4",mp4,hevc,1920x1080,790,aac,6
"/pool/TV Shows/The Sopranos/The Sopranos - S02E05 - Big Girls Don't Cry.mp4",mp4,hevc,1920x1080,828,aac,6
"/pool/TV Shows/The Sopranos/The Sopranos - S01E04 - Meadowlands.mp4",mp4,hevc,1920x1080,847,aac,6
"/pool/TV Shows/The Sopranos/The Sopranos - S03E13 - The Army of One.mp4",mp4,hevc,1920x1080,958,aac,6
"/pool/TV Shows/The Sopranos/The Sopranos - S06E04 - The Fleshy Part of the Thigh.mp4",mp4,hevc,1920x1080,915,aac,6
"/pool/TV Shows/The Sopranos/The Sopranos - S01E05 - College.mp4",mp4,hevc,1920x1080,904,aac,6
"/pool/TV Shows/The Sopranos/The Sopranos - S01E13 - I Dream of Jeannie Cusamano.mp4",mp4,hevc,1920x1080,965,aac,6
"/pool/TV Shows/The Sopranos/The Sopranos - S02E02 - Do Not Resuscitate.mp4",mp4,hevc,1920x1080,803,aac,6
"/pool/TV Shows/The Sopranos/The Sopranos - S03E08 - He Is Risen.mp4",mp4,hevc,1920x1080,863,aac,6
"/pool/TV Shows/The Sopranos/The Sopranos - S01E06 - Pax Soprana.mp4",mp4,hevc,1920x1080,796,aac,6
"/pool/TV Shows/The Sopranos/The Sopranos - S05E10 - Cold Cuts.mp4",mp4,hevc,1920x1080,846,aac,6
"/pool/TV Shows/The Sopranos/The Sopranos - S06E20 - The Blue Comet.mp4",mp4,hevc,1920x1080,811,aac,6
"/pool/TV Shows/The Sopranos/The Sopranos - S05E06 - Sentimental Education.mp4",mp4,hevc,1920x1080,878,aac,6
"/pool/TV Shows/The Sopranos/The Sopranos - S05E07 - In Camelot.mp4",mp4,hevc,1920x1080,877,aac,6
"/pool/TV Shows/The Sopranos/The Sopranos - S02E03 - Toodle-F-king-Oo.mp4",mp4,hevc,1920x1080,810,aac,6
"/pool/TV Shows/The Sopranos/The Sopranos - S05E05 - Irregular Around the Margins.mp4",mp4,hevc,1920x1080,826,aac,6
"/pool/TV Shows/The Sopranos/The Sopranos - S06E06 - Live Free or Die.mp4",mp4,hevc,1920x1080,877,aac,6
"/pool/TV Shows/The Sopranos/The Sopranos - S05E01 - Two Tonys.mp4",mp4,hevc,1920x1080,857,aac,6
"/pool/TV Shows/The Sopranos/The Sopranos - S03E02 - Proshai, Livushka.mp4",mp4,hevc,1920x1080,910,aac,6
"/pool/TV Shows/The Sopranos/The Sopranos - S02E06 - The Happy Wanderer.mp4",mp4,hevc,1920x1080,814,aac,6
"/pool/TV Shows/The Sopranos/The Sopranos - S05E09 - Unidentified Black Males.mp4",mp4,hevc,1920x1080,939,aac,6
"/pool/TV Shows/The Sopranos/The Sopranos - S04E08 - Mergers and Acquisitions.mp4",mp4,hevc,1920x1080,894,aac,6
"/pool/TV Shows/The Sopranos/The Sopranos - S02E04 - Commendatori.mp4",mp4,hevc,1920x1080,836,aac,6
"/pool/TV Shows/The Sopranos/The Sopranos - S04E05 - Pie-o-My.mp4",mp4,hevc,1920x1080,871,aac,6
"/pool/TV Shows/The Sopranos/The Sopranos - S06E16 - Chasing It.mp4",mp4,hevc,1920x1080,797,aac,6
"/pool/TV Shows/The Sopranos/The Sopranos - S06E14 - Stage 5.mp4",mp4,hevc,1920x1080,901,aac,6
"/pool/TV Shows/The Sopranos/The Sopranos - S02E12 - The Knight in White Satin Armor.mp4",mp4,hevc,1920x1080,959,aac,6
"/pool/TV Shows/The Sopranos/The Sopranos - S05E11 - The Test Dream.mp4",mp4,hevc,1920x1080,798,aac,6
"/pool/TV Shows/The Sopranos/The Sopranos - S06E15 - Remember When.mp4",mp4,hevc,1920x1080,928,aac,6
"/pool/TV Shows/The Sopranos/The Sopranos - S05E04 - All Happy Families.mp4",mp4,hevc,1920x1080,841,aac,6
"/pool/TV Shows/The Sopranos/The Sopranos - S06E12 - Kaisha.mp4",mp4,hevc,1920x1080,943,aac,6
"/pool/TV Shows/The Sopranos/The Sopranos - S06E09 - The Ride.mp4",mp4,hevc,1920x1080,862,aac,6
"/pool/TV Shows/The Sopranos/The Sopranos - S05E12 - Long Term Parking.mp4",mp4,hevc,1920x1080,903,aac,6
"/pool/TV Shows/The Sopranos/The Sopranos - S01E12 - Isabella.mp4",mp4,hevc,1920x1080,756,aac,6
"/pool/TV Shows/The Sopranos/The Sopranos - S04E03 - Christopher.mp4",mp4,hevc,1920x1080,865,aac,6
"/pool/TV Shows/The Sopranos/The Sopranos - S01E08 - The Legend of Tennessee Moltisanti.mp4",mp4,hevc,1920x1080,780,aac,6
"/pool/TV Shows/The Sopranos/The Sopranos - S06E19 - The Second Coming.mp4",mp4,hevc,1920x1080,848,aac,6
"/pool/TV Shows/The Sopranos/The Sopranos - S03E10 - To Save Us All from Satan's Power.mp4",mp4,hevc,1920x1080,729,aac,6
"/pool/TV Shows/The Sopranos/The Sopranos - S04E11 - Calling All Cars.mp4",mp4,hevc,1920x1080,765,aac,6
"/pool/TV Shows/The Sopranos/The Sopranos - S04E07 - Watching Too Much Television.mp4",mp4,hevc,1920x1080,859,aac,6
"/pool/TV Shows/The Sopranos/The Sopranos - S05E08 - Marco Polo.mp4",mp4,hevc,1920x1080,854,aac,6
"/pool/TV Shows/The Sopranos/The Sopranos - S06E03 - Mayham.mp4",mp4,hevc,1920x1080,895,aac,6
"/pool/TV Shows/The Sopranos/The Sopranos - S03E01 - Mr. Ruggerio's Neighborhood.mp4",mp4,hevc,1920x1080,784,aac,6
"/pool/TV Shows/The Sopranos/The Sopranos - S02E01 - Guy Walks into a Psychiatrist’s Office.mp4",mp4,hevc,1920x1080,789,aac,6
"/pool/TV Shows/The Sopranos/The Sopranos - S05E02 - Rat Pack.mp4",mp4,hevc,1920x1080,906,aac,6
"/pool/TV Shows/The Sopranos/The Sopranos - S06E01 - Members Only.mp4",mp4,hevc,1920x1080,835,aac,6
"/pool/TV Shows/The Sopranos/The Sopranos - S05E03 - Where's Johnny.mp4",mp4,hevc,1920x1080,872,aac,6
"/pool/TV Shows/YOLO - Crystal Fantasy/Season 3/YOLO - S03E02 - Winery Crawl Slip and Slide Ride (MMM YUMMY WINE LOL -KISSYS-).mkv",mkv,hevc,1920x1080,143,eac3,6
"/pool/TV Shows/YOLO - Crystal Fantasy/Season 3/YOLO - S03E07 - The Wollongong Santa Pub Crawl!!!!!!!!!!!!!!!!!!!!!!!!!!!!!!!!!!!!!!!! RAWR!!!.mkv",mkv,hevc,1920x1080,139,eac3,6
"/pool/TV Shows/YOLO - Crystal Fantasy/Season 3/YOLO - S03E04 - All Night Gaming 2.mkv",mkv,hevc,1920x1080,110,eac3,6
"/pool/TV Shows/YOLO - Crystal Fantasy/Season 3/YOLO - S03E06 - Our Lovely Jubbly, Wovley, Bubbly, Zubbly, Lovely, Bubbly Wubbly Tasmania -P.mkv",mkv,hevc,1920x1080,145,eac3,6
"/pool/TV Shows/YOLO - Crystal Fantasy/Season 3/YOLO - S03E03 - hiiiii, watchu doinnn -) nm u!, thats gud, hahah, whatcya up tooooooo, nothing muuuuch, haha saame.mkv",mkv,hevc,1920x1080,130,eac3,6
"/pool/TV Shows/YOLO - Crystal Fantasy/Season 3/YOLO - S03E05 - SOMEONE COME BRING ME FOOD AND ENTERTAIN ME! (SNOW EP) (SPONSOR MONSTER EP).mkv",mkv,hevc,1920x1080,131,eac3,6
"/pool/TV Shows/YOLO - Crystal Fantasy/Season 02/YOLO - S02E08 - This is LITERALLY the Finale.mkv",mkv,hevc,1920x1080,342,aac,6
"/pool/TV Shows/YOLO - Crystal Fantasy/Season 02/YOLO - S02E06 - The Parents Episode.mkv",mkv,hevc,1920x1080,132,aac,6
"/pool/TV Shows/YOLO - Crystal Fantasy/Season 01/YOLO - Crystal Fantasy - S01E08 - Enter Bushworld Part Two.avi",avi,mpeg4,640x360,108,mp3,2
"/pool/TV Shows/Fargo/Season 3/Fargo - S03E05 - The House of Special Purpose.mkv",mkv,hevc,1920x960,756,aac,6
"/pool/TV Shows/Fargo/Season 3/Fargo - S03E06 - The Lord of No Mercy.mkv",mkv,hevc,1920x960,499,aac,6
"/pool/TV Shows/Fargo/Season 3/Fargo - S03E07 - The Law of Inevitability.mkv",mkv,hevc,1920x960,479,aac,6
"/pool/TV Shows/Fargo/Season 3/Fargo - S03E10 - Somebody to Love.mkv",mkv,hevc,1920x960,725,aac,6
"/pool/TV Shows/Fargo/Season 3/Fargo - S03E09 - Aporia.mkv",mkv,hevc,1920x960,612,aac,6
"/pool/TV Shows/Fargo/Season 3/Fargo - S03E03 - The Law of Non-Contradiction.mkv",mkv,hevc,1920x960,699,aac,6
"/pool/TV Shows/Fargo/Season 3/Fargo - S03E02 - The Principle of Restricted Choice.mkv",mkv,hevc,1920x960,646,aac,6
"/pool/TV Shows/Fargo/Season 3/Fargo - S03E01 - The Law of Vacant Places.mkv",mkv,hevc,1920x960,742,aac,6
"/pool/TV Shows/Fargo/Season 3/Fargo - S03E08 - Who Rules the Land of Denial.mkv",mkv,hevc,1920x960,708,aac,6
"/pool/TV Shows/Fargo/Season 3/Fargo - S03E04 - The Narrow Escape Problem.mkv",mkv,hevc,1920x960,565,aac,6
"/pool/TV Shows/Fargo/Season 2/Fargo - S02E08 - Loplop.mkv",mkv,hevc,1916x1076,647,aac,6
"/pool/TV Shows/Fargo/Season 2/Fargo - S02E01 - Waiting for Dutch.mkv",mkv,hevc,1916x1076,476,aac,6
"/pool/TV Shows/Fargo/Season 2/Fargo - S02E06 - Rhinoceros.mkv",mkv,hevc,1920x1080,552,aac,6
"/pool/TV Shows/Fargo/Season 2/Fargo - S02E05 - The Gift of the Magi.mkv",mkv,hevc,1920x1080,811,aac,6
"/pool/TV Shows/Fargo/Season 2/Fargo - S02E10 - Palindrome.mkv",mkv,hevc,1916x1076,569,aac,6
"/pool/TV Shows/Fargo/Season 2/Fargo - S02E04 - Fear and Trembling.mkv",mkv,hevc,1920x1080,635,aac,6
"/pool/TV Shows/Fargo/Season 2/Fargo - S02E02 - Before the Law.mkv",mkv,hevc,1916x1076,589,aac,6
"/pool/TV Shows/Fargo/Season 2/Fargo - S02E07 - Did You Do This! No, You Did It!.mkv",mkv,hevc,1916x1076,805,aac,6
"/pool/TV Shows/Fargo/Season 2/Fargo - S02E09 - The Castle.mkv",mkv,hevc,1916x1076,628,aac,6
"/pool/TV Shows/Fargo/Season 2/Fargo - S02E03 - The Myth of Sisyphus.mkv",mkv,hevc,1920x1080,626,aac,6
"/pool/TV Shows/Fargo/Season 4/Fargo - S04E09 - East+West.mkv",mkv,hevc,1920x960,444,aac,6
"/pool/TV Shows/Fargo/Season 4/Fargo - S04E06 - Camp Elegance.mkv",mkv,hevc,1920x960,485,aac,6
"/pool/TV Shows/Fargo/Season 4/Fargo - S04E04 - The Pretend War.mkv",mkv,hevc,1920x960,637,aac,6
"/pool/TV Shows/Fargo/Season 4/Fargo - S04E10 - Happy.mkv",mkv,hevc,1920x960,486,aac,6
"/pool/TV Shows/Fargo/Season 4/Fargo - S04E08 - The Nadir.mkv",mkv,hevc,1920x960,520,aac,6
"/pool/TV Shows/Fargo/Season 4/Fargo - S04E03 - Raddoppiarlo.mkv",mkv,hevc,1920x960,661,aac,6
"/pool/TV Shows/Fargo/Season 4/Fargo - S04E05 - The Birthplace of Civilization.mkv",mkv,hevc,1920x960,495,aac,6
"/pool/TV Shows/Fargo/Season 4/Fargo - S04E07 - Lay Away.mkv",mkv,hevc,1920x960,407,aac,6
"/pool/TV Shows/Fargo/Season 4/Fargo - S04E02 - The Land of Taking and Killing.mkv",mkv,hevc,1920x960,763,aac,6
"/pool/TV Shows/Fargo/Season 4/Fargo - S04E01 - Welcome to the Alternate Economy.mkv",mkv,hevc,1920x960,860,aac,6
"/pool/TV Shows/Fargo/Season 4/Fargo - S04E11 - Storia Americana.mkv",mkv,hevc,1920x960,444,aac,6
"/pool/TV Shows/Fargo/Season 5/Fargo - S05E01 - The Tragedy of the Commons.mkv",mkv,hevc,1280x720,189,aac,2
"/pool/TV Shows/Fargo/Season 5/Fargo - S05E09 - The Useless Hand.mkv",mkv,hevc,1920x1080,524,ac3,6
"/pool/TV Shows/Star Trek- Lower Decks {tvdb-367138}/Season 02/Star Trek - Lower Decks - S02E08 - I, Excretus.mkv",mkv,hevc,1920x1080,472,eac3,6
"/pool/TV Shows/Star Trek- Lower Decks {tvdb-367138}/Season 02/Star Trek - Lower Decks - S02E05 - An Embarrassment of Dooplers.mkv",mkv,hevc,1920x1080,452,eac3,6
"/pool/TV Shows/Star Trek- Lower Decks {tvdb-367138}/Season 02/Star Trek - Lower Decks - S02E02 - Kayshon, His Eyes Open.mkv",mkv,hevc,1920x1080,464,eac3,6
"/pool/TV Shows/Star Trek- Lower Decks {tvdb-367138}/Season 02/Star Trek - Lower Decks - S02E04 - Mugato, Gumato.mkv",mkv,hevc,1920x1080,475,eac3,6
"/pool/TV Shows/Star Trek- Lower Decks {tvdb-367138}/Season 02/Star Trek - Lower Decks - S02E10 - First First Contact.mkv",mkv,hevc,1920x1080,557,eac3,6
"/pool/TV Shows/Star Trek- Lower Decks {tvdb-367138}/Season 02/Star Trek - Lower Decks - S02E07 - Where Pleasant Fountains Lie.mkv",mkv,hevc,1920x1080,471,eac3,6
"/pool/TV Shows/Star Trek- Lower Decks {tvdb-367138}/Season 02/Star Trek - Lower Decks - S02E03 - We'll Always Have Tom Paris.mkv",mkv,hevc,1920x1080,475,eac3,6
"/pool/TV Shows/Star Trek- Lower Decks {tvdb-367138}/Season 02/Star Trek - Lower Decks - S02E06 - The Spy Humongous.mkv",mkv,hevc,1920x1080,470,eac3,6
"/pool/TV Shows/Star Trek- Lower Decks {tvdb-367138}/Season 02/Star Trek - Lower Decks - S02E01 - Strange Energies.mkv",mkv,hevc,1920x1080,468,eac3,6
"/pool/TV Shows/Star Trek- Lower Decks {tvdb-367138}/Season 02/Star Trek - Lower Decks - S02E09 - wej Duj.mkv",mkv,hevc,1920x1080,498,eac3,6
"/pool/TV Shows/Star Trek- Lower Decks {tvdb-367138}/Season 5/Star Trek - Lower Decks - S05E10 - The New Next Generation (2).mkv",mkv,hevc,1920x1080,579,ac3,6
"/pool/TV Shows/Star Trek- Lower Decks {tvdb-367138}/S1/Star Trek: Lower Decks - [01x06] - Terminal Provocations.mkv",mkv,hevc,3840x2160,801,aac,6
"/pool/TV Shows/Star Trek- Lower Decks {tvdb-367138}/S1/Star Trek: Lower Decks - [01x03] - Temporal Edict.mkv",mkv,hevc,3840x2160,772,aac,6
"/pool/TV Shows/Star Trek- Lower Decks {tvdb-367138}/S1/Star Trek: Lower Decks - [01x10] - No Small Parts.mkv",mkv,hevc,3840x2160,909,aac,6
"/pool/TV Shows/Star Trek- Lower Decks {tvdb-367138}/S1/Star Trek: Lower Decks - [01x05] - Cupid's Errant Arrow.mkv",mkv,hevc,3840x2160,778,aac,6
"/pool/TV Shows/Star Trek- Lower Decks {tvdb-367138}/S1/Star Trek: Lower Decks - [01x04] - Moist Vessel.mkv",mkv,hevc,3840x2160,813,aac,6
"/pool/TV Shows/Star Trek- Lower Decks {tvdb-367138}/Season 01/Star Trek - Lower Decks - S01E09 - Crisis Point.mp4",mp4,hevc,1920x1080,423,aac,6
"/pool/TV Shows/Star Trek- Lower Decks {tvdb-367138}/Season 01/Star Trek - Lower Decks - S01E01 - Second Contact.mp4",mp4,hevc,1920x1080,392,aac,6
"/pool/TV Shows/Star Trek- Lower Decks {tvdb-367138}/Season 01/Star Trek - Lower Decks - S01E06 - Terminal Provocations.mp4",mp4,hevc,1920x1080,391,aac,6
"/pool/TV Shows/Star Trek- Lower Decks {tvdb-367138}/Season 01/Star Trek - Lower Decks - S01E10 - No Small Parts.mp4",mp4,hevc,1920x1080,446,aac,6
"/pool/TV Shows/Star Trek- Lower Decks {tvdb-367138}/Season 01/Star Trek - Lower Decks - S01E05 - Cupid's Errant Arrow.mp4",mp4,hevc,1920x1080,392,aac,6
"/pool/TV Shows/Star Trek- Lower Decks {tvdb-367138}/Season 01/Star Trek - Lower Decks - S01E07 - Much Ado About Boimler.mp4",mp4,hevc,1920x1080,399,aac,6
"/pool/TV Shows/Star Trek- Lower Decks {tvdb-367138}/Season 01/Star Trek - Lower Decks - S01E03 - Temporal Edict.mp4",mp4,hevc,1920x1080,380,aac,6
"/pool/TV Shows/Star Trek- Lower Decks {tvdb-367138}/Season 01/Star Trek - Lower Decks - S01E02 - Envoys.mp4",mp4,hevc,1920x1080,394,aac,6
"/pool/TV Shows/Star Trek- Lower Decks {tvdb-367138}/Season 01/Star Trek - Lower Decks - S01E04 - Moist Vessel.mp4",mp4,hevc,1920x1080,400,aac,6
"/pool/TV Shows/Star Trek- Lower Decks {tvdb-367138}/Season 01/Star Trek - Lower Decks - S01E08 - Veritas.mp4",mp4,hevc,1920x1080,395,aac,6
"/pool/TV Shows/Invincible (2021) {tvdb-368207}/Season 3/Invincible (2021) - S03E04 - YOU WERE MY HERO.mkv",mkv,hevc,1280x720,197,aac,2
"/pool/TV Shows/Invincible (2021) {tvdb-368207}/Specials/Invincible (2021) - S00E01 - PRESENTING ATOM EVE SPECIAL EPISODE.mkv",mkv,hevc,1920x1080,751,eac3,6
"/pool/TV Shows/Blade Runner - Black Lotus/Season 1/Blade Runner - Black Lotus - S01E03 - The Human Condition.mkv",mkv,hevc,1920x1080,445,eac3,6
"/pool/TV Shows/Blade Runner - Black Lotus/Season 1/Blade Runner - Black Lotus - S01E13 - Time to Die.mkv",mkv,hevc,1920x1080,446,eac3,6
"/pool/TV Shows/Blade Runner - Black Lotus/Season 1/Blade Runner - Black Lotus - S01E09 - Free Will.mkv",mkv,hevc,1920x1080,445,eac3,6
"/pool/TV Shows/Blade Runner - Black Lotus/Season 1/Blade Runner - Black Lotus - S01E05 - Pressure.mkv",mkv,hevc,1920x1080,445,eac3,6
"/pool/TV Shows/Blade Runner - Black Lotus/Season 1/Blade Runner - Black Lotus - S01E10 - Clair De Lune.mkv",mkv,hevc,1920x1080,445,eac3,6
"/pool/TV Shows/Blade Runner - Black Lotus/Season 1/Blade Runner - Black Lotus - S01E01 - City of Angels.mkv",mkv,hevc,1920x1080,373,eac3,2
"/pool/TV Shows/Blade Runner - Black Lotus/Season 1/Blade Runner - Black Lotus - S01E12 - Artificial Souls.mkv",mkv,hevc,1920x1080,445,eac3,6
"/pool/TV Shows/Blade Runner - Black Lotus/Season 1/Blade Runner - Black Lotus - S01E08 - The Davis Report.mkv",mkv,hevc,1920x1080,446,eac3,6
"/pool/TV Shows/Blade Runner - Black Lotus/Season 1/Blade Runner - Black Lotus - S01E04 - The Doll Hunt.mkv",mkv,hevc,1920x1080,444,eac3,6
"/pool/TV Shows/Blade Runner - Black Lotus/Season 1/Blade Runner - Black Lotus - S01E11 - All the Best Memories.mkv",mkv,hevc,1920x1080,445,eac3,6
"/pool/TV Shows/Blade Runner - Black Lotus/Season 1/Blade Runner - Black Lotus - S01E07 - Reality.mkv",mkv,hevc,1920x1080,445,eac3,6
"/pool/TV Shows/Blade Runner - Black Lotus/Season 1/Blade Runner - Black Lotus - S01E02 - All We Are Not.mkv",mkv,hevc,1920x1080,444,eac3,6
"/pool/TV Shows/Blade Runner - Black Lotus/Season 1/Blade Runner - Black Lotus - S01E06 - Persistence of Memory.mkv",mkv,hevc,1920x1080,445,eac3,6
"/pool/TV Shows/12 Monkeys/12 Monkeys - S01E13 - Arms of Mine.mkv",mkv,hevc,1920x1080,2032,aac,6
"/pool/TV Shows/12 Monkeys/12 Monkeys - S01E10 - Divine Move.mkv",mkv,hevc,1920x1080,1809,aac,6
"/pool/TV Shows/12 Monkeys/12 Monkeys - S01E08 - Yesterday.mkv",mkv,hevc,1920x1080,1160,aac,6
"/pool/TV Shows/12 Monkeys/12 Monkeys - S01E07 - The Keys.mkv",mkv,hevc,1920x1080,1373,aac,6
"/pool/TV Shows/12 Monkeys/12 Monkeys - S01E06 - The Red Forest.mkv",mkv,hevc,1920x1080,1061,aac,6
"/pool/TV Shows/12 Monkeys/12 Monkeys - S01E02 - Mentally Divergent.mkv",mkv,hevc,1920x1080,1034,aac,6
"/pool/TV Shows/12 Monkeys/12 Monkeys - S01E12 - Paradox.mkv",mkv,hevc,1920x1080,1615,aac,6
"/pool/TV Shows/12 Monkeys/12 Monkeys - S01E03 - Cassandra Complex.mkv",mkv,hevc,1920x1080,1419,aac,6
"/pool/TV Shows/12 Monkeys/12 Monkeys - S01E04 - Atari.mkv",mkv,hevc,1920x1080,1421,aac,6
"/pool/TV Shows/12 Monkeys/12 Monkeys - S01E11 - Shonin.mkv",mkv,hevc,1920x1080,1793,aac,6
"/pool/TV Shows/12 Monkeys/12 Monkeys - S01E01 - Splinter.mkv",mkv,hevc,1920x1080,1516,aac,6
"/pool/TV Shows/12 Monkeys/12 Monkeys - S01E05 - The Night Room.mkv",mkv,hevc,1920x1080,1245,aac,6
"/pool/TV Shows/12 Monkeys/12 Monkeys - S01E09 - Tomorrow.mkv",mkv,hevc,1920x1080,1888,aac,6
"/pool/TV Shows/Matlock (2024)/Matlock (2024) - S01E18 - Tricks of the Trade (1).mkv",mkv,hevc,1920x1080,576,ac3,6
"/pool/TV Shows/Matlock (2024)/Matlock (2024) - S01E11 - A Traitor in Thine Own House.mkv",mkv,hevc,1920x1080,580,ac3,6
"/pool/TV Shows/Matlock (2024)/Matlock (2024) - S01E19 - Tricks of the Trade (2).mkv",mkv,hevc,1920x1080,488,ac3,6
"/pool/TV Shows/Doctor Who (2023)/Season 1/Doctor Who (2023) - S01E03 - Boom.mkv",mkv,hevc,1920x1080,1814,eac3,6
"/pool/TV Shows/Doctor Who (2023)/Season 2/Doctor Who (2023) - S02E08 - The Reality War (2).mkv",mkv,hevc,1920x1080,1251,ac3,6
"/pool/TV Shows/Doctor Who (2023)/Season 2/Doctor Who (2023) - S02E04 - Lucky Day.mkv",mkv,hevc,1920x1080,682,ac3,6
"/pool/TV Shows/Doctor Who (2023)/Season 2/Doctor Who (2023) - S02E05 - The Story and the Engine.mkv",mkv,hevc,1920x1080,973,ac3,6
"/pool/TV Shows/Doctor Who (2023)/Season 2/Doctor Who (2023) - S02E07 - Wish World (1).mkv",mkv,hevc,1920x1080,796,ac3,6
"/pool/TV Shows/Doctor Who (2023)/Season 2/Doctor Who (2023) - S02E03 - The Well.mkv",mkv,hevc,1920x1080,305,eac3,6
"/pool/TV Shows/Doctor Who (2023)/Season 2/Doctor Who (2023) - S02E06 - The Interstellar Song Contest.mkv",mkv,hevc,1920x1080,869,ac3,6
"/pool/TV Shows/Primal/Season 1/Primal (2019) - S01E04 - Terror Under the Blood Moon (1080p BluRay x265 t3nzin).mkv",mkv,hevc,1920x1080,748,eac3,6
"/pool/TV Shows/Primal/Season 1/Primal (2019) - S01E05 - Rage of the Ape-Men (1080p BluRay x265 t3nzin).mkv",mkv,hevc,1920x1080,748,eac3,6
"/pool/TV Shows/Primal/Season 1/Primal (2019) - S01E10 - Slave of the Scorpion (1080p BluRay x265 t3nzin).mkv",mkv,hevc,1920x1080,765,eac3,6
"/pool/TV Shows/Primal/Season 1/Primal (2019) - S01E09 - The Night Feeder (1080p BluRay x265 t3nzin).mkv",mkv,hevc,1920x1080,680,eac3,6
"/pool/TV Shows/Primal/Season 1/Primal (2019) - S01E03 - A Cold Death (1080p BluRay x265 t3nzin).mkv",mkv,hevc,1920x1080,748,eac3,6
"/pool/TV Shows/Primal/Season 1/Primal (2019) - S01E01 - Spear and Fang (1080p BluRay x265 t3nzin).mkv",mkv,hevc,1920x1080,719,eac3,6
"/pool/TV Shows/Primal/Season 1/Primal (2019) - S01E08 - Coven of the Damned (1080p BluRay x265 t3nzin).mkv",mkv,hevc,1920x1080,771,eac3,6
"/pool/TV Shows/Primal/Season 1/Primal (2019) - S01E07 - Plague of Madness (1080p BluRay x265 t3nzin).mkv",mkv,hevc,1920x1080,717,eac3,6
"/pool/TV Shows/Primal/Season 1/Primal (2019) - S01E02 - River of Snakes (1080p BluRay x265 t3nzin).mkv",mkv,hevc,1920x1080,686,eac3,6
"/pool/TV Shows/Primal/Season 1/Primal (2019) - S01E06 - Scent of Prey (1080p BluRay x265 t3nzin).mkv",mkv,hevc,1920x1080,750,eac3,6
"/pool/TV Shows/Primal/Season 01/Primal - S01E04 - Terror Under the Blood Moon.mkv",mkv,hevc,1920x1080,748,eac3,6
"/pool/TV Shows/Primal/Season 01/Primal - S01E07 - Plague of Madness.mkv",mkv,hevc,1920x1080,717,eac3,6
"/pool/TV Shows/Primal/Season 01/Primal - S01E06 - Scent of Prey.mkv",mkv,hevc,1920x1080,750,eac3,6
"/pool/TV Shows/Primal/Season 01/Primal - S01E02 - River of Snakes.mkv",mkv,hevc,1920x1080,686,eac3,6
"/pool/TV Shows/Primal/Season 01/Primal - S01E01 - Spear and Fang.mkv",mkv,hevc,1920x1080,719,eac3,6
"/pool/TV Shows/Primal/Season 01/Primal - S01E03 - A Cold Death.mkv",mkv,hevc,1920x1080,748,eac3,6
"/pool/TV Shows/Primal/Season 01/Primal - S01E05 - Rage of the Ape-Men.mkv",mkv,hevc,1920x1080,748,eac3,6
"/pool/TV Shows/Primal/Season 01/Primal - S01E10 - Slave of the Scorpion.mkv",mkv,hevc,1920x1080,765,eac3,6
"/pool/TV Shows/Primal/Season 01/Primal - S01E08 - Coven of the Damned.mkv",mkv,hevc,1920x1080,771,eac3,6
"/pool/TV Shows/Primal/Season 01/Primal - S01E09 - The Night Feeder.mkv",mkv,hevc,1920x1080,680,eac3,6
"/pool/TV Shows/Nathan for You/Nathan for You - S01E01 - Yogurt Shop + Pizzeria.mkv",mkv,hevc,1920x1080,576,aac,2
"/pool/TV Shows/Nathan for You/Nathan for You - S02E03 - Pet Store + Maid Service.mkv",mkv,hevc,1920x1080,600,aac,2
"/pool/TV Shows/Nathan for You/Nathan for You - S03E02 - Horseback Riding + Man Zone.mkv",mkv,hevc,1920x1080,726,aac,2
"/pool/TV Shows/Nathan for You/Nathan for You - S01E06 - Funeral Home + Burger Joint + Skydiving.mkv",mkv,hevc,1920x1080,675,aac,2
"/pool/TV Shows/Nathan for You/Nathan for You - S04E03 - Andy Vs. Uber.mkv",mkv,hevc,1920x1080,520,aac,2
"/pool/TV Shows/Nathan for You/Nathan for You - S01E03 - Clothing Store + Restaurant.mkv",mkv,hevc,1920x1080,894,aac,2
"/pool/TV Shows/Nathan for You/Nathan for You - S04E05 - Shipping Logistics Company.mkv",mkv,hevc,1920x1080,429,aac,2
"/pool/TV Shows/Nathan for You/Nathan for You - S04E02 - Chili Shop + Massage Parlor.mkv",mkv,hevc,1920x1080,435,aac,2
"/pool/TV Shows/Nathan for You/Nathan for You - S01E04 - Gas Station + Caricature Artist.mkv",mkv,hevc,1920x1080,885,aac,2
"/pool/TV Shows/Nathan for You/Nathan for You - S02E06 - Dating Website + Party Planner.mkv",mkv,hevc,1920x1080,472,aac,2
"/pool/TV Shows/Nathan for You/Nathan for You - S03E01 - Electronics Store.mkv",mkv,hevc,1920x1080,519,aac,2
"/pool/TV Shows/Nathan for You/Nathan for You - S02E04 - Liquor Store + Exterminator + Car Wash.mkv",mkv,hevc,1920x1080,719,aac,2
"/pool/TV Shows/Nathan for You/Nathan for You - S03E04 - Sporting Goods Store + Antique Shop.mkv",mkv,hevc,1920x1080,530,aac,2
"/pool/TV Shows/Nathan for You/Nathan for You - S03E03 - The Movement.mkv",mkv,hevc,1920x1080,537,aac,2
"/pool/TV Shows/Nathan for You/Nathan for You - S02E08 - Toy Company + Movie Theatre.mkv",mkv,hevc,1920x1080,522,aac,2
"/pool/TV Shows/Nathan for You/Nathan for You - S01E07 - The Claw of Shame.mkv",mkv,hevc,1920x1080,609,aac,2
"/pool/TV Shows/Nathan for You/Nathan for You - S01E08 - Private Investigator + Taxi Company.mkv",mkv,hevc,1920x1080,619,aac,2
"/pool/TV Shows/Nathan for You/Nathan for You - S03E05 - Smokers Allowed.mkv",mkv,hevc,1920x1080,366,aac,2
"/pool/TV Shows/Nathan for You/Nathan for You - S01E05 - Haunted House + The Hunk.mkv",mkv,hevc,1920x1080,688,aac,2
"/pool/TV Shows/Nathan for You/Nathan for You - S03E08 - The Hero.mkv",mkv,hevc,1920x1080,761,aac,2
"/pool/TV Shows/Nathan for You/Nathan for You - S02E07 - Taxi Service + Hot Dog Stand.mkv",mkv,hevc,1920x1080,499,aac,2
"/pool/TV Shows/Nathan for You/Nathan for You - S03E07 - Nail Salon + Fun.mkv",mkv,hevc,1920x1080,619,aac,2
"/pool/TV Shows/Nathan for You/Nathan for You - S02E01 - Mechanic + Realtor.mkv",mkv,hevc,1920x1080,458,aac,2
"/pool/TV Shows/Nathan for You/Nathan for You - S01E02 - Santa + Petting Zoo.mkv",mkv,hevc,1920x1080,1111,aac,2
"/pool/TV Shows/Nathan for You/Nathan for You - S04E01 - The Richards Tip.mkv",mkv,hevc,1920x1080,473,aac,2
"/pool/TV Shows/Nathan for You/Nathan for You - S02E02 - Souvenir Shop + E.L.A.I.F.F.mkv",mkv,hevc,1920x1080,591,aac,2
"/pool/TV Shows/Nathan for You/Nathan for You - S02E05 - Dumb Starbucks.mkv",mkv,hevc,1920x1080,464,aac,2
"/pool/TV Shows/Nathan for You/Nathan for You - S03E06 - Hotel + Travel Agent.mkv",mkv,hevc,1920x1080,539,aac,2
"/pool/TV Shows/Nathan for You/Nathan for You - S04E06 - Computer Repair + Psychic.mkv",mkv,hevc,1920x1080,383,aac,2
"/pool/TV Shows/Nathan for You/Nathan for You - S04E04 - The Anecdote.mkv",mkv,hevc,1920x1080,414,aac,2
"/pool/TV Shows/Nathan for You/Nathan for You - S04E07 - Finding Frances.mkv",mkv,hevc,1920x1080,1713,aac,2
"/pool/TV Shows/Evil/Evil - [S02E06] - C Is for Cop.mkv",mkv,hevc,1920x1080,943,aac,6
"/pool/TV Shows/Evil/Evil - S01E05 - October 31.mp4",mp4,hevc,1920x1080,814,aac,6
"/pool/TV Shows/Evil/Evil - S01E06 - Let x = 9.mp4",mp4,hevc,1920x1080,828,aac,6
"/pool/TV Shows/Evil/Evil - [S02E03] - F Is for Fire.mkv",mkv,hevc,1920x1080,872,aac,6
"/pool/TV Shows/Evil/Evil - S01E02 - 177 Minutes.mp4",mp4,hevc,1920x1080,822,aac,6
"/pool/TV Shows/Evil/Evil - [S02E12] - D Is for Doll.mkv",mkv,hevc,1920x1080,922,aac,6
"/pool/TV Shows/Evil/Evil - [S02E02] - A Is for Angel.mkv",mkv,hevc,1920x1080,939,aac,6
"/pool/TV Shows/Evil/Evil - [S02E01] - N Is for Night Terrors.mkv",mkv,hevc,1920x1080,872,aac,6
"/pool/TV Shows/Evil/Evil - S01E11 - Room 320.mp4",mp4,hevc,1920x1080,813,aac,6
"/pool/TV Shows/Evil/Evil - [S02E13] - C Is for Cannibal.mkv",mkv,hevc,1920x1080,990,aac,6
"/pool/TV Shows/Evil/Evil - [S02E04] - E Is for Elevator.mkv",mkv,hevc,1920x1080,786,aac,6
"/pool/TV Shows/Evil/Evil - [S02E08] - B Is for Brain.mkv",mkv,hevc,1920x1080,950,aac,6
"/pool/TV Shows/Evil/Evil - S01E10 - 7 Swans a Singin'.mp4",mp4,hevc,1920x1080,828,aac,6
"/pool/TV Shows/Evil/Evil - S01E01 - Genesis 1.mp4",mp4,hevc,1920x1080,856,aac,6
"/pool/TV Shows/Evil/Evil - S01E07 - Vatican III.mp4",mp4,hevc,1920x1080,835,aac,6
"/pool/TV Shows/Evil/Evil - [S02E10] - O Is for Ovaphobia.mkv",mkv,hevc,1920x1080,1026,aac,6
"/pool/TV Shows/Evil/Evil - S01E13 - Book 27.mp4",mp4,hevc,1920x1080,826,aac,6
"/pool/TV Shows/Evil/Evil - [S02E07] - S Is for Silence.mkv",mkv,hevc,1920x1080,1100,aac,6
"/pool/TV Shows/Evil/Evil - [S02E09] - U Is for U.F.O.mkv",mkv,hevc,1920x1080,941,aac,6
"/pool/TV Shows/Evil/Evil - S01E12 - Justice x 2.mp4",mp4,hevc,1920x1080,828,aac,6
"/pool/TV Shows/Evil/Evil - S01E03 - 3 Stars.mp4",mp4,hevc,1920x1080,809,aac,6
"/pool/TV Shows/Evil/Evil - S01E09 - Exorcism Part 2.mp4",mp4,hevc,1920x1080,830,aac,6
"/pool/TV Shows/Evil/Evil - S01E04 - Rose390.mp4",mp4,hevc,1920x1080,828,aac,6
"/pool/TV Shows/Evil/Evil - [S02E05] - Z Is for Zombies.mkv",mkv,hevc,1920x1080,991,aac,6
"/pool/TV Shows/Evil/Evil - [S02E11] - I Is for IRS.mkv",mkv,hevc,1920x1080,992,aac,6
"/pool/TV Shows/Evil/Evil - S01E08 - 2 Fathers.mp4",mp4,hevc,1920x1080,814,aac,6
"/pool/TV Shows/Drawn Together/Season 1/Drawn Together (2004) - S01E02 - Clara's Dirty Little Secret (480p DVD x265 Panda).mkv",mkv,hevc,720x480,195,aac,2
"/pool/TV Shows/Drawn Together/Season 1/Drawn Together (2004) - S01E04 - Requiem for a Reality Show (480p DVD x265 Panda).mkv",mkv,hevc,720x480,171,aac,2
"/pool/TV Shows/Drawn Together/Season 1/Drawn Together (2004) - S01E05 - The Other Cousin (480p DVD x265 Panda).mkv",mkv,hevc,720x480,192,aac,2
"/pool/TV Shows/Drawn Together/Season 1/Drawn Together (2004) - S01E01 - Hot Tub (480p DVD x265 Panda).mkv",mkv,hevc,720x480,205,aac,2
"/pool/TV Shows/Drawn Together/Season 1/Drawn Together (2004) - S01E06 - Dirty Pranking Number 2 (480p DVD x265 Panda).mkv",mkv,hevc,720x480,178,aac,2
"/pool/TV Shows/Drawn Together/Season 1/Drawn Together (2004) - S01E03 - Gay Bash (480p DVD x265 Panda).mkv",mkv,hevc,720x480,177,aac,2
"/pool/TV Shows/Drawn Together/Season 1/Drawn Together (2004) - S01E07 - The One Wherein There Is A Big Twist (1) (480p DVD x265 Panda).mkv",mkv,hevc,720x480,201,aac,2
"/pool/TV Shows/Drawn Together/Featurettes/Behind the scenes - Foxxy Love.mkv",mkv,hevc,720x480,13,aac,2
"/pool/TV Shows/Drawn Together/Featurettes/Ling-Ling Battle Song [Sing-along].mkv",mkv,hevc,720x480,5,aac,2
"/pool/TV Shows/Drawn Together/Featurettes/Behind the scenes - Toot Braunstein.mkv",mkv,hevc,720x480,19,aac,2
"/pool/TV Shows/Drawn Together/Featurettes/Fire the Load [Sing-along].mkv",mkv,hevc,720x480,3,aac,2
"/pool/TV Shows/Drawn Together/Featurettes/Behind the scenes - Princess Clara.mkv",mkv,hevc,720x480,16,aac,2
"/pool/TV Shows/Drawn Together/Featurettes/Previously On Drawn Together.mkv",mkv,hevc,720x480,8,aac,2
"/pool/TV Shows/Drawn Together/Featurettes/Black Chick's Tongue [Sing-along].mkv",mkv,hevc,720x480,12,aac,2
"/pool/TV Shows/Drawn Together/Featurettes/Behind the scenes - Wooldoor Sockbat.mkv",mkv,hevc,720x480,21,aac,2
"/pool/TV Shows/Drawn Together/Featurettes/Sunshine [Sing-along].mkv",mkv,hevc,720x480,4,aac,2
"/pool/TV Shows/Drawn Together/Featurettes/Ling-Ling Lament [Sing-along].mkv",mkv,hevc,720x480,3,aac,2
"/pool/TV Shows/Drawn Together/Featurettes/Scumma Bumma [Sing-along].mkv",mkv,hevc,720x480,6,aac,2
"/pool/TV Shows/Drawn Together/Featurettes/Behind the scenes - Creator's Confessional.mkv",mkv,hevc,720x480,65,aac,2
"/pool/TV Shows/Drawn Together/Featurettes/Pledging Days [Sing-along].mkv",mkv,hevc,720x480,6,aac,2
"/pool/TV Shows/Drawn Together/Featurettes/Writer's Rant Hidden Feature.mkv",mkv,hevc,632x416,4,aac,2
"/pool/TV Shows/Drawn Together/Featurettes/Crashy Smashy [Sing-along].mkv",mkv,hevc,720x480,5,aac,2
"/pool/TV Shows/Drawn Together/Featurettes/Behind the scenes - Captain Hero.mkv",mkv,hevc,720x480,13,aac,2
"/pool/TV Shows/Drawn Together/Featurettes/God Is Watching [Sing-along].mkv",mkv,hevc,720x480,7,aac,2
"/pool/TV Shows/Drawn Together/Featurettes/Bully Song [Sing-along].mkv",mkv,hevc,720x480,13,aac,2
"/pool/TV Shows/Drawn Together/Featurettes/School House Rock [Sing-along].mkv",mkv,hevc,720x480,9,aac,2
"/pool/TV Shows/Drawn Together/Featurettes/Drawn Together Babies [Sing-along].mkv",mkv,hevc,720x480,5,aac,2
"/pool/TV Shows/Drawn Together/Featurettes/Shit Sandwich [Sing-along].mkv",mkv,hevc,720x368,4,aac,2
"/pool/TV Shows/Drawn Together/Featurettes/No Easy Way Out [Sing-along].mkv",mkv,hevc,720x480,3,aac,2
"/pool/TV Shows/Drawn Together/Featurettes/Network Promos.mkv",mkv,hevc,720x480,50,aac,2
"/pool/TV Shows/Drawn Together/Featurettes/Face the Balls [Sing-along].mkv",mkv,hevc,720x480,8,aac,2
"/pool/TV Shows/Drawn Together/Featurettes/La La Labia [Sing-along].mkv",mkv,hevc,720x480,11,aac,2
"/pool/TV Shows/Drawn Together/Featurettes/Behind the scenes - Xandir.mkv",mkv,hevc,720x480,13,aac,2
"/pool/TV Shows/Drawn Together/Featurettes/Behind the scenes - Ling Ling.mkv",mkv,hevc,720x480,17,aac,2
"/pool/TV Shows/Drawn Together/Featurettes/Character Intros and Deleted Scenes.mkv",mkv,hevc,720x480,37,aac,2
"/pool/TV Shows/Drawn Together/Season 3/Drawn Together (2004) - S03E02 - Wooldoor Sockbat's Giggle-Wiggle Funny Tickle Non-Traditional Progressive Multicultural Roundtable! (480p DVD x265 Panda).mkv",mkv,hevc,720x480,175,aac,2
"/pool/TV Shows/Drawn Together/Season 3/Drawn Together (2004) - S03E04 - Unrestrainable Trainable (480p DVD x265 Panda).mkv",mkv,hevc,720x480,182,aac,2
"/pool/TV Shows/Drawn Together/Season 3/Drawn Together (2004) - S03E06 - Mexican't Buy Me Love (480p DVD x265 Panda).mkv",mkv,hevc,720x480,179,aac,2
"/pool/TV Shows/Drawn Together/Season 3/Drawn Together (2004) - S03E07 - Lost In Parking Space (1) (480p DVD x265 Panda).mkv",mkv,hevc,720x480,192,aac,2
"/pool/TV Shows/Drawn Together/Season 3/Drawn Together (2004) - S03E12 - Nipple Ring-Ring Goes to Foster Care (480p DVD x265 Panda).mkv",mkv,hevc,720x480,174,aac,2
"/pool/TV Shows/Drawn Together/Season 3/Drawn Together (2004) - S03E14 - American Idol Parody Clip Show (480p DVD x265 Panda).mkv",mkv,hevc,720x480,173,aac,2
"/pool/TV Shows/Drawn Together/Season 3/Drawn Together (2004) - S03E09 - Charlotte's Web of Lies (480p DVD x265 Panda).mkv",mkv,hevc,720x480,174,aac,2
"/pool/TV Shows/Drawn Together/Season 3/Drawn Together (2004) - S03E10 - Breakfast Food Killer (480p DVD x265 Panda).mkv",mkv,hevc,720x480,198,aac,2
"/pool/TV Shows/Drawn Together/Season 3/Drawn Together (2004) - S03E13 - Toot Goes Bollywood (480p DVD x265 Panda).mkv",mkv,hevc,720x480,177,aac,2
"/pool/TV Shows/Drawn Together/Season 3/Drawn Together (2004) - S03E11 - Drawn Together Babies (480p DVD x265 Panda).mkv",mkv,hevc,720x480,190,aac,2
"/pool/TV Shows/Drawn Together/Season 3/Drawn Together (2004) - S03E01 - Greeks & Freaks (480p DVD x265 Panda).mkv",mkv,hevc,720x480,191,aac,2
"/pool/TV Shows/Drawn Together/Season 3/Drawn Together (2004) - S03E05 - N.R.A.y RAY (480p DVD x265 Panda).mkv",mkv,hevc,720x480,181,aac,2
"/pool/TV Shows/Drawn Together/Season 3/Drawn Together (2004) - S03E03 - Spelling Applebee's (480p DVD x265 Panda).mkv",mkv,hevc,720x480,176,aac,2
"/pool/TV Shows/Drawn Together/Season 3/Drawn Together (2004) - S03E08 - Lost In Parking Space (2) (480p DVD x265 Panda).mkv",mkv,hevc,720x480,181,aac,2
"/pool/TV Shows/Drawn Together/Season 2/Drawn Together (2004) - S02E07 - Super Nanny (480p DVD x265 Panda).mkv",mkv,hevc,720x480,196,aac,2
"/pool/TV Shows/Drawn Together/Season 2/Drawn Together (2004) - S02E02 - Foxxy vs. the Board of Education (480p DVD x265 Panda).mkv",mkv,hevc,720x480,179,aac,2
"/pool/TV Shows/Drawn Together/Season 2/Drawn Together (2004) - S02E06 - Ghostesses in the Slot Machine (480p DVD x265 Panda).mkv",mkv,hevc,720x480,183,aac,2
"/pool/TV Shows/Drawn Together/Season 2/Drawn Together (2004) - S02E01 - The One Wherein There Is A Big Twist (2) (480p DVD x265 Panda).mkv",mkv,hevc,720x480,188,aac,2
"/pool/TV Shows/Drawn Together/Season 2/Drawn Together (2004) - S02E15 - The Drawn Together Clip Show (480p DVD x265 Panda).mkv",mkv,hevc,720x480,175,aac,2
"/pool/TV Shows/Drawn Together/Season 2/Drawn Together (2004) - S02E10 - A Tale of Two Cows (480p DVD x265 Panda).mkv",mkv,hevc,720x480,177,aac,2
"/pool/TV Shows/Drawn Together/Season 2/Drawn Together (2004) - S02E14 - Alzheimer's That Ends Well (480p DVD x265 Panda).mkv",mkv,hevc,720x480,186,aac,2
"/pool/TV Shows/Drawn Together/Season 2/Drawn Together (2004) - S02E08 - Terms of Endearment (480p DVD x265 Panda).mkv",mkv,hevc,720x480,201,aac,2
"/pool/TV Shows/Drawn Together/Season 2/Drawn Together (2004) - S02E04 - Captain Hero's Marriage Pact (480p DVD x265 Panda).mkv",mkv,hevc,720x480,181,aac,2
"/pool/TV Shows/Drawn Together/Season 2/Drawn Together (2004) - S02E12 - The Lemon-AIDS Walk (480p DVD x265 Panda).mkv",mkv,hevc,720x480,175,aac,2
"/pool/TV Shows/Drawn Together/Season 2/Drawn Together (2004) - S02E05 - Clum Babies (480p DVD x265 Panda).mkv",mkv,hevc,720x480,196,aac,2
"/pool/TV Shows/Drawn Together/Season 2/Drawn Together (2004) - S02E03 - Little Orphan Hero (480p DVD x265 Panda).mkv",mkv,hevc,720x480,178,aac,2
"/pool/TV Shows/Drawn Together/Season 2/Drawn Together (2004) - S02E13 - A Very Special Drawn Together Afterschool Special (480p DVD x265 Panda).mkv",mkv,hevc,720x480,200,aac,2
"/pool/TV Shows/Drawn Together/Season 2/Drawn Together (2004) - S02E11 - Xandir and Tim, Sitting In a Tree (480p DVD x265 Panda).mkv",mkv,hevc,720x480,177,aac,2
"/pool/TV Shows/Drawn Together/Season 2/Drawn Together (2004) - S02E09 - Captain Girl (480p DVD x265 Panda).mkv",mkv,hevc,720x480,178,aac,2
"/pool/TV Shows/The Big Cigar/The Big Cigar - S01E01 - Panther+Producer.mkv",mkv,hevc,1920x960,535,eac3,6
"/pool/TV Shows/HarmonQuest/S3/HarmonQuest (2016) - S03E04 - Goblopolis Found (1080p VRV WEB-DL x265 t3nzin).mkv",mkv,hevc,1920x1080,200,aac,1
"/pool/TV Shows/HarmonQuest/S3/HarmonQuest (2016) - S03E08 - Ad Quod Damnum (1080p VRV WEB-DL x265 t3nzin).mkv",mkv,hevc,1920x1080,203,aac,1
"/pool/TV Shows/HarmonQuest/S3/HarmonQuest (2016) - S03E01 - Goblopolis Lost (1080p VRV WEB-DL x265 t3nzin).mkv",mkv,hevc,1920x1080,217,aac,1
"/pool/TV Shows/HarmonQuest/S3/HarmonQuest (2016) - S03E03 - Ivory Quay (1080p VRV WEB-DL x265 t3nzin).mkv",mkv,hevc,1920x1080,206,aac,1
"/pool/TV Shows/HarmonQuest/S3/HarmonQuest (2016) - S03E10 - The Virtuous Harmony (1080p VRV WEB-DL x265 t3nzin).mkv",mkv,hevc,1920x1080,207,aac,1
"/pool/TV Shows/HarmonQuest/S3/HarmonQuest (2016) - S03E07 - The Bloody Teeth (1080p VRV WEB-DL x265 t3nzin).mkv",mkv,hevc,1920x1080,200,aac,1
"/pool/TV Shows/HarmonQuest/S3/HarmonQuest (2016) - S03E02 - The Shattered Myriad (1080p VRV WEB-DL x265 t3nzin).mkv",mkv,hevc,1920x1080,207,aac,1
"/pool/TV Shows/HarmonQuest/S3/HarmonQuest (2016) - S03E09 - The Starshade Expanse (1080p VRV WEB-DL x265 t3nzin).mkv",mkv,hevc,1920x1080,204,aac,1
"/pool/TV Shows/HarmonQuest/S3/HarmonQuest (2016) - S03E05 - Terra Scissus (1080p VRV WEB-DL x265 t3nzin).mkv",mkv,hevc,1920x1080,202,aac,1
"/pool/TV Shows/HarmonQuest/S3/HarmonQuest (2016) - S03E06 - Shatternine Village (1080p VRV WEB-DL x265 t3nzin).mkv",mkv,hevc,1920x1080,203,aac,1
"/pool/TV Shows/Love, Death & Robots/Season 02/Love, Death & Robots - S02E06 - All Through the House.mkv",mkv,hevc,1920x1080,220,eac3,6
"/pool/TV Shows/Love, Death & Robots/Season 02/Love, Death & Robots - S02E05 - The Tall Grass.mkv",mkv,hevc,1920x1080,431,eac3,6
"/pool/TV Shows/Love, Death & Robots/Season 02/Love, Death & Robots - S02E08 - The Drowned Giant.mkv",mkv,hevc,1920x1080,456,eac3,6
"/pool/TV Shows/Love, Death & Robots/Season 02/Love, Death & Robots - S02E07 - Life Hutch.mkv",mkv,hevc,1920x1080,506,eac3,6
"/pool/TV Shows/Love, Death & Robots/Season 02/Love, Death & Robots - S02E03 - Pop Squad.mkv",mkv,hevc,1920x1080,719,eac3,6
"/pool/TV Shows/Love, Death & Robots/Season 02/Love, Death & Robots - S02E02 - Ice.mkv",mkv,hevc,1920x1080,489,eac3,6
"/pool/TV Shows/Love, Death & Robots/Season 02/Love, Death & Robots - S02E04 - Snow in the Desert.mkv",mkv,hevc,1920x1080,639,eac3,6
"/pool/TV Shows/Love, Death & Robots/Season 02/Love, Death & Robots - S02E01 - Automated Customer Service.mkv",mkv,hevc,1920x1080,400,eac3,6
"/pool/TV Shows/Fishing with John {tvdb-80855}/Season 1/S01E03 Costa Rica with Matt Dillon.mp4",mp4,av1,480x360,80,aac,2
"/pool/TV Shows/Fishing with John {tvdb-80855}/Season 1/S01E04 Maine with Willem Dafoe.mkv",mkv,vp9,480x360,54,aac,2
"/pool/TV Shows/Star Trek - Picard {tvdb-364093}/Season 1/S01E08 - Broken Pieces.mkv",mkv,hevc,1920x804,1098,aac,6
"/pool/TV Shows/Star Trek - Picard {tvdb-364093}/Season 1/S01E07 - Nepenthe.mkv",mkv,hevc,1920x804,1505,aac,6
"/pool/TV Shows/Star Trek - Picard {tvdb-364093}/Season 1/S01E05 - Stardust City Rag.mkv",mkv,hevc,1920x804,964,aac,6
"/pool/TV Shows/Star Trek - Picard {tvdb-364093}/Season 1/S01E09 - Et in Arcadia Ego (1).mkv",mkv,hevc,1920x804,1091,aac,6
"/pool/TV Shows/Star Trek - Picard {tvdb-364093}/Season 1/S01E04 - Absolute Candor.mkv",mkv,hevc,1920x804,933,aac,6
"/pool/TV Shows/Star Trek - Picard {tvdb-364093}/Season 1/S01E10 - Et in Arcadia Ego (2).mkv",mkv,hevc,1920x804,1289,aac,6
"/pool/TV Shows/Star Trek - Picard {tvdb-364093}/Season 1/S01E03 - The End is the Beginning.mkv",mkv,hevc,1920x804,854,aac,6
"/pool/TV Shows/Star Trek - Picard {tvdb-364093}/Season 1/S01E06 - The Impossible Box.mkv",mkv,hevc,1920x804,894,aac,6
"/pool/TV Shows/Star Trek - Picard {tvdb-364093}/Season 1/S01E02 - Maps and Legends.mkv",mkv,hevc,1920x804,835,aac,6
"/pool/TV Shows/Star Trek - Picard {tvdb-364093}/Season 1/S01E01 - Remembrance.mkv",mkv,hevc,1920x804,1032,aac,6
"/pool/TV Shows/Star Trek - Picard {tvdb-364093}/Season 2/S02E08 - Mercy.mkv",mkv,hevc,1920x800,1223,aac,6
"/pool/TV Shows/Star Trek - Picard {tvdb-364093}/Season 2/S02E01 - The Star Gazer.mkv",mkv,hevc,1920x800,1230,aac,6
"/pool/TV Shows/Star Trek - Picard {tvdb-364093}/Season 2/S02E07 - Monsters.mkv",mkv,hevc,1920x800,1025,aac,6
"/pool/TV Shows/Star Trek - Picard {tvdb-364093}/Season 2/S02E10 - Farewell.mkv",mkv,hevc,1920x800,1180,aac,6
"/pool/TV Shows/Star Trek - Picard {tvdb-364093}/Season 2/S02E02 - Penance.mkv",mkv,hevc,1920x800,1335,aac,6
"/pool/TV Shows/Star Trek - Picard {tvdb-364093}/Season 2/S02E05 - Fly Me to the Moon.mkv",mkv,hevc,1920x800,997,aac,6
"/pool/TV Shows/Star Trek - Picard {tvdb-364093}/Season 2/S02E04 - Watcher.mkv",mkv,hevc,1920x800,1394,aac,6
"/pool/TV Shows/Star Trek - Picard {tvdb-364093}/Season 2/S02E09 - Hide and Seek.mkv",mkv,hevc,1920x800,1056,aac,6
"/pool/TV Shows/Star Trek - Picard {tvdb-364093}/Season 2/S02E06 - Two of One.mkv",mkv,hevc,1920x800,833,aac,6
"/pool/TV Shows/Star Trek - Picard {tvdb-364093}/Season 2/S02E03 - Assimilation.mkv",mkv,hevc,1920x800,1247,aac,6
"/pool/TV Shows/Rick and Morty - The Anime/Season 1/Rick and Morty - The Anime - S01E04 - Memories.mkv",mkv,hevc,1920x1080,161,eac3,2
"/pool/TV Shows/The Creep Tapes/The Creep Tapes - S01E02 - Elliot.mkv",mkv,hevc,1920x1080,313,eac3,2
"/pool/TV Shows/Devil May Cry (2023)/Devil May Cry (2025) - S01E06 - The first circle.mkv",mkv,hevc,1920x1080,218,aac,6
"/pool/TV Shows/Mr. Corman/Season 1/Mr. Corman (2021) - S01E07 - Many Worlds (1080p ATVP WEB-DL x265 t3nzin).mkv",mkv,hevc,1920x960,996,eac3,6
"/pool/TV Shows/Mr. Corman/Season 1/Mr. Corman (2021) - S01E04 - Mr. Morales (1080p ATVP WEB-DL x265 t3nzin).mkv",mkv,hevc,1920x960,790,eac3,6
"/pool/TV Shows/Mr. Corman/Season 1/Mr. Corman (2021) - S01E03 - Happy Birthday (1080p ATVP WEB-DL x265 t3nzin).mkv",mkv,hevc,1920x960,903,eac3,6
"/pool/TV Shows/Mr. Corman/Season 1/Mr. Corman (2021) - S01E05 - Action Adventure (1080p ATVP WEB-DL x265 t3nzin).mkv",mkv,hevc,1920x960,922,eac3,6
"/pool/TV Shows/Mr. Corman/Season 1/Mr. Corman (2021) - S01E01 - Good Luck (1080p ATVP WEB-DL x265 t3nzin).mkv",mkv,hevc,1920x960,1163,eac3,6
"/pool/TV Shows/Mr. Corman/Season 1/Mr. Corman (2021) - S01E08 - Hope You Feel Better (1080p ATVP WEB-DL x265 t3nzin).mkv",mkv,hevc,1920x960,1132,eac3,6
"/pool/TV Shows/Mr. Corman/Season 1/Mr. Corman (2021) - S01E06 - Funeral (1080p ATVP WEB-DL x265 t3nzin).mkv",mkv,hevc,1920x960,893,eac3,6
"/pool/TV Shows/Mr. Corman/Season 1/Mr. Corman (2021) - S01E10 - The Big Picture (1080p ATVP WEB-DL x265 t3nzin).mkv",mkv,hevc,1920x960,1163,eac3,6
"/pool/TV Shows/Mr. Corman/Season 1/Mr. Corman (2021) - S01E02 - Don't Panic (1080p ATVP WEB-DL x265 t3nzin).mkv",mkv,hevc,1920x960,1009,eac3,6
"/pool/TV Shows/Mr. Corman/Season 1/Mr. Corman (2021) - S01E09 - Mr. Corman (1080p ATVP WEB-DL x265 t3nzin).mkv",mkv,hevc,1920x960,837,eac3,6
"/pool/TV Shows/Bad Sisters/Season 2/Bad Sisters - S02E07 - How to Pick a Prick.mkv",mkv,hevc,1920x960,658,eac3,6
"/pool/TV Shows/Bad Sisters/Season 2/Bad Sisters - S02E08 - Cliff Hanger.mkv",mkv,hevc,1920x960,594,eac3,6
"/pool/TV Shows/The Great North/Season 4/The Great North - S04E14 - Doctor! No! Adventure.mkv",mkv,hevc,1280x720,100,aac,2
"/pool/TV Shows/The Great North/Season 5/The Great North - S05E05 - Bust a Moon Adventure.mkv",mkv,hevc,1920x1080,264,ac3,2
"/pool/TV Shows/The Great North/Season 5/The Great North - S05E01 - The Lies Aquatic Adventure.mkv",mkv,hevc,1920x1080,202,aac,2
"/pool/TV Shows/Planet Earth III/Planet Earth III - S01E05 - Forests.mp4",mp4,hevc,1920x1080,1088,aac,6
"/pool/TV Shows/Planet Earth III/Planet Earth III - S01E07 - Human.mp4",mp4,hevc,1920x1080,1111,aac,6
"/pool/TV Shows/Planet Earth III/Planet Earth III - S01E03 - Deserts and Grasslands.mp4",mp4,hevc,1920x1080,1101,aac,6
"/pool/TV Shows/Planet Earth III/Planet Earth III - S01E06 - Extremes.mp4",mp4,hevc,1920x1080,1110,aac,6
"/pool/TV Shows/Planet Earth III/Planet Earth III - S01E08 - Heroes.mp4",mp4,hevc,1920x1080,1116,aac,6
"/pool/TV Shows/Planet Earth III/Planet Earth III - S01E02 - Ocean.mp4",mp4,hevc,1920x1080,1112,aac,6
"/pool/TV Shows/Planet Earth III/Planet Earth III - S01E01 - Coasts.mp4",mp4,hevc,1920x1080,1057,aac,6
"/pool/TV Shows/Planet Earth III/Planet Earth III - S01E04 - Freshwater.mp4",mp4,hevc,1920x1080,1105,aac,6
"/pool/TV Shows/LEGO Masters (AU)/Season 7/LEGO Masters (AU) - S07E04 - Is it Fake.mkv",mkv,hevc,1920x1080,1179,ac3,6
"/pool/TV Shows/LEGO Masters (AU)/Season 7/LEGO Masters (AU) - S07E05 - What Lurks Beneath.mkv",mkv,hevc,1920x1080,695,ac3,6
"/pool/TV Shows/LEGO Masters (AU)/Season 7/LEGO Masters (AU) - S07E09 - Movie Magic.mkv",mkv,hevc,1920x1080,763,ac3,6
"/pool/TV Shows/LEGO Masters (AU)/Season 7/LEGO Masters (AU) - S07E07 - Caught in the Act.mkv",mkv,hevc,1920x1080,834,ac3,6
"/pool/TV Shows/LEGO Masters (AU)/Season 7/LEGO Masters (AU) - S07E06 - Run the Gauntlet.mkv",mkv,hevc,1920x1080,1007,ac3,6
"/pool/TV Shows/Yellowjackets {tvdb-399731}/Season 1/Yellowjackets - S01E06 - Saints.mkv",mkv,hevc,1920x1080,1936,eac3,6
"/pool/TV Shows/Yellowjackets {tvdb-399731}/Season 1/Yellowjackets - S01E02 - F Sharp.mkv",mkv,hevc,1920x1080,1884,eac3,6
"/pool/TV Shows/Yellowjackets {tvdb-399731}/Season 1/Yellowjackets - S01E10 - Sic Transit Gloria Mundi.mkv",mkv,hevc,1920x1080,1951,eac3,6
"/pool/TV Shows/Yellowjackets {tvdb-399731}/Season 1/Yellowjackets - S01E05 - Blood Hive.mkv",mkv,hevc,1920x1080,1938,eac3,6
"/pool/TV Shows/Yellowjackets {tvdb-399731}/Season 1/Yellowjackets - S01E07 - No Compass.mkv",mkv,hevc,1920x1080,1915,eac3,6
"/pool/TV Shows/Yellowjackets {tvdb-399731}/Season 1/Yellowjackets - S01E09 - Doomcoming.mkv",mkv,hevc,1920x1080,1928,eac3,6
"/pool/TV Shows/Yellowjackets {tvdb-399731}/Season 1/Yellowjackets - S01E03 - The Dollhouse.mkv",mkv,hevc,1920x1080,1890,eac3,6
"/pool/TV Shows/Yellowjackets {tvdb-399731}/Season 1/Yellowjackets - S01E04 - Bear Down.mkv",mkv,hevc,1920x1080,1920,eac3,6
"/pool/TV Shows/Yellowjackets {tvdb-399731}/Season 1/Yellowjackets - S01E01 - Pilot.mkv",mkv,hevc,1920x1080,1894,eac3,6
"/pool/TV Shows/Yellowjackets {tvdb-399731}/Season 1/Yellowjackets - S01E08 - Flight of the Bumblebee.mkv",mkv,hevc,1920x1080,1906,eac3,6
"/pool/TV Shows/Yellowjackets {tvdb-399731}/Season 3/Yellowjackets - S03E02 - Dislocation.mkv",mkv,hevc,1920x1080,524,eac3,6
"/pool/TV Shows/Yellowjackets {tvdb-399731}/Season 3/Yellowjackets - S03E06 - Thanksgiving (Canada).mkv",mkv,hevc,1920x1080,492,eac3,6
"/pool/TV Shows/Yellowjackets {tvdb-399731}/Season 3/Yellowjackets - S03E08 - A Normal, Boring Life.mkv",mkv,hevc,1920x1080,543,eac3,6
"/pool/TV Shows/Yellowjackets {tvdb-399731}/Season 3/Yellowjackets - S03E01 - It Girl.mkv",mkv,hevc,1920x1080,573,eac3,6
"/pool/TV Shows/Vindicators 2/S1/Vindicators 2 - S01E10 - Heroes .mkv",mkv,vp9,1920x1080,27,aac,2
"/pool/TV Shows/Vindicators 2/S1/Vindicators 2 - S01E01 - Rick Can Handle It.mkv",mkv,vp9,1920x1080,24,aac,2
"/pool/TV Shows/Vindicators 2/S1/Vindicators 2 - S01E05 - First Love.mkv",mkv,vp9,1920x1080,23,aac,2
"/pool/TV Shows/Vindicators 2/S1/Vindicators 2 - S01E07 - Girls Night.mkv",mkv,vp9,1920x1080,28,aac,2
"/pool/TV Shows/Vindicators 2/S1/Vindicators 2 - S01E09 - Little Trains.mkv",mkv,vp9,1920x1080,24,aac,2
"/pool/TV Shows/Vindicators 2/S1/Vindicators 2 - S01E08 - Kintsugi.mkv",mkv,vp9,1920x1080,17,aac,2
"/pool/TV Shows/Miracle Workers (2019)/Season 1/Miracle Workers (2019) - S01E01 - 2 Weeks.mkv",mkv,hevc,1920x1080,646,eac3,6
"/pool/TV Shows/Miracle Workers (2019)/Season 1/Miracle Workers (2019) - S01E03 - 12 Days.mkv",mkv,hevc,1920x1080,609,eac3,6
"/pool/TV Shows/Miracle Workers (2019)/Season 1/Miracle Workers (2019) - S01E05 - 3 Days.mkv",mkv,hevc,1920x1080,577,eac3,6
"/pool/TV Shows/Miracle Workers (2019)/Season 1/Miracle Workers (2019) - S01E04 - 6 Days.mkv",mkv,hevc,1920x1080,574,eac3,6
"/pool/TV Shows/Miracle Workers (2019)/Season 1/Miracle Workers (2019) - S01E06 - 1 Day.mkv",mkv,hevc,1920x1080,612,eac3,6
"/pool/TV Shows/Miracle Workers (2019)/Season 1/Miracle Workers (2019) - S01E07 - 1 Hour.mkv",mkv,hevc,1920x1080,635,eac3,6
"/pool/TV Shows/Miracle Workers (2019)/Season 1/Miracle Workers (2019) - S01E02 - 13 Days.mkv",mkv,hevc,1920x1080,603,eac3,6
"/pool/TV Shows/LEGO Masters (US)/Season 5/LEGO Masters (US) - S05E04 - Celebrity Holiday Bricktacular - New Holiday Classics.mkv",mkv,hevc,1920x1080,690,eac3,6
"/pool/TV Shows/Slow Horses {tvdb-372264}/S1/Slow Horses - S01E01 - TBD WEBDL-720p.mkv",mkv,hevc,1280x640,246,aac,2
"/pool/TV Shows/Slow Horses {tvdb-372264}/S1/Slow Horses - S01E02 - TBD WEBDL-720p.mkv",mkv,hevc,1280x640,182,aac,2
"/pool/TV Shows/Disenchantment/Season 1/Disenchantment - S01E03 - The Princess of Darkness.mkv",mkv,hevc,1920x1080,553,eac3,6
"/pool/TV Shows/Disenchantment/Season 1/Disenchantment - S01E02 - For Whom the Pig Oinks.mkv",mkv,hevc,1920x1080,537,eac3,6
"/pool/TV Shows/Disenchantment/Season 1/Disenchantment - S01E20 - Tiabeanie Falls.mkv",mkv,hevc,1920x1080,535,eac3,6
"/pool/TV Shows/Disenchantment/Season 1/Disenchantment - S01E10 - Dreamland Falls.mkv",mkv,hevc,1920x1080,542,eac3,6
"/pool/TV Shows/Disenchantment/Season 1/Disenchantment - S01E01 - A Princess, an Elf, and a Demon Walk Into a Bar.mkv",mkv,hevc,1920x1080,692,eac3,6
"/pool/TV Shows/Disenchantment/Season 1/Disenchantment - S01E18 - In Her Own Write.mkv",mkv,hevc,1920x1080,452,eac3,6
"/pool/TV Shows/Disenchantment/Season 1/Disenchantment - S01E16 - The Dreamland Job.mkv",mkv,hevc,1920x1080,426,eac3,6
"/pool/TV Shows/Disenchantment/Season 1/Disenchantment - S01E12 - Stairway to Hell.mkv",mkv,hevc,1920x1080,526,eac3,6
"/pool/TV Shows/Disenchantment/Season 1/Disenchantment - S01E05 - Faster, Princess! Kill! Kill!.mkv",mkv,hevc,1920x1080,543,eac3,6
"/pool/TV Shows/Disenchantment/Season 1/Disenchantment - S01E14 - The Lonely Heart Is a Hunter.mkv",mkv,hevc,1920x1080,521,eac3,6
"/pool/TV Shows/Disenchantment/Season 1/Disenchantment - S01E15 - Our Bodies, Our Elves.mkv",mkv,hevc,1920x1080,433,eac3,6
"/pool/TV Shows/Disenchantment/Season 1/Disenchantment - S01E09 - To Thine Own Elf Be True.mkv",mkv,hevc,1920x1080,546,eac3,6
"/pool/TV Shows/Disenchantment/Season 1/Disenchantment - S01E06 - Swamp and Circumstance.mkv",mkv,hevc,1920x1080,539,eac3,6
"/pool/TV Shows/Disenchantment/Season 1/Disenchantment - S01E17 - Love's Slimy Embrace.mkv",mkv,hevc,1920x1080,458,eac3,6
"/pool/TV Shows/Disenchantment/Season 1/Disenchantment - S01E07 - Love's Tender Rampage.mkv",mkv,hevc,1920x1080,542,eac3,6
"/pool/TV Shows/Disenchantment/Season 1/Disenchantment - S01E04 - Castle Party Massacre.mkv",mkv,hevc,1920x1080,573,eac3,6
"/pool/TV Shows/Disenchantment/Season 1/Disenchantment - S01E13 - The Very Thing.mkv",mkv,hevc,1920x1080,498,eac3,6
"/pool/TV Shows/Disenchantment/Season 1/Disenchantment - S01E11 - The Disenchantress.mkv",mkv,hevc,1920x1080,586,eac3,6
"/pool/TV Shows/Disenchantment/Season 1/Disenchantment - S01E19 - The Electric Princess.mkv",mkv,hevc,1920x1080,498,eac3,6
"/pool/TV Shows/Disenchantment/Season 1/Disenchantment - S01E08 - The Limits of Immortality.mkv",mkv,hevc,1920x1080,524,eac3,6
"/pool/TV Shows/Disenchantment/Season 3/Disenchantment - S03E08 - The Battle of Falling Water.mkv",mkv,hevc,1920x1080,486,ac3,6
"/pool/TV Shows/Disenchantment/Season 3/Disenchantment - S03E07 - Gimme Gimme Shock Treatment.mkv",mkv,hevc,1920x1080,380,ac3,6
"/pool/TV Shows/Disenchantment/Season 3/Disenchantment - S03E06 - The Stience of Homemade Lightning.mkv",mkv,hevc,1920x1080,489,ac3,6
"/pool/TV Shows/Disenchantment/Season 3/Disenchantment - S03E04 - I Hear Your Noggin, But You Can't Come In.mkv",mkv,hevc,1920x1080,366,ac3,6
"/pool/TV Shows/Disenchantment/Season 3/Disenchantment - S03E10 - Goodbye Bean.mkv",mkv,hevc,1920x1080,738,ac3,6
"/pool/TV Shows/Disenchantment/Season 2/Disenchantment - S02E15 - The Pitter-Patter of Little Feet.mkv",mkv,hevc,1280x720,87,aac,2
"/pool/TV Shows/Disenchantment/Season 2/Disenchantment - S02E20 - Bean Falls Apart.mkv",mkv,hevc,1280x720,95,aac,2
"/pool/TV Shows/Disenchantment/Season 2/Disenchantment - S02E17 - The Unbearable Lightning of Bean.mkv",mkv,hevc,1280x720,84,aac,2
"/pool/TV Shows/Disenchantment/Season 2/Disenchantment - S02E18 - Spy Vs. Spy Vs. Spy.mkv",mkv,hevc,1280x720,93,aac,2
"/pool/TV Shows/Disenchantment/Season 2/Disenchantment - S02E11 - Love Is Hell.mkv",mkv,hevc,1280x720,116,aac,2
"/pool/TV Shows/Disenchantment/Season 2/Disenchantment - S02E12 - The Good, The Bad, and the Bum-Bum.mkv",mkv,hevc,1280x720,118,aac,2
"/pool/TV Shows/Still Up/Season 1/Still Up - S01E08 - The Wedding.mp4",mp4,hevc,1920x960,452,aac,6
"/pool/TV Shows/Still Up/Season 1/Still Up - S01E03 - The Date.mp4",mp4,hevc,1920x960,360,aac,6
"/pool/TV Shows/Still Up/Season 1/Still Up - S01E06 - The Road Trip.mp4",mp4,hevc,1920x960,379,aac,6
"/pool/TV Shows/Still Up/Season 1/Still Up - S01E02 - The Dress.mp4",mp4,hevc,1920x960,357,aac,6
"/pool/TV Shows/Still Up/Season 1/Still Up - S01E07 - The Horse.mp4",mp4,hevc,1920x960,327,aac,6
"/pool/TV Shows/Still Up/Season 1/Still Up - S01E05 - Veggie Veggie Bing Bong.mp4",mp4,hevc,1920x960,421,aac,6
"/pool/TV Shows/Still Up/Season 1/Still Up - S01E01 - The Pharmacy.mp4",mp4,hevc,1920x960,314,aac,6
"/pool/TV Shows/Still Up/Season 1/Still Up - S01E04 - The Sleep Clinic.mp4",mp4,hevc,1920x960,332,aac,6
"/pool/TV Shows/Foundation (2021) {tvdb-366972}/Season 01/Foundation (2021) - [01x05] - Upon Awakening.mkv",mkv,hevc,3840x1920,9731,eac3,6
"/pool/TV Shows/Foundation (2021) {tvdb-366972}/Season 01/Foundation.S01E09.2160p.WEB.H265-GGWP[rarbg].mkv",mkv,hevc,3840x1920,8720,eac3,6
"/pool/TV Shows/Foundation (2021) {tvdb-366972}/Season 01/foundation.s01e04.hdr.2160p.web.h265-ggez.mkv",mkv,hevc,3840x1920,8153,eac3,6
"/pool/TV Shows/Foundation (2021) {tvdb-366972}/Season 01/Foundation (2021) - [01x03] - The Mathematician’s Ghost.mkv",mkv,hevc,3840x1920,897,aac,6
"/pool/TV Shows/Foundation (2021) {tvdb-366972}/Season 01/Foundation (2021) - [01x04] - Barbarians at the Gate.mkv",mkv,hevc,1920x1080,362,eac3,6
"/pool/TV Shows/Foundation (2021) {tvdb-366972}/Season 01/Foundation (2021) - [01x03] - The Mathematician’s Ghost (1080).mkv",mkv,hevc,1920x1080,203,aac,6
"/pool/TV Shows/Foundation (2021) {tvdb-366972}/Season 01/Foundation.S01E07.2160p.WEB.H265-GGWP[rarbg].mkv",mkv,hevc,3840x1920,7469,eac3,6
"/pool/TV Shows/Foundation (2021) {tvdb-366972}/Season 01/Foundation.S01E04.HDR.2160p.WEB.H265-GGEZ[rarbg].mkv",mkv,hevc,3840x1920,8153,eac3,6
"/pool/TV Shows/Foundation (2021) {tvdb-366972}/Season 01/Foundation (2021) - [01x02] - Preparing to Live.mkv",mkv,hevc,3840x1920,2801,eac3,6
"/pool/TV Shows/Loot/Season 1/Loot.S01E03.1080p.HEVC.x265-MeGusta[TGx].mkv",mkv,hevc,1920x960,366,eac3,6
"/pool/TV Shows/Loot/Season 1/Loot.S01E02.1080p.HEVC.x265-MeGusta[TGx].mkv",mkv,hevc,1920x960,353,eac3,6
"/pool/TV Shows/Loot/Season 1/Loot.S01E01.720p.WEB.x265-MiNX[TGx].mkv",mkv,hevc,1280x640,193,aac,2
"/pool/TV Shows/Monarch - Legacy of Monsters/Season 1/Monarch - Legacy of Monsters - S01E08 - Birthright.mkv",mkv,hevc,1916x800,733,eac3,6
"/pool/TV Shows/Monarch - Legacy of Monsters/Season 1/Monarch - Legacy of Monsters - S01E05 - The Way Out.mkv",mkv,hevc,1916x800,875,eac3,6
"/pool/TV Shows/Monarch - Legacy of Monsters/Season 1/Monarch - Legacy of Monsters - S01E02 - Departure.mkv",mkv,hevc,1920x804,801,eac3,6
"/pool/TV Shows/Monarch - Legacy of Monsters/Season 1/Monarch - Legacy of Monsters - S01E10 - Beyond Logic.mkv",mkv,hevc,1916x800,838,eac3,6
"/pool/TV Shows/Monarch - Legacy of Monsters/Season 1/Monarch - Legacy of Monsters - S01E06 - Terrifying Miracles.mkv",mkv,hevc,1916x800,857,eac3,6
"/pool/TV Shows/Monarch - Legacy of Monsters/Season 1/Monarch - Legacy of Monsters - S01E09 - Axis Mundi.mkv",mkv,hevc,1916x800,926,eac3,6
"/pool/TV Shows/Monarch - Legacy of Monsters/Season 1/Monarch - Legacy of Monsters - S01E07 - Will the Real May Please Stand Up.mkv",mkv,hevc,1916x800,820,eac3,6
"/pool/TV Shows/Monarch - Legacy of Monsters/Season 1/Monarch - Legacy of Monsters - S01E01 - Aftermath.mkv",mkv,hevc,1920x804,860,eac3,6
"/pool/TV Shows/Monarch - Legacy of Monsters/Season 1/Monarch - Legacy of Monsters - S01E04 - Parallels and Interiors.mkv",mkv,hevc,1916x800,709,eac3,6
"/pool/TV Shows/Monarch - Legacy of Monsters/Season 1/Monarch - Legacy of Monsters - S01E03 - Secrets and Lies.mkv",mkv,hevc,1920x804,745,eac3,6
"/pool/TV Shows/The Boys/Season 1/The Boys - S01E06 - The Innocents.mp4",mp4,hevc,1920x816,958,aac,6
"/pool/TV Shows/The Boys/Season 1/The Boys - S01E01 - The Name of the Game.mp4",mp4,hevc,1920x816,957,aac,6
"/pool/TV Shows/The Boys/Season 1/The Boys - S01E07 - The Self-Preservation Society.mp4",mp4,hevc,1920x816,897,aac,6
"/pool/TV Shows/The Boys/Season 1/The Boys - S01E02 - Cherry.mp4",mp4,hevc,1920x816,940,aac,6
"/pool/TV Shows/The Boys/Season 1/The Boys - S01E04 - The Female of the Species.mp4",mp4,hevc,1920x816,899,aac,6
"/pool/TV Shows/The Boys/Season 1/The Boys - S01E03 - Get Some.mp4",mp4,hevc,1920x816,874,aac,6
"/pool/TV Shows/The Boys/Season 1/The Boys - S01E05 - Good for the Soul.mp4",mp4,hevc,1920x816,958,aac,6
"/pool/TV Shows/The Boys/Season 1/The Boys - S01E08 - You Found Me.mp4",mp4,hevc,1920x816,1060,aac,6
"/pool/TV Shows/The Boys/Season 4/The Boys - S04E07 - The Insider.mkv",mkv,hevc,1920x800,989,eac3,6
"/pool/TV Shows/The Unnatural History Show with Ross Noble/Season 0/The Unnatural History Show with Ross Noble ｜ Official Series Release Trailer [hYwVAFUfVII].webm",webm,vp9,3840x2160,96,opus,2
"/pool/TV Shows/Shrinking/S01E04 - Potatoes.mkv",mkv,hevc,1280x640,159,aac,2
"/pool/TV Shows/Shrinking/Shrinking - S01E03 - Fifteen Minutes.mkv",mkv,hevc,1280x640,147,aac,2
"/pool/TV Shows/Shrinking/Shrinking - S01E01 - Coin Flip.mkv",mkv,hevc,1280x640,184,aac,2
"/pool/TV Shows/Shrinking/Shrinking - S01E02 - Fortress of Solitude.mkv",mkv,hevc,1280x640,145,aac,2
"/pool/TV Shows/Euphoria (US)/Season 2/Euphoria (US) - S02E03 - Ruminations: Big and Little Bullys.mkv",mkv,hevc,1920x1040,1992,eac3,6
"/pool/TV Shows/Euphoria (US)/Season 2/Euphoria (US) - S02E07 - the Theater and Its Double.mkv",mkv,hevc,1920x1040,1951,eac3,6
"/pool/TV Shows/Euphoria (US)/Season 2/Euphoria (US) - S02E06 - a Thousand Little Trees of Blood.mkv",mkv,hevc,1920x1040,1995,eac3,6
"/pool/TV Shows/Euphoria (US)/Season 2/Euphoria (US) - S02E02 - Out of Touch.mkv",mkv,hevc,1920x1040,1894,eac3,6
"/pool/TV Shows/Euphoria (US)/Season 2/Euphoria (US) - S02E08 - All My Life, My Heart Has Yearned for a Thing I Cannot Name.mkv",mkv,hevc,1920x1040,2049,eac3,6
"/pool/TV Shows/Euphoria (US)/Season 2/Euphoria (US) - S02E01 - Trying to Get to Heaven Before They Close the Door.mkv",mkv,hevc,1920x1040,2034,eac3,6
"/pool/TV Shows/Euphoria (US)/Season 2/Euphoria (US) - S02E05 - Stand Still Like the Hummingbird.mkv",mkv,hevc,1920x1040,1796,eac3,6
"/pool/TV Shows/Euphoria (US)/Season 2/Euphoria (US) - S02E04 - You Who Cannot See, Think of Those Who Can.mkv",mkv,hevc,1920x1040,2060,eac3,6
"/pool/TV Shows/We Own This City/We Own This City - S01E06 - Part Six.mp4",mp4,hevc,1920x960,1018,aac,6
"/pool/TV Shows/We Own This City/We Own This City - S01E05 - Part Five.mp4",mp4,hevc,1920x960,920,aac,6
"/pool/TV Shows/We Own This City/We Own This City - S01E04 - Part Four.mp4",mp4,hevc,1920x958,939,aac,6
"/pool/TV Shows/We Own This City/We Own This City - S01E02 - Part Two.mp4",mp4,hevc,1920x958,918,aac,6
"/pool/TV Shows/We Own This City/We Own This City - S01E03 - Part Three.mp4",mp4,hevc,1920x954,953,aac,6
"/pool/TV Shows/We Own This City/We Own This City - S01E01 - Part One.mp4",mp4,hevc,1920x960,930,aac,6
"/pool/TV Shows/Game of Thrones/Season 1/Game of Thrones - S01E07 - You Win or You Die.mkv",mkv,hevc,3840x2160,11191,truehd,8
"/pool/TV Shows/Game of Thrones/Season 1/Game of Thrones - S01E06 - A Golden Crown.mkv",mkv,hevc,3840x2160,10335,truehd,8
"/pool/TV Shows/Game of Thrones/Season 1/Game of Thrones - S01E02 - The Kingsroad.mkv",mkv,hevc,3840x2160,10739,truehd,8
"/pool/TV Shows/Game of Thrones/Season 1/Game of Thrones - S01E05 - The Wolf and the Lion.mkv",mkv,hevc,3840x2160,10322,truehd,8
"/pool/TV Shows/Game of Thrones/Season 1/Game of Thrones - S01E03 - Lord Snow.mkv",mkv,hevc,3840x2160,11172,truehd,8
"/pool/TV Shows/Game of Thrones/Season 1/Game of Thrones - S01E08 - The Pointy End.mkv",mkv,hevc,3840x2160,11370,truehd,8
"/pool/TV Shows/Game of Thrones/Season 1/Game of Thrones - S01E01 - Winter Is Coming.mkv",mkv,hevc,3840x2160,11822,truehd,8
"/pool/TV Shows/Game of Thrones/Season 1/Game of Thrones - S01E10 - Fire and Blood.mkv",mkv,hevc,3840x2160,9906,truehd,8
"/pool/TV Shows/Game of Thrones/Season 1/Game of Thrones - S01E04 - Cripples, Bastards, and Broken Things.mkv",mkv,hevc,3840x2160,9978,truehd,8
"/pool/TV Shows/Game of Thrones/Season 1/Game of Thrones - S01E09 - Baelor.mkv",mkv,hevc,3840x2160,10519,truehd,8
"/pool/TV Shows/Parasyte -the maxim-/Season 1/Parasyte -the maxim- (2014) - S01E10 - (10) - What Mad Universe (1080p BluRay x265 ImE).mkv",mkv,hevc,1920x1080,361,aac,6
"/pool/TV Shows/Parasyte -the maxim-/Season 1/Parasyte -the maxim- (2014) - S01E03 - (3) - Feast (1080p BluRay x265 ImE).mkv",mkv,hevc,1920x1080,304,aac,6
"/pool/TV Shows/Parasyte -the maxim-/Season 1/Parasyte -the maxim- (2014) - S01E12 - (12) - Kokoro (1080p BluRay x265 ImE).mkv",mkv,hevc,1920x1080,295,aac,6
"/pool/TV Shows/Parasyte -the maxim-/Season 1/Parasyte -the maxim- (2014) - S01E24 - (24) - Parasyte (1080p BluRay x265 ImE).mkv",mkv,hevc,1920x1080,315,aac,6
"/pool/TV Shows/Parasyte -the maxim-/Season 1/Parasyte -the maxim- (2014) - S01E02 - (2) - Demon in the Flesh (1080p BluRay x265 ImE).mkv",mkv,hevc,1920x1080,336,aac,6
"/pool/TV Shows/Parasyte -the maxim-/Season 1/Parasyte -the maxim- (2014) - S01E05 - (5) - The Stranger (1080p BluRay x265 ImE).mkv",mkv,hevc,1920x1080,338,aac,6
"/pool/TV Shows/Parasyte -the maxim-/Season 1/Parasyte -the maxim- (2014) - S01E16 - (16) - Happy Family (1080p BluRay x265 ImE).mkv",mkv,hevc,1920x1080,442,aac,6
"/pool/TV Shows/Parasyte -the maxim-/Season 1/Parasyte -the maxim- (2014) - S01E20 - (20) - Crime and Punishment (1080p BluRay x265 ImE).mkv",mkv,hevc,1920x1080,310,aac,6
"/pool/TV Shows/Parasyte -the maxim-/Season 1/Parasyte -the maxim- (2014) - S01E21 - (21) - Sex and Spirit (1080p BluRay x265 ImE).mkv",mkv,hevc,1920x1080,310,aac,6
"/pool/TV Shows/Parasyte -the maxim-/Season 1/Parasyte -the maxim- (2014) - S01E19 - (19) - In Cold Blood (1080p BluRay x265 ImE).mkv",mkv,hevc,1920x1080,296,aac,6
"/pool/TV Shows/Parasyte -the maxim-/Season 1/Parasyte -the maxim- (2014) - S01E07 - (7) - Dark Night's Passing (1080p BluRay x265 ImE).mkv",mkv,hevc,1920x1080,420,aac,6
"/pool/TV Shows/Parasyte -the maxim-/Season 1/Parasyte -the maxim- (2014) - S01E18 - (18) - More Than Human (1080p BluRay x265 ImE).mkv",mkv,hevc,1920x1080,327,aac,6
"/pool/TV Shows/Parasyte -the maxim-/Season 1/Parasyte -the maxim- (2014) - S01E04 - (4) - Disheveled Hair (1080p BluRay x265 ImE).mkv",mkv,hevc,1920x1080,351,aac,6
"/pool/TV Shows/Parasyte -the maxim-/Season 1/Parasyte -the maxim- (2014) - S01E13 - (13) - Hello Sadness (1080p BluRay x265 ImE).mkv",mkv,hevc,1920x1080,310,aac,6
"/pool/TV Shows/Parasyte -the maxim-/Season 1/Parasyte -the maxim- (2014) - S01E08 - (8) - Freezing Point (1080p BluRay x265 ImE).mkv",mkv,hevc,1920x1080,316,aac,6
"/pool/TV Shows/Parasyte -the maxim-/Season 1/Parasyte -the maxim- (2014) - S01E17 - (17) - The Adventure of the Dying Detective (1080p BluRay x265 ImE).mkv",mkv,hevc,1920x1080,321,aac,6
"/pool/TV Shows/Parasyte -the maxim-/Season 1/Parasyte -the maxim- (2014) - S01E15 - (15) - Something Wicked This Way Comes (1080p BluRay x265 ImE).mkv",mkv,hevc,1920x1080,333,aac,6
"/pool/TV Shows/Parasyte -the maxim-/Season 1/Parasyte -the maxim- (2014) - S01E06 - (6) - The Sun Also Rises (1080p BluRay x265 ImE).mkv",mkv,hevc,1920x1080,316,aac,6
"/pool/TV Shows/Parasyte -the maxim-/Season 1/Parasyte -the maxim- (2014) - S01E01 - (1) - Metamorphosis (1080p BluRay x265 ImE).mkv",mkv,hevc,1920x1080,369,aac,6
"/pool/TV Shows/Parasyte -the maxim-/Season 1/Parasyte -the maxim- (2014) - S01E23 - (23) - Life and Oath (1080p BluRay x265 ImE).mkv",mkv,hevc,1920x1080,326,aac,6
"/pool/TV Shows/Parasyte -the maxim-/Season 1/Parasyte -the maxim- (2014) - S01E14 - (14) - The Selfish Gene (1080p BluRay x265 ImE).mkv",mkv,hevc,1920x1080,315,aac,6
"/pool/TV Shows/Parasyte -the maxim-/Season 1/Parasyte -the maxim- (2014) - S01E09 - (9) - Beyond Good and Evil (1080p BluRay x265 ImE).mkv",mkv,hevc,1920x1080,317,aac,6
"/pool/TV Shows/Parasyte -the maxim-/Season 1/Parasyte -the maxim- (2014) - S01E22 - (22) - Quiescence and Awakening (1080p BluRay x265 ImE).mkv",mkv,hevc,1920x1080,354,aac,6
"/pool/TV Shows/Parasyte -the maxim-/Season 1/Parasyte -the maxim- (2014) - S01E11 - (11) - The Blue Bird (1080p BluRay x265 ImE).mkv",mkv,hevc,1920x1080,353,aac,6
"/pool/TV Shows/Ghosts (US)/Season 4/Ghosts (US) - S04E21 - Kyle.mkv",mkv,hevc,1284x720,129,ac3,6
"/pool/TV Shows/Ghosts (US)/Season 4/Ghosts (US) - S04E12 - It's the End of the World as We Know it and What Were We Talking About.mkv",mkv,hevc,1284x720,124,ac3,6
"/pool/TV Shows/Ghosts (US)/Season 4/Ghosts (US) - S04E10 - The Not-So-Silent Partner.mkv",mkv,hevc,1280x718,111,aac,2
"/pool/TV Shows/Ghosts (US)/Season 4/Ghosts (US) - S04E19 - Pinkus Returns.mkv",mkv,hevc,1920x1080,393,ac3,6
"/pool/TV Shows/Ghosts (US)/Season 4/Ghosts (US) - S04E09 - A Very Arondekar Christmas (2).mkv",mkv,av1,1920x1080,229,eac3,6
"/pool/TV Shows/#1 Happy Family USA/Season 1/#1 HAPPY FAMILY USA - S01E04 - Pray the Gaye Away.mkv",mkv,hevc,1920x1080,492,eac3,6
"/pool/TV Shows/#1 Happy Family USA/Season 1/#1 HAPPY FAMILY USA - S01E05 - Courtney's Pool Party.mkv",mkv,hevc,1920x1080,433,eac3,6
"/pool/TV Shows/#1 Happy Family USA/Season 1/#1 HAPPY FAMILY USA - S01E03 - See Something, Say Something.mkv",mkv,hevc,1920x1080,455,eac3,6
"/pool/TV Shows/Solar Opposites/S2/Solar Opposites - [02x05] - The Rad Awesome Terrific Ray.avi",avi,mpeg4,640x360,306,mp3,2
"/pool/TV Shows/Solar Opposites/S2/Solar Opposites - [02x07] - The Unlikely Demise of Terry's Favorite Shot Glass.avi",avi,mpeg4,640x360,321,mp3,2
"/pool/TV Shows/Solar Opposites/S2/Solar Opposites - [02x06] - The Apple Pencil Pro.avi",avi,mpeg4,640x360,287,mp3,2
"/pool/TV Shows/Solar Opposites/S2/Solar Opposites - [02x03] - The Lake House Device.avi",avi,mpeg4,640x360,301,mp3,2
"/pool/TV Shows/Solar Opposites/S2/Solar Opposites - [02x02] - The Earth Eraser.avi",avi,mpeg4,640x360,304,mp3,2
"/pool/TV Shows/The White Lotus {tvdb-390430}/Season 2/The White Lotus - S02E05 - That's Amore.mp4",mp4,hevc,1920x1080,976,aac,6
"/pool/TV Shows/The White Lotus {tvdb-390430}/Season 2/The White Lotus - S02E03 - Bull Elephants.mp4",mp4,hevc,1920x1080,971,aac,6
"/pool/TV Shows/The White Lotus {tvdb-390430}/Season 2/The White Lotus - S02E06 - Abductions.mp4",mp4,hevc,1920x1080,999,aac,6
"/pool/TV Shows/The White Lotus {tvdb-390430}/Season 2/The White Lotus - S02E02 - Italian Dream.mp4",mp4,hevc,1920x1080,902,aac,6
"/pool/TV Shows/The White Lotus {tvdb-390430}/Season 2/The White Lotus - S02E04 - In the Sandbox.mp4",mp4,hevc,1920x1080,957,aac,6
"/pool/TV Shows/The White Lotus {tvdb-390430}/Season 2/The White Lotus - S02E07 - Arrivederci.mp4",mp4,hevc,1920x1080,1228,aac,6
"/pool/TV Shows/The White Lotus {tvdb-390430}/Season 2/The White Lotus - S02E01 - Ciao.mp4",mp4,hevc,1920x1080,951,aac,6
"/pool/TV Shows/Boardwalk Empire/Season 1/Boardwalk Empire S01E10 720p BluRay HEVC x265 BONE.mkv",mkv,hevc,1280x720,490,aac,2
"/pool/TV Shows/Boardwalk Empire/Season 1/Boardwalk Empire S01E05 720p BluRay HEVC x265 BONE.mkv",mkv,hevc,1280x720,432,aac,2
"/pool/TV Shows/Boardwalk Empire/Season 1/Boardwalk Empire S01E08 720p BluRay HEVC x265 BONE.mkv",mkv,hevc,1278x720,396,aac,2
"/pool/TV Shows/Boardwalk Empire/Season 1/Boardwalk Empire S01E12 720p BluRay HEVC x265 BONE.mkv",mkv,hevc,1278x720,486,aac,2
"/pool/TV Shows/Boardwalk Empire/Season 1/Boardwalk Empire S01E07 720p BluRay HEVC x265 BONE.mkv",mkv,hevc,1278x720,446,aac,2
"/pool/TV Shows/Boardwalk Empire/Season 1/Boardwalk Empire S01E04 720p BluRay HEVC x265 BONE.mkv",mkv,hevc,1278x720,443,aac,2
"/pool/TV Shows/Boardwalk Empire/Season 1/Boardwalk Empire S01E11 720p BluRay HEVC x265 BONE.mkv",mkv,hevc,1278x720,463,aac,2
"/pool/TV Shows/Boardwalk Empire/Season 1/Boardwalk Empire S01E02 720p BluRay HEVC x265 BONE.mkv",mkv,hevc,1280x720,419,aac,2
"/pool/TV Shows/Boardwalk Empire/Season 1/Boardwalk Empire S01E06 720p BluRay HEVC x265 BONE.mkv",mkv,hevc,1280x720,486,aac,2
"/pool/TV Shows/Boardwalk Empire/Season 1/Boardwalk Empire S01E01 720p BluRay HEVC x265 BONE.mkv",mkv,hevc,1280x720,599,aac,2
"/pool/TV Shows/Boardwalk Empire/Season 1/Boardwalk Empire S01E03 720p BluRay HEVC x265 BONE.mkv",mkv,hevc,1280x720,428,aac,2
"/pool/TV Shows/Boardwalk Empire/Season 1/Boardwalk Empire S01E09 720p BluRay HEVC x265 BONE.mkv",mkv,hevc,1278x720,425,aac,2
"/pool/TV Shows/Boardwalk Empire/Season 3/Boardwalk Empire S03E02 720p BluRay HEVC x265 BONE.mkv",mkv,hevc,1280x720,458,aac,2
"/pool/TV Shows/Boardwalk Empire/Season 3/Boardwalk Empire S03E01 720p BluRay HEVC x265 BONE.mkv",mkv,hevc,1280x720,457,aac,2
"/pool/TV Shows/Boardwalk Empire/Season 3/Boardwalk Empire S03E09 720p BluRay HEVC x265 BONE.mkv",mkv,hevc,1280x720,428,aac,2
"/pool/TV Shows/Boardwalk Empire/Season 3/Boardwalk Empire S03E07 720p BluRay HEVC x265 BONE.mkv",mkv,hevc,1280x720,463,aac,2
"/pool/TV Shows/Boardwalk Empire/Season 3/Boardwalk Empire S03E08 720p BluRay HEVC x265 BONE.mkv",mkv,hevc,1280x720,476,aac,2
"/pool/TV Shows/Boardwalk Empire/Season 3/Boardwalk Empire S03E03 720p BluRay HEVC x265 BONE.mkv",mkv,hevc,1280x720,443,aac,2
"/pool/TV Shows/Boardwalk Empire/Season 3/Boardwalk Empire S03E04 720p BluRay HEVC x265 BONE.mkv",mkv,hevc,1278x720,452,aac,2
"/pool/TV Shows/Boardwalk Empire/Season 3/Boardwalk Empire S03E11 720p BluRay HEVC x265 BONE.mkv",mkv,hevc,1278x720,396,aac,2
"/pool/TV Shows/Boardwalk Empire/Season 3/Boardwalk Empire S03E12 720p BluRay HEVC x265 BONE.mkv",mkv,hevc,1280x720,476,aac,2
"/pool/TV Shows/Boardwalk Empire/Season 3/Boardwalk Empire S03E06 720p BluRay HEVC x265 BONE.mkv",mkv,hevc,1278x720,445,aac,2
"/pool/TV Shows/Boardwalk Empire/Season 3/Boardwalk Empire S03E10 720p BluRay HEVC x265 BONE.mkv",mkv,hevc,1278x720,458,aac,2
"/pool/TV Shows/Boardwalk Empire/Season 3/Boardwalk Empire S03E05 720p BluRay HEVC x265 BONE.mkv",mkv,hevc,1278x720,466,aac,2
"/pool/TV Shows/Boardwalk Empire/Season 2/Boardwalk Empire S02E06 720p BluRay HEVC x265 BONE.mkv",mkv,hevc,1278x720,470,aac,2
"/pool/TV Shows/Boardwalk Empire/Season 2/Boardwalk Empire S02E10 720p BluRay HEVC x265 BONE.mkv",mkv,hevc,1280x720,483,aac,2
"/pool/TV Shows/Boardwalk Empire/Season 2/Boardwalk Empire S02E01 720p BluRay HEVC x265 BONE.mkv",mkv,hevc,1278x720,429,aac,2
"/pool/TV Shows/Boardwalk Empire/Season 2/Boardwalk Empire S02E11 720p BluRay HEVC x265 BONE.mkv",mkv,hevc,1278x720,462,aac,2
"/pool/TV Shows/Boardwalk Empire/Season 2/Boardwalk Empire S02E08 720p BluRay HEVC x265 BONE.mkv",mkv,hevc,1278x720,488,aac,2
"/pool/TV Shows/Boardwalk Empire/Season 2/Boardwalk Empire S02E09 720p BluRay HEVC x265 BONE.mkv",mkv,hevc,1280x720,414,aac,2
"/pool/TV Shows/Boardwalk Empire/Season 2/Boardwalk Empire S02E12 720p BluRay HEVC x265 BONE.mkv",mkv,hevc,1280x720,481,aac,2
"/pool/TV Shows/Boardwalk Empire/Season 2/Boardwalk Empire S02E07 720p BluRay HEVC x265 BONE.mkv",mkv,hevc,1278x720,485,aac,2
"/pool/TV Shows/Boardwalk Empire/Season 2/Boardwalk Empire S02E05 720p BluRay HEVC x265 BONE.mkv",mkv,hevc,1280x720,416,aac,2
"/pool/TV Shows/Boardwalk Empire/Season 2/Boardwalk Empire S02E02 720p BluRay HEVC x265 BONE.mkv",mkv,hevc,1278x720,476,aac,2
"/pool/TV Shows/Boardwalk Empire/Season 2/Boardwalk Empire S02E04 720p BluRay HEVC x265 BONE.mkv",mkv,hevc,1278x720,469,aac,2
"/pool/TV Shows/Boardwalk Empire/Season 2/Boardwalk Empire S02E03 720p BluRay HEVC x265 BONE.mkv",mkv,hevc,1280x720,461,aac,2
"/pool/TV Shows/Boardwalk Empire/Season 4/Boardwalk Empire S04E12 720p BluRay HEVC x265 BONE.mkv",mkv,hevc,1278x720,449,aac,2
"/pool/TV Shows/Boardwalk Empire/Season 4/Boardwalk Empire S04E05 720p BluRay HEVC x265 BONE.mkv",mkv,hevc,1280x720,468,aac,2
"/pool/TV Shows/Boardwalk Empire/Season 4/Boardwalk Empire S04E10 720p BluRay HEVC x265 BONE.mkv",mkv,hevc,1278x720,423,aac,2
"/pool/TV Shows/Boardwalk Empire/Season 4/Boardwalk Empire S04E11 720p BluRay HEVC x265 BONE.mkv",mkv,hevc,1280x720,463,aac,2
"/pool/TV Shows/Boardwalk Empire/Season 4/Boardwalk Empire S04E02 720p BluRay HEVC x265 BONE.mkv",mkv,hevc,1280x720,472,aac,2
"/pool/TV Shows/Boardwalk Empire/Season 4/Boardwalk Empire S04E09 720p BluRay HEVC x265 BONE.mkv",mkv,hevc,1280x720,450,aac,2
"/pool/TV Shows/Boardwalk Empire/Season 4/Boardwalk Empire S04E08 720p BluRay HEVC x265 BONE.mkv",mkv,hevc,1278x720,460,aac,2
"/pool/TV Shows/Boardwalk Empire/Season 4/Boardwalk Empire S04E07 720p BluRay HEVC x265 BONE.mkv",mkv,hevc,1280x720,453,aac,2
"/pool/TV Shows/Boardwalk Empire/Season 4/Boardwalk Empire S04E01 720p BluRay HEVC x265 BONE.mkv",mkv,hevc,1278x720,470,aac,2
"/pool/TV Shows/Boardwalk Empire/Season 4/Boardwalk Empire S04E03 720p BluRay HEVC x265 BONE.mkv",mkv,hevc,1280x720,448,aac,2
"/pool/TV Shows/Boardwalk Empire/Season 4/Boardwalk Empire S04E04 720p BluRay HEVC x265 BONE.mkv",mkv,hevc,1278x720,455,aac,2
"/pool/TV Shows/Boardwalk Empire/Season 4/Boardwalk Empire S04E06 720p BluRay HEVC x265 BONE.mkv",mkv,hevc,1280x720,470,aac,2
"/pool/TV Shows/Boardwalk Empire/Season 5/Boardwalk Empire S05E06 720p BluRay HEVC x265 BONE.mkv",mkv,hevc,1214x720,465,aac,2
"/pool/TV Shows/Boardwalk Empire/Season 5/Boardwalk Empire S05E04 720p BluRay HEVC x265 BONE.mkv",mkv,hevc,1280x720,461,aac,2
"/pool/TV Shows/Boardwalk Empire/Season 5/Boardwalk Empire S05E02 720p BluRay HEVC x265 BONE.mkv",mkv,hevc,1280x720,452,aac,2
"/pool/TV Shows/Boardwalk Empire/Season 5/Boardwalk Empire S05E03 720p BluRay HEVC x265 BONE.mkv",mkv,hevc,1278x720,429,aac,2
"/pool/TV Shows/Boardwalk Empire/Season 5/Boardwalk Empire S05E08 720p BluRay HEVC x265 BONE.mkv",mkv,hevc,1278x720,479,aac,2
"/pool/TV Shows/Boardwalk Empire/Season 5/Boardwalk Empire S05E05 720p BluRay HEVC x265 BONE.mkv",mkv,hevc,1280x720,426,aac,2
"/pool/TV Shows/Boardwalk Empire/Season 5/Boardwalk Empire S05E07 720p BluRay HEVC x265 BONE.mkv",mkv,hevc,1278x720,461,aac,2
"/pool/TV Shows/Boardwalk Empire/Season 5/Boardwalk Empire S05E01 720p BluRay HEVC x265 BONE.mkv",mkv,hevc,1280x720,454,aac,2
"/pool/TV Shows/Parasyte -the maxim- {tvdb-279831}/Season 01/Parasyte -the maxim- (2014) - S01E10 - (10) - What Mad Universe (1080p BluRay x265 ImE).mkv",mkv,hevc,1920x1080,361,aac,6
"/pool/TV Shows/Parasyte -the maxim- {tvdb-279831}/Season 01/Parasyte -the maxim- (2014) - S01E03 - (3) - Feast (1080p BluRay x265 ImE).mkv",mkv,hevc,1920x1080,304,aac,6
"/pool/TV Shows/Parasyte -the maxim- {tvdb-279831}/Season 01/Parasyte -the maxim- (2014) - S01E12 - (12) - Kokoro (1080p BluRay x265 ImE).mkv",mkv,hevc,1920x1080,295,aac,6
"/pool/TV Shows/Parasyte -the maxim- {tvdb-279831}/Season 01/Parasyte -the maxim- (2014) - S01E24 - (24) - Parasyte (1080p BluRay x265 ImE).mkv",mkv,hevc,1920x1080,315,aac,6
"/pool/TV Shows/Parasyte -the maxim- {tvdb-279831}/Season 01/Parasyte -the maxim- (2014) - S01E02 - (2) - Demon in the Flesh (1080p BluRay x265 ImE).mkv",mkv,hevc,1920x1080,336,aac,6
"/pool/TV Shows/Parasyte -the maxim- {tvdb-279831}/Season 01/Parasyte -the maxim- (2014) - S01E05 - (5) - The Stranger (1080p BluRay x265 ImE).mkv",mkv,hevc,1920x1080,338,aac,6
"/pool/TV Shows/Parasyte -the maxim- {tvdb-279831}/Season 01/Parasyte -the maxim- (2014) - S01E16 - (16) - Happy Family (1080p BluRay x265 ImE).mkv",mkv,hevc,1920x1080,442,aac,6
"/pool/TV Shows/Parasyte -the maxim- {tvdb-279831}/Season 01/Parasyte -the maxim- (2014) - S01E20 - (20) - Crime and Punishment (1080p BluRay x265 ImE).mkv",mkv,hevc,1920x1080,310,aac,6
"/pool/TV Shows/Parasyte -the maxim- {tvdb-279831}/Season 01/Parasyte -the maxim- (2014) - S01E21 - (21) - Sex and Spirit (1080p BluRay x265 ImE).mkv",mkv,hevc,1920x1080,310,aac,6
"/pool/TV Shows/Parasyte -the maxim- {tvdb-279831}/Season 01/Parasyte -the maxim- (2014) - S01E19 - (19) - In Cold Blood (1080p BluRay x265 ImE).mkv",mkv,hevc,1920x1080,296,aac,6
"/pool/TV Shows/Parasyte -the maxim- {tvdb-279831}/Season 01/Parasyte -the maxim- (2014) - S01E07 - (7) - Dark Night's Passing (1080p BluRay x265 ImE).mkv",mkv,hevc,1920x1080,420,aac,6
"/pool/TV Shows/Parasyte -the maxim- {tvdb-279831}/Season 01/Parasyte -the maxim- (2014) - S01E18 - (18) - More Than Human (1080p BluRay x265 ImE).mkv",mkv,hevc,1920x1080,327,aac,6
"/pool/TV Shows/Parasyte -the maxim- {tvdb-279831}/Season 01/Parasyte -the maxim- (2014) - S01E04 - (4) - Disheveled Hair (1080p BluRay x265 ImE).mkv",mkv,hevc,1920x1080,351,aac,6
"/pool/TV Shows/Parasyte -the maxim- {tvdb-279831}/Season 01/Parasyte -the maxim- (2014) - S01E13 - (13) - Hello Sadness (1080p BluRay x265 ImE).mkv",mkv,hevc,1920x1080,310,aac,6
"/pool/TV Shows/Parasyte -the maxim- {tvdb-279831}/Season 01/Parasyte -the maxim- (2014) - S01E08 - (8) - Freezing Point (1080p BluRay x265 ImE).mkv",mkv,hevc,1920x1080,316,aac,6
"/pool/TV Shows/Parasyte -the maxim- {tvdb-279831}/Season 01/Parasyte -the maxim- (2014) - S01E17 - (17) - The Adventure of the Dying Detective (1080p BluRay x265 ImE).mkv",mkv,hevc,1920x1080,321,aac,6
"/pool/TV Shows/Parasyte -the maxim- {tvdb-279831}/Season 01/Parasyte -the maxim- (2014) - S01E15 - (15) - Something Wicked This Way Comes (1080p BluRay x265 ImE).mkv",mkv,hevc,1920x1080,333,aac,6
"/pool/TV Shows/Parasyte -the maxim- {tvdb-279831}/Season 01/Parasyte -the maxim- (2014) - S01E06 - (6) - The Sun Also Rises (1080p BluRay x265 ImE).mkv",mkv,hevc,1920x1080,316,aac,6
"/pool/TV Shows/Parasyte -the maxim- {tvdb-279831}/Season 01/Parasyte -the maxim- (2014) - S01E01 - (1) - Metamorphosis (1080p BluRay x265 ImE).mkv",mkv,hevc,1920x1080,369,aac,6
"/pool/TV Shows/Parasyte -the maxim- {tvdb-279831}/Season 01/Parasyte -the maxim- (2014) - S01E23 - (23) - Life and Oath (1080p BluRay x265 ImE).mkv",mkv,hevc,1920x1080,326,aac,6
"/pool/TV Shows/Parasyte -the maxim- {tvdb-279831}/Season 01/Parasyte -the maxim- (2014) - S01E14 - (14) - The Selfish Gene (1080p BluRay x265 ImE).mkv",mkv,hevc,1920x1080,315,aac,6
"/pool/TV Shows/Parasyte -the maxim- {tvdb-279831}/Season 01/Parasyte -the maxim- (2014) - S01E09 - (9) - Beyond Good and Evil (1080p BluRay x265 ImE).mkv",mkv,hevc,1920x1080,317,aac,6
"/pool/TV Shows/Parasyte -the maxim- {tvdb-279831}/Season 01/Parasyte -the maxim- (2014) - S01E22 - (22) - Quiescence and Awakening (1080p BluRay x265 ImE).mkv",mkv,hevc,1920x1080,354,aac,6
"/pool/TV Shows/Parasyte -the maxim- {tvdb-279831}/Season 01/Parasyte -the maxim- (2014) - S01E11 - (11) - The Blue Bird (1080p BluRay x265 ImE).mkv",mkv,hevc,1920x1080,353,aac,6
"/pool/TV Shows/Gen V/Season 1/Gen V - S01E07 - Sick.mkv",mkv,hevc,1280x532,192,aac,2
"/pool/TV Shows/The Climb/Season 01/The Climb (2023) - S01E08 - El Diablo.mkv",mkv,hevc,1920x1080,1016,ac3,6
"/pool/TV Shows/The Climb/Season 01/The Climb (2023) - S01E05 - First Ascent.mkv",mkv,hevc,1920x1080,426,ac3,6
"/pool/TV Shows/The Climb/Season 01/The Climb (2023) - S01E06 - The Crack.mkv",mkv,hevc,1920x1080,508,ac3,6
"/pool/TV Shows/The Climb/Season 01/The Climb (2023) - S01E04 - The Cave.mkv",mkv,hevc,1920x1080,495,ac3,6
"/pool/TV Shows/The Climb/Season 01/The Climb (2023) - S01E07 - The Spire.mkv",mkv,hevc,1920x1080,471,ac3,6
"/pool/TV Shows/The Last of Us/Season 2/The Last of Us - S02E01 - Future Days.mkv",mkv,hevc,1920x1080,1145,ac3,6
"/pool/TV Shows/Silver Fang {tvdb-96491}/S1/Silver Fang - [01x14] - Fremad! En stor hund i en lille krop.mkv",mkv,mpeg2video,720x576,1298,ac3,2
"/pool/TV Shows/Silver Fang {tvdb-96491}/S1/Silver Fang - [01x18] - En kamp på liv og død! Når hanhunde ofrer livet.mkv",mkv,mpeg2video,720x576,1145,ac3,2
"/pool/TV Shows/Silver Fang {tvdb-96491}/S1/Silver Fang - [01x13] - Retfærdighed! Betingelsen for at være leder.mkv",mkv,mpeg2video,720x576,1297,ac3,2
"/pool/TV Shows/Silver Fang {tvdb-96491}/S1/Silver Fang - [01x20] - Brænd, Gin! Lad os nu se en mands mod!.mkv",mkv,mpeg2video,720x576,1129,ac3,2
"/pool/TV Shows/Silver Fang {tvdb-96491}/S1/Silver Fang - [01x16] - Hede tårer! Smerten over at have mistet en ven.mkv",mkv,mpeg2video,720x576,1297,ac3,2
"/pool/TV Shows/Silver Fang {tvdb-96491}/S1/Silver Fang - [01x10] - Uhyre! Moss' hær på Tågebjerget.mkv",mkv,mpeg2video,720x576,1295,ac3,2
"/pool/TV Shows/Silver Fang {tvdb-96491}/S1/Silver Fang - [01x21] - Gin! Begiv dig ud på en ny mands rejse!.mkv",mkv,mpeg2video,720x576,1129,ac3,2
"/pool/TV Shows/Silver Fang {tvdb-96491}/S1/Silver Fang - [01x07] - Hånden på hjertet. Man skal holde, hvad man lover..mkv",mkv,mpeg2video,720x576,1296,ac3,2
"/pool/TV Shows/Silver Fang {tvdb-96491}/S1/Silver Fang - [01x06] - Bjergene kalder! At hyle med de andre hunde!.mkv",mkv,mpeg2video,720x576,1301,ac3,2
"/pool/TV Shows/Silver Fang {tvdb-96491}/S1/Silver Fang - [01x04] - Akakabuto - Den største udfordring.mkv",mkv,mpeg2video,720x576,1296,ac3,2
"/pool/TV Shows/Silver Fang {tvdb-96491}/S1/Silver Fang - [01x03] -Et venskab på liv og død.mkv",mkv,mpeg2video,720x576,1295,ac3,2
"/pool/TV Shows/Silver Fang {tvdb-96491}/S1/Silver Fang - [01x12] - Ben rammes hårdt! Opgøret mellem ninjahundene.mkv",mkv,mpeg2video,720x576,1296,ac3,2
"/pool/TV Shows/Silver Fang {tvdb-96491}/S1/Silver Fang - [01x17] - Tid til samling! Tilbage til den store leder.mkv",mkv,mpeg2video,720x576,1130,ac3,2
"/pool/TV Shows/Silver Fang {tvdb-96491}/S1/Silver Fang - [01x08] - Så er det nu! Hanhundene drager afsted.mkv",mkv,mpeg2video,720x576,1293,ac3,2
"/pool/TV Shows/Silver Fang {tvdb-96491}/S1/Silver Fang - [01x15] - Benizakura! Verdens stærkeste hanhund.mkv",mkv,mpeg2video,720x576,1297,ac3,2
"/pool/TV Shows/Silver Fang {tvdb-96491}/S1/Silver Fang - [01x11] - Ninjahundene! Sorte skygger over Iga.mkv",mkv,mpeg2video,720x576,1294,ac3,2
"/pool/TV Shows/Silver Fang {tvdb-96491}/S1/Silver Fang - [01x19] - Tragedie! Benizakuras blodrøde endeligt.mkv",mkv,mpeg2video,720x576,1120,ac3,2
"/pool/TV Shows/Silver Fang {tvdb-96491}/S1/Silver Fang - [01x02] - I morgen er der atter en dag.mkv",mkv,mpeg2video,720x576,1295,ac3,2
"/pool/TV Shows/Silver Fang {tvdb-96491}/S1/Silver Fang - [01x09] - Djævlehundene! De tre brødre fra Kai.mkv",mkv,mpeg2video,720x576,1271,ac3,2
"/pool/TV Shows/Silver Fang {tvdb-96491}/S1/Silver Fang - [01x05] - Heltemod - En blodig sejr.mkv",mkv,mpeg2video,720x576,1295,ac3,2
"/pool/TV Shows/Silver Fang {tvdb-96491}/S1/Silver Fang - [01x01] - Bjørnehunden Silver - En hundehvalp bliver født.mkv",mkv,mpeg2video,720x576,1294,ac3,2
"/pool/TV Shows/Black Lagoon/Black Lagoon - S01E07 - Calm Down, Two Men.mkv",mkv,hevc,1920x1080,1706,dts,6
"/pool/TV Shows/Black Lagoon/Black Lagoon - S01E02 - Mangrove Heaven.mkv",mkv,hevc,1920x1080,1090,dts,6
"/pool/TV Shows/Black Lagoon/Black Lagoon - S01E21 - Two Father's Little Soldier Girls.mkv",mkv,hevc,1920x1080,1120,dts,6
"/pool/TV Shows/Black Lagoon/Black Lagoon - S01E08 - Rasta Blasta.mkv",mkv,hevc,1920x1080,983,dts,6
"/pool/TV Shows/Black Lagoon/Black Lagoon - S01E11 - Lock 'n' Load Revolution.mkv",mkv,hevc,1920x1080,1058,dts,6
"/pool/TV Shows/Black Lagoon/Black Lagoon - S01E16 - Greenback Jane.mkv",mkv,hevc,1920x1080,1093,dts,6
"/pool/TV Shows/Black Lagoon/Black Lagoon - S01E05 - Eagle Hunting and Hunting Eagles.mkv",mkv,hevc,1920x1080,1947,dts,6
"/pool/TV Shows/Black Lagoon/Black Lagoon - S01E09 - Maid to Kill.mkv",mkv,hevc,1920x1080,1190,dts,6
"/pool/TV Shows/Black Lagoon/Black Lagoon - S01E20 - The Succession.mkv",mkv,hevc,1920x1080,1012,dts,6
"/pool/TV Shows/Black Lagoon/Black Lagoon - S01E13 - The Vampire Twins Comen.mkv",mkv,hevc,1920x1080,1054,dts,6
"/pool/TV Shows/Black Lagoon/Black Lagoon - S01E01 - The Black Lagoon.mkv",mkv,hevc,1920x1080,1010,dts,6
"/pool/TV Shows/Black Lagoon/Black Lagoon - S01E10 - The Unstoppable Chambermaid.mkv",mkv,hevc,1920x1080,1203,dts,6
"/pool/TV Shows/Black Lagoon/Black Lagoon - S01E19 - Fujiyama Gangsta Paradise.mkv",mkv,hevc,1920x1080,1043,dts,6
"/pool/TV Shows/Black Lagoon/Black Lagoon - S01E24 - The Gunslingers.mkv",mkv,hevc,1920x1080,980,dts,6
"/pool/TV Shows/Black Lagoon/Black Lagoon - S01E18 - Mr. Benny's Good Fortune.mkv",mkv,hevc,1920x1080,1165,dts,6
"/pool/TV Shows/Black Lagoon/Black Lagoon - S01E23 - Snow White's Payback.mkv",mkv,hevc,1920x1080,1023,dts,6
"/pool/TV Shows/Black Lagoon/Black Lagoon - S01E12 - Guerrillas in the Jungle.mkv",mkv,hevc,1920x1080,1175,dts,6
"/pool/TV Shows/Black Lagoon/Black Lagoon - S01E14 - Bloodsport Fairytale.mkv",mkv,hevc,1920x1080,1143,dts,6
"/pool/TV Shows/Black Lagoon/Black Lagoon - S01E22 - The Dark Tower.mkv",mkv,hevc,1920x1080,1721,dts,6
"/pool/TV Shows/Black Lagoon/Black Lagoon - S01E06 - Moonlit Hunting Grounds.mkv",mkv,hevc,1920x1080,1031,dts,6
"/pool/TV Shows/Black Lagoon/Black Lagoon - S01E03 - Ring-Ding Ship Chase.mkv",mkv,hevc,1920x1080,1118,dts,6
"/pool/TV Shows/Black Lagoon/Black Lagoon - S01E17 - The Roanapur Freakshow Circus.mkv",mkv,hevc,1920x1080,1210,dts,6
"/pool/TV Shows/Black Lagoon/Black Lagoon - S01E15 - Swan Song at Dawn.mkv",mkv,hevc,1920x1080,1082,dts,6
"/pool/TV Shows/Black Lagoon/Black Lagoon - S01E04 - Die Rückkehr des Adlers.mkv",mkv,hevc,1920x1080,1220,dts,6
"/pool/TV Shows/Georgie & Mandy's First Marriage/Georgie & Mandy's First Marriage - S01E13 - McAllister Auto Loves the Ladies.mkv",mkv,hevc,1920x1080,702,eac3,6
"/pool/TV Shows/Georgie & Mandy's First Marriage/Georgie & Mandy's First Marriage - S01E17 - Two Idiots on a Dirt Bike.mkv",mkv,hevc,1920x1080,610,eac3,6
"/pool/TV Shows/Georgie & Mandy's First Marriage/Georgie & Mandy's First Marriage - S01E06 - A Regular Samaritan.mkv",mkv,hevc,1920x1080,631,eac3,6
"/pool/TV Shows/Georgie & Mandy's First Marriage/Georgie & Mandy's First Marriage - S01E19 - Snitch v. Deadbeat.mkv",mkv,hevc,1920x1080,608,eac3,6
"/pool/TV Shows/Georgie & Mandy's First Marriage/Georgie & Mandy's First Marriage - S01E21 - Guilt Boots (1).mkv",mkv,hevc,1920x1080,671,eac3,6
"/pool/TV Shows/Georgie & Mandy's First Marriage/Georgie & Mandy's First Marriage - S01E22 - Big Decisions (2).mkv",mkv,hevc,1920x1080,703,eac3,6
"/pool/TV Shows/Georgie & Mandy's First Marriage/Georgie & Mandy's First Marriage - S01E01 - The 6-10 to Lubbock.mkv",mkv,hevc,1920x1080,714,eac3,6
"/pool/TV Shows/Georgie & Mandy's First Marriage/Georgie & Mandy's First Marriage - S01E14 - A Sportsbook and a Breakup.mkv",mkv,hevc,1920x1080,644,eac3,6
"/pool/TV Shows/Georgie & Mandy's First Marriage/Georgie & Mandy's First Marriage - S01E03 - Secrets, Lies and a Chunk of Change.mkv",mkv,hevc,1920x1080,611,eac3,6
"/pool/TV Shows/Georgie & Mandy's First Marriage/Georgie & Mandy's First Marriage - S01E08 - Diet Crap.mkv",mkv,hevc,1920x1080,636,eac3,6
"/pool/TV Shows/Georgie & Mandy's First Marriage/Georgie & Mandy's First Marriage - S01E16 - Baby Fight.mkv",mkv,hevc,1920x1080,671,eac3,6
"/pool/TV Shows/Georgie & Mandy's First Marriage/Georgie & Mandy's First Marriage - S01E18 - TV Money.mkv",mkv,hevc,1920x1080,637,eac3,6
"/pool/TV Shows/Georgie & Mandy's First Marriage/Georgie & Mandy's First Marriage - S01E12 - Typhoid Georgie.mkv",mkv,hevc,1920x1080,607,eac3,6
"/pool/TV Shows/Georgie & Mandy's First Marriage/Georgie & Mandy's First Marriage - S01E07 - An Old Mustang.mkv",mkv,hevc,1920x1080,637,eac3,6
"/pool/TV Shows/Georgie & Mandy's First Marriage/Georgie & Mandy's First Marriage - S01E09 - A Tire Convention and the Moral High Ground.mkv",mkv,hevc,1920x1080,686,eac3,6
"/pool/TV Shows/Georgie & Mandy's First Marriage/Georgie & Mandy's First Marriage - S01E05 - Thanksgiving.mkv",mkv,hevc,1920x1080,609,eac3,6
"/pool/TV Shows/Georgie & Mandy's First Marriage/Georgie & Mandy's First Marriage - S01E04 - Todd's Mom.mkv",mkv,hevc,1920x1080,611,eac3,6
"/pool/TV Shows/Georgie & Mandy's First Marriage/Georgie & Mandy's First Marriage - S01E10 - A House Divided.mkv",mkv,hevc,1920x1080,642,eac3,6
"/pool/TV Shows/Georgie & Mandy's First Marriage/Georgie & Mandy's First Marriage - S01E15 - Goddess of the Music Store.mkv",mkv,hevc,1920x1080,609,eac3,6
"/pool/TV Shows/Georgie & Mandy's First Marriage/Georgie & Mandy's First Marriage - S01E02 - Some New York Nonsense.mkv",mkv,hevc,1920x1080,618,eac3,6
"/pool/TV Shows/Georgie & Mandy's First Marriage/Georgie & Mandy's First Marriage - S01E20 - Ladies Love Brunch.mkv",mkv,hevc,1920x1080,609,eac3,6
"/pool/TV Shows/Georgie & Mandy's First Marriage/Georgie & Mandy's First Marriage - S01E11 - Working for the Enemy.mkv",mkv,hevc,1920x1080,672,eac3,6
"/pool/TV Shows/Happy Face/Happy Face - S01E08 - The Star.mkv",mkv,hevc,1920x1080,1201,aac,6
"/pool/TV Shows/Happy Face/Happy Face - S01E05 - Don’t Dream.mkv",mkv,hevc,1920x1080,1256,aac,6
"/pool/TV Shows/Happy Face/Happy Face - S01E03 - Was it Worth It.mkv",mkv,hevc,1920x1080,1227,aac,6
"/pool/TV Shows/Happy Face/Happy Face - S01E06 - Lorelai.mkv",mkv,hevc,1920x1080,1184,aac,6
"/pool/TV Shows/Happy Face/Happy Face - S01E02 - Killing Shame.mkv",mkv,hevc,1920x1080,1032,aac,6
"/pool/TV Shows/Happy Face/Happy Face - S01E07 - My Jesperson Girls.mkv",mkv,hevc,1920x1080,1174,aac,6
"/pool/TV Shows/Happy Face/Happy Face - S01E01 - The Confession.mkv",mkv,hevc,1920x1080,1247,aac,6
"/pool/TV Shows/Happy Face/Happy Face - S01E04 - Controlled Burn.mkv",mkv,hevc,1920x1080,1146,aac,6
"/pool/TV Shows/Over the Garden Wall/Season 1/Over the Garden Wall - S01E07 - The Ringing of the Bell.mkv",mkv,hevc,1920x1080,253,aac,2
"/pool/TV Shows/Over the Garden Wall/Season 1/Over the Garden Wall - S01E08 - Babes in the Wood.mkv",mkv,hevc,1920x1080,264,aac,2
"/pool/TV Shows/Over the Garden Wall/Season 1/Over the Garden Wall - S01E01 - The Old Grist Mill.mkv",mkv,hevc,1920x1080,198,aac,2
"/pool/TV Shows/Over the Garden Wall/Season 1/Over the Garden Wall - S01E02 - Hard Times at the Huskin' Bee.mkv",mkv,hevc,1920x1080,260,aac,2
"/pool/TV Shows/Over the Garden Wall/Season 1/Over the Garden Wall - S01E10 - The Unknown.mkv",mkv,hevc,1920x1080,274,aac,2
"/pool/TV Shows/Over the Garden Wall/Season 1/Over the Garden Wall - S01E05 - Mad Love.mkv",mkv,hevc,1920x1080,210,aac,2
"/pool/TV Shows/Over the Garden Wall/Season 1/Over the Garden Wall - S01E09 - Into the Unknown.mkv",mkv,hevc,1920x1080,236,aac,2
"/pool/TV Shows/Over the Garden Wall/Season 1/Over the Garden Wall - S01E04 - Songs of the Dark Lantern.mkv",mkv,hevc,1920x1080,236,aac,2
"/pool/TV Shows/Over the Garden Wall/Season 1/Over the Garden Wall - S01E06 - Lullaby in Frogland.mkv",mkv,hevc,1920x1080,273,aac,2
"/pool/TV Shows/Over the Garden Wall/Season 1/Over the Garden Wall - S01E03 - Schooltown Follies.mkv",mkv,hevc,1920x1080,273,aac,2
"/pool/TV Shows/One-Punch Man/One-Punch Man - S01E10 - Unparalleled Peril.mkv",mkv,hevc,1920x1080,2999,flac,2
"/pool/TV Shows/One-Punch Man/One-Punch Man - S01E12 - The Strongest Hero.mkv",mkv,hevc,1920x1080,3210,flac,2
"/pool/TV Shows/One-Punch Man/One-Punch Man - S01E05 - The Ultimate Master.mkv",mkv,hevc,1920x1080,2908,flac,2
"/pool/TV Shows/One-Punch Man/One-Punch Man - S01E08 - The Deep Sea King.mkv",mkv,hevc,1920x1080,3176,flac,2
"/pool/TV Shows/One-Punch Man/One-Punch Man - S01E11 - The Dominator of the Universe.mkv",mkv,hevc,1920x1080,3232,flac,2
"/pool/TV Shows/One-Punch Man/One-Punch Man - S01E04 - The Modern Ninja.mkv",mkv,hevc,1920x1080,2923,flac,2
"/pool/TV Shows/One-Punch Man/One-Punch Man - S02E02 - The Human Monster.mkv",mkv,hevc,1920x1080,3997,flac,2
"/pool/TV Shows/One-Punch Man/One-Punch Man - S01E06 - The Terrifying City.mkv",mkv,hevc,1920x1080,2921,flac,2
"/pool/TV Shows/One-Punch Man/One-Punch Man - S01E09 - Unyielding Justice.mkv",mkv,hevc,1920x1080,3292,flac,2
"/pool/TV Shows/One-Punch Man/One-Punch Man - S02E01 - Return of the Hero.mkv",mkv,hevc,1920x1080,3660,flac,2
"/pool/TV Shows/One-Punch Man/One-Punch Man - S01E07 - The Ultimate Disciple.mkv",mkv,hevc,1920x1080,3071,flac,2
"/pool/TV Shows/One-Punch Man/One-Punch Man - S02E12 - The Wiping of the Disciple’s Butt.mkv",mkv,hevc,1920x1080,330,aac,2
"/pool/TV Shows/One-Punch Man/One-Punch Man - S01E01 - The Strongest Man.mkv",mkv,hevc,1920x1080,3277,flac,2
"/pool/TV Shows/One-Punch Man/One-Punch Man - S01E02 - The Lone Cyborg.mkv",mkv,hevc,1920x1080,3220,flac,2
"/pool/TV Shows/One-Punch Man/One-Punch Man - S01E03 - The Obsessive Scientist.mkv",mkv,hevc,1920x1080,3061,flac,2
"/pool/TV Shows/High Potential/High Potential - S01E11 - The Sauna at the End of the Stairs.mkv",mkv,hevc,1920x1080,499,eac3,6
"/pool/TV Shows/Survival of the Thickest/Survival of the Thickest - S02E05 - A Change Gon' Come, Bitch.mkv",mkv,hevc,1920x1080,411,eac3,6
"/pool/TV Shows/Survival of the Thickest/Survival of the Thickest - S02E03 - You Can Heaux Your Own Way, Bitch.mkv",mkv,hevc,1920x1080,351,eac3,6
"/pool/TV Shows/Secret Level/Secret Level - S01E04 - Unreal Tournament - Xan.mkv",mkv,hevc,1920x960,215,aac,6
"/pool/TV Shows/Secret Level/Secret Level - S01E02 - Sifu - It Takes a Life.mkv",mkv,hevc,1920x960,153,aac,6
"/pool/TV Shows/Secret Level/Secret Level - S01E08 - Armored Core - Asset Management.mkv",mkv,hevc,1920x960,131,aac,6
"/pool/TV Shows/Secret Level/Secret Level - S01E03 - New World - The Once and Future King.mkv",mkv,hevc,1920x960,161,aac,6
"/pool/TV Shows/Secret Level/Secret Level - S01E06 - PAC-MAN - Circle.mkv",mkv,hevc,1920x960,159,aac,6
"/pool/TV Shows/Secret Level/Secret Level - S01E05 - Warhammer 40,000 - And They Shall Know No Fear.mkv",mkv,hevc,1920x960,181,aac,6
"/pool/TV Shows/Secret Level/Secret Level - S01E07 - Crossfire - Good Conflict.mkv",mkv,hevc,1920x960,253,aac,6
"/pool/TV Shows/Secret Level/Secret Level - S01E01 - Dungeons & Dragons - The Queen's Cradle.mkv",mkv,hevc,1920x960,233,aac,6
"/pool/TV Shows/Severance/Season 2/Severance - S02E05 - Trojan’s Horse.mkv",mkv,hevc,1920x802,612,ac3,6
"/pool/TV Shows/Extrapolations/Season 1/Extrapolations - S01E02 - 2046 - Whale Fall.mkv",mkv,hevc,3840x1744,7964,eac3,6
"/pool/TV Shows/Extrapolations/Season 1/Extrapolations - S01E05 - 2059 Part II - Nightbirds.mkv",mkv,hevc,1920x872,491,eac3,6
"/pool/TV Shows/Extrapolations/Season 1/Extrapolations - S01E01 - 2037 - A Raven Story.mkv",mkv,hevc,3840x1744,7536,eac3,6
"/pool/TV Shows/The Old Man/Season 2/The Old Man - S02E04 - XI.mkv",mkv,hevc,1920x1080,292,eac3,6
"/pool/TV Shows/SASSY THE SASQUATCH {tvdb-421839}/Season 1/S01E06 - AS ABOING SO BADOING.mkv",mkv,vp9,1920x1080,185,aac,2
"/pool/TV Shows/The X-Files/Season 3/The X-Files - S03E13 - Syzygy.mp4",mp4,hevc,1920x1080,1807,aac,6
"/pool/TV Shows/The X-Files/Season 3/The X-Files - S03E19 - Hell Money.mp4",mp4,hevc,1920x1080,1040,aac,6
"/pool/TV Shows/The X-Files/Season 3/The X-Files - S03E16 - Apocrypha (2).mp4",mp4,hevc,1920x1080,1326,aac,6
"/pool/TV Shows/The X-Files/Season 3/The X-Files - S03E24 - Talitha Cumi (1).mp4",mp4,hevc,1920x1080,1279,aac,6
"/pool/TV Shows/The X-Files/Season 3/The X-Files - S03E18 - Teso Dos Bichos.mp4",mp4,hevc,1920x1080,1400,aac,6
"/pool/TV Shows/The X-Files/Season 3/The X-Files - S03E09 - Nisei (1).mp4",mp4,hevc,1920x1080,1631,aac,6
"/pool/TV Shows/The X-Files/Season 3/The X-Files - S03E02 - Paper Clip (3).mp4",mp4,hevc,1920x1080,1812,aac,6
"/pool/TV Shows/The X-Files/Season 3/The X-Files - S03E01 - The Blessing Way (2).mp4",mp4,hevc,1920x1080,1476,aac,6
"/pool/TV Shows/The X-Files/Season 3/The X-Files - S03E05 - The List.mp4",mp4,hevc,1920x1080,1349,aac,6
"/pool/TV Shows/The X-Files/Season 3/The X-Files - S03E15 - Piper Maru (1).mp4",mp4,hevc,1920x1080,1379,aac,6
"/pool/TV Shows/The X-Files/Season 3/The X-Files - S03E12 - War of the Coprophages.mp4",mp4,hevc,1920x1080,1882,aac,6
"/pool/TV Shows/The X-Files/Season 3/The X-Files - S03E04 - Clyde Bruckman's Final Repose.mp4",mp4,hevc,1920x1080,1856,aac,6
"/pool/TV Shows/The X-Files/Season 3/The X-Files - S03E06 - 2Shy.mp4",mp4,hevc,1920x1080,1513,aac,6
"/pool/TV Shows/The X-Files/Season 3/The X-Files - S03E14 - Grotesque.mp4",mp4,hevc,1920x1080,1407,aac,6
"/pool/TV Shows/The X-Files/Season 3/The X-Files - S03E07 - The Walk.mp4",mp4,hevc,1920x1080,1327,aac,6
"/pool/TV Shows/The X-Files/Season 3/The X-Files - S03E17 - Pusher.mp4",mp4,hevc,1920x1080,1559,aac,6
"/pool/TV Shows/The X-Files/Season 3/The X-Files - S03E21 - Avatar.mp4",mp4,hevc,1920x1080,1139,aac,6
"/pool/TV Shows/The X-Files/Season 3/The X-Files - S03E03 - D.P.O.mp4",mp4,hevc,1920x1080,1775,aac,6
"/pool/TV Shows/The X-Files/Season 3/The X-Files - S03E11 - Revelations.mp4",mp4,hevc,1920x1080,1225,aac,6
"/pool/TV Shows/The X-Files/Season 3/The X-Files - S03E23 - Wetwired.mp4",mp4,hevc,1920x1080,1226,aac,6
"/pool/TV Shows/The X-Files/Season 3/The X-Files - S03E08 - Oubliette.mp4",mp4,hevc,1920x1080,1615,aac,6
"/pool/TV Shows/The X-Files/Season 3/The X-Files - S03E20 - Jose Chung's 'From Outer Space'.mp4",mp4,hevc,1920x1080,1741,aac,6
"/pool/TV Shows/The X-Files/Season 3/The X-Files - S03E22 - Quagmire.mp4",mp4,hevc,1920x1080,1367,aac,6
"/pool/TV Shows/The X-Files/Season 3/The X-Files - S03E10 - 731 (2).mp4",mp4,hevc,1920x1080,1387,aac,6
"/pool/TV Shows/The X-Files/Season 02/The X-Files - S02E08 - One Breath.mkv",mkv,hevc,1920x1080,445,aac,6
"/pool/TV Shows/The X-Files/Season 02/The X-Files - S02E09 - Firewalker.mkv",mkv,hevc,1920x1080,468,aac,6
"/pool/TV Shows/The X-Files/Season 02/The X-Files - S02E16 - Colony (1).mkv",mkv,hevc,1920x1080,467,aac,6
"/pool/TV Shows/The X-Files/Season 02/The X-Files - S02E22 - F. Emasculata.mkv",mkv,hevc,1920x1080,484,aac,6
"/pool/TV Shows/The X-Files/Season 02/The X-Files - S02E19 - Død Kalm.mkv",mkv,hevc,1920x1080,496,aac,6
"/pool/TV Shows/The X-Files/Season 02/The X-Files - S02E12 - Aubrey.mkv",mkv,hevc,1920x1080,463,aac,6
"/pool/TV Shows/The X-Files/Season 02/The X-Files - S02E11 - Excelsis Dei.mkv",mkv,hevc,1920x1080,470,aac,6
"/pool/TV Shows/The X-Files/Season 02/The X-Files - S02E01 - Little Green Men.mkv",mkv,hevc,1920x1080,575,aac,6
"/pool/TV Shows/The X-Files/Season 02/The X-Files - S02E15 - Fresh Bones.mkv",mkv,hevc,1920x1080,518,aac,6
"/pool/TV Shows/The X-Files/Season 02/The X-Files - S02E05 - Duane Barry (1).mkv",mkv,hevc,1920x1080,470,aac,6
"/pool/TV Shows/The X-Files/Season 02/The X-Files - S02E06 - Ascension (2).mkv",mkv,hevc,1920x1080,524,aac,6
"/pool/TV Shows/The X-Files/Season 02/The X-Files - S02E14 - Die Hand Die Verletzt.mkv",mkv,hevc,1920x1080,451,aac,6
"/pool/TV Shows/The X-Files/Season 02/The X-Files - S02E02 - The Host.mkv",mkv,hevc,1920x1080,526,aac,6
"/pool/TV Shows/The X-Files/Season 02/The X-Files - S02E07 - 3.mkv",mkv,hevc,1920x1080,492,aac,6
"/pool/TV Shows/The X-Files/Season 02/The X-Files - S02E25 - Anasazi (1).mkv",mkv,hevc,1920x1080,518,aac,6
"/pool/TV Shows/The X-Files/Season 02/The X-Files - S02E20 - Humbug.mkv",mkv,hevc,1920x1080,536,aac,6
"/pool/TV Shows/The X-Files/Season 02/The X-Files - S02E04 - Sleepless.mkv",mkv,hevc,1920x1080,446,aac,6
"/pool/TV Shows/The X-Files/Season 02/The X-Files - S02E21 - The Calusari.mkv",mkv,hevc,1920x1080,477,aac,6
"/pool/TV Shows/The X-Files/Season 02/The X-Files - S02E13 - Irresistible.mkv",mkv,hevc,1920x1080,450,aac,6
"/pool/TV Shows/The X-Files/Season 02/The X-Files - S02E24 - Our Town.mkv",mkv,hevc,1920x1080,647,aac,6
"/pool/TV Shows/The X-Files/Season 02/The X-Files - S02E03 - Blood.mkv",mkv,hevc,1920x1080,552,aac,6
"/pool/TV Shows/The X-Files/Season 02/The X-Files - S02E10 - Red Museum.mkv",mkv,hevc,1920x1080,482,aac,6
"/pool/TV Shows/The X-Files/Season 02/The X-Files - S02E18 - Fearful Symmetry.mkv",mkv,hevc,1920x1080,555,aac,6
"/pool/TV Shows/The X-Files/Season 02/The X-Files - S02E23 - Soft Light.mkv",mkv,hevc,1920x1080,576,aac,6
"/pool/TV Shows/The X-Files/Season 02/The X-Files - S02E17 - End Game (2).mkv",mkv,hevc,1920x1080,422,aac,6
"/pool/TV Shows/The X-Files/Season 4/The X-Files - S04E23 - Demons.mp4",mp4,hevc,1920x1080,1499,aac,6
"/pool/TV Shows/The X-Files/Season 4/The X-Files - S04E03 - Teliko.mp4",mp4,hevc,1920x1080,1362,aac,6
"/pool/TV Shows/The X-Files/Season 4/The X-Files - S04E10 - Paper Hearts.mp4",mp4,hevc,1920x1080,1664,aac,6
"/pool/TV Shows/The X-Files/Season 4/The X-Files - S04E01 - Herrenvolk (2).mp4",mp4,hevc,1920x1080,1711,aac,6
"/pool/TV Shows/The X-Files/Season 4/The X-Files - S04E24 - Gethsemane (1).mp4",mp4,hevc,1920x1080,1359,aac,6
"/pool/TV Shows/The X-Files/Season 4/The X-Files - S04E12 - Leonard Betts.mp4",mp4,hevc,1920x1080,1502,aac,6
"/pool/TV Shows/The X-Files/Season 4/The X-Files - S04E09 - Terma (2).mp4",mp4,hevc,1920x1080,1403,aac,6
"/pool/TV Shows/The X-Files/Season 4/The X-Files - S04E15 - Kaddish.mp4",mp4,hevc,1920x1080,1234,aac,6
"/pool/TV Shows/The X-Files/Season 4/The X-Files - S04E13 - Never Again.mp4",mp4,hevc,1920x1080,1310,aac,6
"/pool/TV Shows/The X-Files/Season 4/The X-Files - S04E21 - Zero-Sum.mp4",mp4,hevc,1920x1080,1519,aac,6
"/pool/TV Shows/The X-Files/Season 4/The X-Files - S04E06 - Sanguinarium.mp4",mp4,hevc,1920x1080,1519,aac,6
"/pool/TV Shows/The X-Files/Season 4/The X-Files - S04E17 - Tempus Fugit (1).mp4",mp4,hevc,1920x1080,1494,aac,6
"/pool/TV Shows/The X-Files/Season 4/The X-Files - S04E14 - Memento Mori.mp4",mp4,hevc,1920x1080,1092,aac,6
"/pool/TV Shows/The X-Files/Season 4/The X-Files - S04E11 - El Mundo Gira.mp4",mp4,hevc,1920x1080,1777,aac,6
"/pool/TV Shows/The X-Files/Season 4/The X-Files - S04E19 - Synchrony.mp4",mp4,hevc,1920x1080,1629,aac,6
"/pool/TV Shows/The X-Files/Season 4/The X-Files - S04E08 - Tunguska (1).mp4",mp4,hevc,1920x1080,1300,aac,6
"/pool/TV Shows/The X-Files/Season 4/The X-Files - S04E22 - Elegy.mp4",mp4,hevc,1920x1080,1266,aac,6
"/pool/TV Shows/The X-Files/Season 4/The X-Files - S04E18 - Max (2).mp4",mp4,hevc,1920x1080,1413,aac,6
"/pool/TV Shows/The X-Files/Season 4/The X-Files - S04E04 - Unruhe.mp4",mp4,hevc,1920x1080,1578,aac,6
"/pool/TV Shows/The X-Files/Season 4/The X-Files - S04E07 - Musings of a Cigarette Smoking Man.mp4",mp4,hevc,1920x1080,1389,aac,6
"/pool/TV Shows/The X-Files/Season 4/The X-Files - S04E20 - Small Potatoes.mp4",mp4,hevc,1920x1080,1410,aac,6
"/pool/TV Shows/The X-Files/Season 4/The X-Files - S04E05 - The Field Where I Died.mp4",mp4,hevc,1920x1080,1570,aac,6
"/pool/TV Shows/The X-Files/Season 4/The X-Files - S04E02 - Home.mp4",mp4,hevc,1920x1080,1542,aac,6
"/pool/TV Shows/The X-Files/Season 4/The X-Files - S04E16 - Unrequited.mp4",mp4,hevc,1920x1080,1932,aac,6
"/pool/TV Shows/The X-Files/Season 01/The X-Files - S01E08 - Ice.mp4",mp4,hevc,1920x1080,731,aac,6
"/pool/TV Shows/The X-Files/Season 01/The X-Files - S01E09 - Space.mp4",mp4,hevc,1920x1080,743,aac,6
"/pool/TV Shows/The X-Files/Season 01/The X-Files - S01E12 - Fire.mp4",mp4,hevc,1920x1080,720,aac,6
"/pool/TV Shows/The X-Files/Season 01/The X-Files - S01E01 - Pilot.mp4",mp4,hevc,1920x1080,769,aac,6
"/pool/TV Shows/The X-Files/Season 01/The X-Files - S01E18 - Miracle Man.mp4",mp4,hevc,1920x1080,731,aac,6
"/pool/TV Shows/The X-Files/Season 01/The X-Files - S01E13 - Beyond the Sea.mp4",mp4,hevc,1920x1080,734,aac,6
"/pool/TV Shows/The X-Files/Season 01/The X-Files - S01E04 - Conduit.mp4",mp4,hevc,1920x1080,705,aac,6
"/pool/TV Shows/The X-Files/Season 01/The X-Files - S01E10 - Fallen Angel.mp4",mp4,hevc,1920x1080,732,aac,6
"/pool/TV Shows/The X-Files/Season 01/The X-Files - S01E21 - Tooms.mp4",mp4,hevc,1920x1080,725,aac,6
"/pool/TV Shows/The X-Files/Season 01/The X-Files - S01E22 - Born Again.mp4",mp4,hevc,1920x1080,713,aac,6
"/pool/TV Shows/The X-Files/Season 01/The X-Files - S01E05 - The Jersey Devil.mp4",mp4,hevc,1920x1080,710,aac,6
"/pool/TV Shows/The X-Files/Season 01/The X-Files - S01E14 - Gender Bender.mp4",mp4,hevc,1920x1080,717,aac,6
"/pool/TV Shows/The X-Files/Season 01/The X-Files - S01E19 - Shapes.mp4",mp4,hevc,1920x1080,724,aac,6
"/pool/TV Shows/The X-Files/Season 01/The X-Files - S01E15 - Lazarus.mp4",mp4,hevc,1920x1080,732,aac,6
"/pool/TV Shows/The X-Files/Season 01/The X-Files - S01E17 - E.B.E.mp4",mp4,hevc,1920x1080,717,aac,6
"/pool/TV Shows/The X-Files/Season 01/The X-Files - S01E16 - Young at Heart.mp4",mp4,hevc,1920x1080,733,aac,6
"/pool/TV Shows/The X-Files/Season 01/The X-Files - S01E11 - Eve.mp4",mp4,hevc,1920x1080,732,aac,6
"/pool/TV Shows/The X-Files/Season 01/The X-Files - S01E24 - The Erlenmeyer Flask.mp4",mp4,hevc,1920x1080,732,aac,6
"/pool/TV Shows/The X-Files/Season 01/The X-Files - S01E07 - Ghost in the Machine.mp4",mp4,hevc,1920x1080,723,aac,6
"/pool/TV Shows/The X-Files/Season 01/The X-Files - S01E20 - Darkness Falls.mp4",mp4,hevc,1920x1080,700,aac,6
"/pool/TV Shows/The X-Files/Season 01/The X-Files - S01E23 - Roland.mp4",mp4,hevc,1920x1080,723,aac,6
"/pool/TV Shows/The X-Files/Season 01/The X-Files - S01E03 - Squeeze.mp4",mp4,hevc,1920x1080,682,aac,6
"/pool/TV Shows/The X-Files/Season 01/The X-Files - S01E02 - Deep Throat.mp4",mp4,hevc,1920x1080,731,aac,6
"/pool/TV Shows/The X-Files/Season 01/The X-Files - S01E06 - Shadows.mp4",mp4,hevc,1920x1080,730,aac,6
"/pool/TV Shows/The Bondsman/The Bondsman - S01E04 - Erdos.mkv",mkv,hevc,1920x960,340,aac,6
"/pool/TV Shows/The Bondsman/The Bondsman - S01E06 - Revelations.mkv",mkv,hevc,1920x960,330,aac,6
"/pool/TV Shows/The Bondsman/The Bondsman - S01E07 - Pyralis.mkv",mkv,hevc,1920x960,273,aac,6
"/pool/TV Shows/The Bondsman/The Bondsman - S01E02 - Valacor.mkv",mkv,hevc,1920x960,323,aac,6
"/pool/TV Shows/The Bondsman/The Bondsman - S01E05 - Slypharis.mkv",mkv,hevc,1920x960,465,aac,6
"/pool/TV Shows/The Bondsman/The Bondsman - S01E03 - Marphos.mkv",mkv,hevc,1920x960,426,aac,6
"/pool/TV Shows/The Bondsman/The Bondsman - S01E01 - Pot O’Gold.mkv",mkv,hevc,1920x960,400,aac,6
"/pool/TV Shows/The Bondsman/The Bondsman - S01E08 - Lilith.mkv",mkv,hevc,1920x960,406,aac,6
"/pool/TV Shows/The Office/S0/The Office - Christmas Special Part 2 .avi",avi,mpeg4,576x320,349,mp3,2
"/pool/TV Shows/The Office/S0/The Office - Closed For Business .avi",avi,mpeg4,576x320,232,ac3,2
"/pool/TV Shows/The Office/S0/The Office - Video Diary Of The Making Of Series Two .avi",avi,mpeg4,576x320,174,ac3,2
"/pool/TV Shows/The Office/S0/The Office - Documentary .avi",avi,mpeg4,576x320,349,ac3,2
"/pool/TV Shows/The Office/S0/The Office - Deleted Scenes .avi",avi,mpeg4,576x320,129,ac3,2
"/pool/TV Shows/The Office/S0/The Office - Bloopers .avi",avi,mpeg4,576x320,74,ac3,2
"/pool/TV Shows/The Office/S0/The Office - Golden Globe Featurette .avi",avi,mpeg4,576x320,59,ac3,2
"/pool/TV Shows/The Office/S0/The Office - David Brent - If You Don't Know Me By Now .avi",avi,mpeg4,576x320,42,ac3,2
"/pool/TV Shows/The Office/S0/The Office - Christmas Special Part 1 .avi",avi,mpeg4,576x320,349,mp3,2
"/pool/TV Shows/Have I Got News for You (US)/Have I Got News for You (US) - S02E10 - Alyssa Farah Griffin, George Wallace.mkv",mkv,hevc,1280x720,188,aac,2
"/pool/TV Shows/Last One Laughing UK/Season 1/LOL - Last One Laughing UK - S01E05 - Meats and Cheeses.mkv",mkv,hevc,1920x1080,458,eac3,6
"/pool/TV Shows/Black Mirror/Season 02/Black Mirror - S02E02 - White Bear.mp4",mp4,hevc,1920x1080,671,aac,2
"/pool/TV Shows/Black Mirror/Season 02/Black Mirror - S02E03 - The Waldo Moment.mp4",mp4,hevc,1920x1080,686,aac,2
"/pool/TV Shows/Black Mirror/Season 02/Black Mirror - S02E01 - Be Right Back.mp4",mp4,hevc,1920x960,768,aac,2
"/pool/TV Shows/Black Mirror/Season 7/Black Mirror - S07E02 - Common People.mkv",mkv,hevc,1920x1080,485,eac3,6
"/pool/TV Shows/Black Mirror/Season 01/Black Mirror - S01E03 - The Entire History of You.mp4",mp4,hevc,1920x1080,776,aac,2
"/pool/TV Shows/Black Mirror/Season 01/Black Mirror - S01E01 - The National Anthem.mp4",mp4,hevc,1920x1080,698,aac,2
"/pool/TV Shows/Black Mirror/Season 01/Black Mirror - S01E02 - Fifteen Million Merits.mp4",mp4,hevc,1920x1080,988,aac,2
"/pool/TV Shows/Krapopolis/Season 1/Krapopolis - S01E22 - The Tyrannis Crown Affair.mkv",mkv,hevc,1280x720,131,aac,2
"/pool/TV Shows/Krapopolis/Season 2/Krapopolis - S02E16 - Number Twos.mkv",mkv,hevc,1920x1080,314,ac3,2
"/pool/TV Shows/Krapopolis/Season 2/Krapopolis - S02E14 - Love Trap, Baby!.mkv",mkv,hevc,1920x1080,326,ac3,2
"/pool/TV Shows/Krapopolis/Season 2/Krapopolis - S02E10 - John Fate Comes a Knockin’.mkv",mkv,hevc,1920x1080,223,aac,2
"/pool/TV Shows/Chainsaw Man/Season 01/Chainsaw Man - S01E05 - GUN DEVIL.mkv",mkv,hevc,1920x1080,2611,eac3,2
"/pool/TV Shows/Chainsaw Man/Season 01/Chainsaw Man - S01E03 - MEOWY'S WHEREABOUTS.mkv",mkv,hevc,1920x1080,2461,eac3,2
"/pool/TV Shows/Chainsaw Man/Season 01/Chainsaw Man - S01E07 - THE TASTE OF A KISS.mkv",mkv,hevc,1920x1080,2267,eac3,2
"/pool/TV Shows/Chainsaw Man/Season 01/Chainsaw Man - S01E10 - BRUISED & BATTERED.mkv",mkv,hevc,1920x1080,693,opus,2
"/pool/TV Shows/Chainsaw Man/Season 01/Chainsaw Man - S01E09 - FROM KYOTO.mkv",mkv,hevc,1920x1080,643,opus,2
"/pool/TV Shows/Chainsaw Man/Season 01/Chainsaw Man - S01E06 - KILL DENJI.mkv",mkv,hevc,1920x1080,2630,eac3,2
"/pool/TV Shows/Chainsaw Man/Season 01/Chainsaw Man - S01E01 - DOG & CHAINSAW.mkv",mkv,hevc,1920x1080,2111,eac3,2
"/pool/TV Shows/Chainsaw Man/Season 01/Chainsaw Man - S01E04 - RESCUE.mkv",mkv,hevc,1920x1080,2186,eac3,2
"/pool/TV Shows/Chainsaw Man/Season 01/Chainsaw Man - S01E02 - ARRIVAL IN TOKYO.mkv",mkv,hevc,1920x1080,2010,eac3,2
"/pool/TV Shows/The Patient/Season 01/The Patient - S01E08 - Ezra.mkv",mkv,hevc,1920x1080,184,eac3,6
"/pool/TV Shows/Ziwe/Season 01/Ziwe - S01E01 - 55%.mp4",mp4,hevc,1920x1080,400,aac,2
"/pool/TV Shows/Ziwe/Season 01/Ziwe - S01E04 - Allyship.mp4",mp4,hevc,1920x1080,463,aac,2
"/pool/TV Shows/Ziwe/Season 01/Ziwe - S01E06 - Whitewashing.mp4",mp4,hevc,1920x1080,423,aac,2
"/pool/TV Shows/Ziwe/Season 01/Ziwe - S01E05 - Immigration.mp4",mp4,hevc,1920x1080,391,aac,2
"/pool/TV Shows/Ziwe/Season 01/Ziwe - S01E02 - Beauty Standards.mp4",mp4,hevc,1920x1080,470,aac,2
"/pool/TV Shows/Ziwe/Season 01/Ziwe - S01E03 - Wealth Hoarders.mp4",mp4,hevc,1920x1080,437,aac,2
"/pool/TV Shows/Abbott Elementary/Season 1/S01E01 Pilot.mp4",mp4,hevc,1920x1080,355,aac,6
"/pool/TV Shows/Abbott Elementary/Season 1/S01E07 Art Teacher.mp4",mp4,hevc,1920x1080,346,aac,6
"/pool/TV Shows/Abbott Elementary/Season 1/S01E04 New Tech.mp4",mp4,hevc,1920x1080,345,aac,6
"/pool/TV Shows/Abbott Elementary/Season 1/S01E08 Work Family.mp4",mp4,hevc,1920x1080,346,aac,6
"/pool/TV Shows/Abbott Elementary/Season 1/S01E12 Ava vs. Superintendent.mp4",mp4,hevc,1920x1080,351,aac,6
"/pool/TV Shows/Abbott Elementary/Season 1/S01E09 Step Class.mp4",mp4,hevc,1920x1080,348,aac,6
"/pool/TV Shows/Abbott Elementary/Season 1/S01E06 Gifted Program.mp4",mp4,hevc,1920x1080,349,aac,6
"/pool/TV Shows/Abbott Elementary/Season 1/S01E05 Student Transfer.mp4",mp4,hevc,1920x1080,344,aac,6
"/pool/TV Shows/Abbott Elementary/Season 1/S01E13 Zoo Balloon.mp4",mp4,hevc,1920x1080,352,aac,6
"/pool/TV Shows/Abbott Elementary/Season 1/S01E11 Desking.mp4",mp4,hevc,1920x1080,352,aac,6
"/pool/TV Shows/Abbott Elementary/Season 1/S01E03 Wishlist.mp4",mp4,hevc,1920x1080,342,aac,6
"/pool/TV Shows/Abbott Elementary/Season 1/S01E10 Open House.mp4",mp4,hevc,1920x1080,347,aac,6
"/pool/TV Shows/Abbott Elementary/Season 1/S01E02 Light Bulb.mp4",mp4,hevc,1920x1080,345,aac,6
"/pool/TV Shows/Abbott Elementary/Season 2/Abbott Elementary - S02E21 - Mom.mkv",mkv,hevc,1920x1080,355,eac3,6
"/pool/TV Shows/Abbott Elementary/Season 2/Abbott Elementary - S02E13 - Fundraiser.mkv",mkv,hevc,1920x1080,310,eac3,6
"/pool/TV Shows/Abbott Elementary/Season 2/Abbott Elementary - S02E22 - Franklin Institute.mkv",mkv,hevc,1920x1080,311,eac3,6
"/pool/TV Shows/Abbott Elementary/Season 2/Abbott Elementary - S02E01 - Development Day.mkv",mkv,hevc,1920x1080,380,eac3,6
"/pool/TV Shows/Abbott Elementary/Season 2/Abbott Elementary - S02E19 - Festival.mkv",mkv,hevc,1920x1080,380,eac3,6
"/pool/TV Shows/Abbott Elementary/Season 2/Abbott Elementary - S02E18 - Teacher Appreciation.mkv",mkv,hevc,1920x1080,342,eac3,6
"/pool/TV Shows/Abbott Elementary/Season 2/Abbott Elementary - S02E20 - Educator of the Year.mkv",mkv,hevc,1920x1080,336,eac3,6
"/pool/TV Shows/Abbott Elementary/Season 2/Abbott Elementary - S02E16 - Teacher Conference.mkv",mkv,hevc,1920x1080,351,eac3,6
"/pool/TV Shows/Abbott Elementary/Season 2/Abbott Elementary - S02E14 - Valentine's Day.mkv",mkv,hevc,1920x1080,341,eac3,6
"/pool/TV Shows/Abbott Elementary/Season 4/Abbott Elementary - S04E03 - Class Pet.mkv",mkv,hevc,1920x1080,496,ac3,6
"/pool/TV Shows/Abbott Elementary/Season 4/Abbott Elementary - S04E13 - Science Fair.mkv",mkv,hevc,1920x1080,590,ac3,6
"/pool/TV Shows/Abbott Elementary/Season 4/Abbott Elementary - S04E02 - Ringworm.mkv",mkv,hevc,1920x1080,499,ac3,6
"/pool/TV Shows/How to Die Alone/How to Die Alone - S01E01 - Stop Living.mkv",mkv,hevc,1920x1080,521,ac3,6
"/pool/TV Shows/The Lying Life of Adults/The Lying Life of Adults - S01E01 - Beauty.mp4",mp4,hevc,1920x960,803,aac,6
"/pool/TV Shows/Battlestar Galactica (2003)/S00E02 - Part 2.mkv",mkv,hevc,1920x1080,7823,dts,6
"/pool/TV Shows/Battlestar Galactica (2003)/S00E01 - Part 1.mkv",mkv,hevc,1920x1080,8645,dts,6
"/pool/TV Shows/Last Week Tonight with John Oliver/Season 12/Last Week Tonight with John Oliver - S12E01 - February 16, 2025.mkv",mkv,av1,1920x1080,372,eac3,2
"/pool/TV Shows/Barry/Season 02/Barry - S02E03 - Past = Present x Future Over Yesterday.mkv",mkv,hevc,1920x1080,953,eac3,6
"/pool/TV Shows/Barry/Season 02/Barry - S02E02 - The Power of No.mkv",mkv,hevc,1920x1080,1025,eac3,6
"/pool/TV Shows/Barry/Season 02/Barry - S02E08 - berkman block.mkv",mkv,hevc,1920x1080,1198,eac3,6
"/pool/TV Shows/Barry/Season 02/Barry - S02E06 - The Truth Has a Ring to It.mkv",mkv,hevc,1920x1080,995,eac3,6
"/pool/TV Shows/Barry/Season 02/Barry - S02E01 - The Show Must Go On, Probably.mkv",mkv,hevc,1920x1080,1134,eac3,6
"/pool/TV Shows/Barry/Season 02/Barry - S02E04 - What!!.mkv",mkv,hevc,1920x1080,1047,eac3,6
"/pool/TV Shows/Barry/Season 02/Barry - S02E05 - ronny+lily.mkv",mkv,hevc,1920x1080,1111,eac3,6
"/pool/TV Shows/Barry/Season 02/Barry - S02E07 - The Audition.mkv",mkv,hevc,1920x1080,979,eac3,6
"/pool/TV Shows/Barry/Season 03/Barry - S03E07 - candy asses.mkv",mkv,hevc,1920x1080,1059,ac3,6
"/pool/TV Shows/Barry/Season 03/Barry - S03E05 - crazytimesh-tshow.mkv",mkv,hevc,1920x1080,894,ac3,6
"/pool/TV Shows/Barry/Season 03/Barry - S03E01 - forgiving jeff.mkv",mkv,hevc,1920x1080,918,ac3,6
"/pool/TV Shows/Barry/Season 03/Barry - S03E04 - all the sauces.mkv",mkv,hevc,1920x1080,979,ac3,6
"/pool/TV Shows/Barry/Season 03/Barry - S03E03 - ben mendelsohn.mkv",mkv,hevc,1920x1080,795,ac3,6
"/pool/TV Shows/Barry/Season 03/Barry - S03E06 - 710N.mkv",mkv,hevc,1920x1080,918,ac3,6
"/pool/TV Shows/Barry/Season 03/Barry - S03E02 - limonada.mkv",mkv,hevc,1920x1080,888,ac3,6
"/pool/TV Shows/Barry/Season 03/Barry - S03E08 - starting now.mkv",mkv,hevc,1920x1080,927,ac3,6
"/pool/TV Shows/Barry/Season 01/Barry - S01E08 - Chapter Eight - Know Your Truth.mkv",mkv,hevc,1920x1080,1112,eac3,6
"/pool/TV Shows/Barry/Season 01/Barry - S01E04 - Chapter Four - Commit … to YOU.mkv",mkv,hevc,1920x1080,984,eac3,6
"/pool/TV Shows/Barry/Season 01/Barry - S01E03 - Chapter Three - Make the Unsafe Choice.mkv",mkv,hevc,1920x1080,1033,eac3,6
"/pool/TV Shows/Barry/Season 01/Barry - S01E01 - Chapter One - Make Your Mark.mkv",mkv,hevc,1920x1080,1011,eac3,6
"/pool/TV Shows/Barry/Season 01/Barry - S01E05 - Chapter Five - Do Your Job.mkv",mkv,hevc,1920x1080,1004,eac3,6
"/pool/TV Shows/Barry/Season 01/Barry - S01E07 - Chapter Seven - Loud, Fast, and Keep Going.mkv",mkv,hevc,1920x1080,1099,eac3,6
"/pool/TV Shows/Barry/Season 01/Barry - S01E02 - Chapter Two - Use It.mkv",mkv,hevc,1920x1080,888,eac3,6
"/pool/TV Shows/Barry/Season 01/Barry - S01E06 - Chapter Six - Listen With Your Ears, React With Your Face.mkv",mkv,hevc,1920x1080,1029,eac3,6
"/pool/TV Shows/Trainwreck - Woodstock '99/Season 01/Trainwreck - Woodstock '99 - S01E02 - Kerosene. Match. Boom!.mp4",mp4,hevc,1920x1080,739,aac,6
"/pool/TV Shows/Trainwreck - Woodstock '99/Season 01/Trainwreck - Woodstock '99 - S01E03 - You Can’t Stop a Riot in the 90s.mp4",mp4,hevc,1920x1080,824,aac,6
"/pool/TV Shows/Trainwreck - Woodstock '99/Season 01/Trainwreck - Woodstock '99 - S01E01 - How the F-k Did This Happen.mp4",mp4,hevc,1920x1080,723,aac,6
"/pool/TV Shows/For All Mankind/Season 3/For All Mankind - S03E01 - Polaris.mkv",mkv,hevc,1920x960,1960,eac3,6
"/pool/TV Shows/For All Mankind/Season 3/For All Mankind - S03E09 - Coming Home.mkv",mkv,hevc,1920x960,1601,eac3,6
"/pool/TV Shows/For All Mankind/Season 3/For All Mankind - S03E07 - Bring It Down.mkv",mkv,hevc,1920x960,1977,eac3,6
"/pool/TV Shows/For All Mankind/Season 3/For All Mankind - S03E10 - Stranger In A Strange Land.mkv",mkv,hevc,1920x960,2820,eac3,6
"/pool/TV Shows/For All Mankind/Season 3/For All Mankind - S03E02 - Game Changer.mkv",mkv,hevc,1920x960,2126,eac3,6
"/pool/TV Shows/For All Mankind/Season 3/For All Mankind - S03E06 - New Eden.mkv",mkv,hevc,1920x960,2080,eac3,6
"/pool/TV Shows/For All Mankind/Season 3/For All Mankind - S03E03 - All In.mkv",mkv,hevc,1920x960,2084,eac3,6
"/pool/TV Shows/For All Mankind/Season 3/For All Mankind - S03E05 - Seven Minutes of Terror.mkv",mkv,hevc,1920x960,2173,eac3,6
"/pool/TV Shows/For All Mankind/Season 3/For All Mankind - S03E04 - Happy Valley.mkv",mkv,hevc,1920x960,1779,eac3,6
"/pool/TV Shows/For All Mankind/Season 3/For All Mankind - S03E08 - The Sands of Ares.mkv",mkv,hevc,1920x960,2198,eac3,6
"/pool/TV Shows/For All Mankind/Season 2/For All Mankind - S02E04 - Pathfinder.mkv",mkv,hevc,1920x960,2074,eac3,6
"/pool/TV Shows/For All Mankind/Season 2/For All Mankind - S02E08 - And Here’s to You.mkv",mkv,hevc,1920x960,2388,eac3,6
"/pool/TV Shows/For All Mankind/Season 2/For All Mankind - S02E10 - The Grey.mkv",mkv,hevc,1920x960,2614,eac3,6
"/pool/TV Shows/For All Mankind/Season 2/For All Mankind - S02E09 - Triage.mkv",mkv,hevc,1920x960,1929,eac3,6
"/pool/TV Shows/For All Mankind/Season 2/For All Mankind - S02E01 - Every Little Thing.mkv",mkv,hevc,1920x960,1947,eac3,6
"/pool/TV Shows/For All Mankind/Season 2/For All Mankind - S02E06 - Best-Laid Plans.mkv",mkv,hevc,1920x960,2035,eac3,6
"/pool/TV Shows/For All Mankind/Season 2/For All Mankind - S02E02 - The Bleeding Edge.mkv",mkv,hevc,1920x960,1918,eac3,6
"/pool/TV Shows/For All Mankind/Season 2/For All Mankind - S02E07 - Don’t Be Cruel.mkv",mkv,hevc,1920x960,2123,eac3,6
"/pool/TV Shows/For All Mankind/Season 2/For All Mankind - S02E03 - Rules of Engagement.mkv",mkv,hevc,1920x960,2055,eac3,6
"/pool/TV Shows/For All Mankind/Season 2/For All Mankind - S02E05 - The Weight.mkv",mkv,hevc,1920x960,1990,eac3,6
"/pool/TV Shows/Ramy/Season 01/Ramy - S01E05 - Do the Ramadan.mkv",mkv,hevc,1920x1040,723,aac,6
"/pool/TV Shows/Ramy/Season 01/Ramy - S01E10 - Cairo Cowboy.mkv",mkv,hevc,1920x1040,637,aac,6
"/pool/TV Shows/Ramy/Season 01/Ramy - S01E03 - A Black Spot on the Heart.mkv",mkv,hevc,1920x1040,693,aac,6
"/pool/TV Shows/Ramy/Season 01/Ramy - S01E02 - Princess Diana.mkv",mkv,hevc,1920x1040,600,aac,6
"/pool/TV Shows/Ramy/Season 01/Ramy - S01E09 - Dude, Where’s My Country.mkv",mkv,hevc,1920x1040,706,aac,6
"/pool/TV Shows/Ramy/Season 01/Ramy - S01E07 - Ne Me Quitte Pas.mkv",mkv,hevc,1920x1040,661,aac,6
"/pool/TV Shows/Ramy/Season 01/Ramy - S01E01 - Between the Toes.mkv",mkv,hevc,1920x1040,687,aac,6
"/pool/TV Shows/Ramy/Season 01/Ramy - S01E06 - Refugees.mkv",mkv,hevc,1920x1040,754,aac,6
"/pool/TV Shows/Ramy/Season 01/Ramy - S01E08 - Saving Mikaela.mkv",mkv,hevc,1920x1032,787,aac,6
"/pool/TV Shows/Ramy/Season 01/Ramy - S01E04 - Strawberries.mkv",mkv,hevc,1920x1040,708,aac,6
"/pool/TV Shows/American Dad!/Season 21/American Dad! - S21E03 - I've Got a Friend in Me.mkv",mkv,hevc,1280x720,77,aac,2
"/pool/TV Shows/American Dad!/Season 21/American Dad! - S21E17 - Pork 'n Feelings.mkv",mkv,hevc,1920x1080,215,eac3,6
"/pool/TV Shows/American Dad!/Season 3/American Dad! - S03E10 - Bush Comes to Dinner.mkv",mkv,hevc,1920x1080,160,eac3,6
"/pool/TV Shows/American Dad!/Season 3/American Dad! - S03E02 - The American Dad After School Special.mkv",mkv,hevc,1920x1080,174,eac3,6
"/pool/TV Shows/American Dad!/Season 3/American Dad! - S03E14 - An Apocalypse to Remember.mkv",mkv,hevc,1920x1080,180,eac3,6
"/pool/TV Shows/American Dad!/Season 3/American Dad! - S03E11 - American Dream Factory.mkv",mkv,hevc,1920x1080,200,eac3,6
"/pool/TV Shows/American Dad!/Season 3/American Dad! - S03E16 - When a Stan Loves a Woman.mkv",mkv,hevc,1920x1080,193,eac3,6
"/pool/TV Shows/American Dad!/Season 3/American Dad! - S03E12 - A.T. The Abusive Terrestrial.mkv",mkv,hevc,1920x1080,163,eac3,6
"/pool/TV Shows/American Dad!/Season 3/American Dad! - S03E03 - Failure is Not a Factory-Installed Option.mkv",mkv,hevc,1920x1080,208,eac3,6
"/pool/TV Shows/American Dad!/Season 3/American Dad! - S03E06 - Iced, Iced Babies.mkv",mkv,hevc,1920x1080,203,eac3,6
"/pool/TV Shows/American Dad!/Season 3/American Dad! - S03E09 - The Best Christmas Story Never Told.mkv",mkv,hevc,1920x1080,178,eac3,6
"/pool/TV Shows/American Dad!/Season 3/American Dad! - S03E08 - Irregarding Steve.mkv",mkv,hevc,1920x1080,170,eac3,6
"/pool/TV Shows/American Dad!/Season 3/American Dad! - S03E04 - Lincoln Lover.mkv",mkv,hevc,1920x1080,157,eac3,6
"/pool/TV Shows/American Dad!/Season 3/American Dad! - S03E07 - Of Ice and Men.mkv",mkv,hevc,1920x1080,192,eac3,6
"/pool/TV Shows/American Dad!/Season 3/American Dad! - S03E01 - Camp Refoogee.mkv",mkv,hevc,1920x1080,168,eac3,6
"/pool/TV Shows/American Dad!/Season 3/American Dad! - S03E05 - Dungeons and Wagons.mkv",mkv,hevc,1920x1080,183,eac3,6
"/pool/TV Shows/American Dad!/Season 3/American Dad! - S03E13 - Black Mystery Month.mkv",mkv,hevc,1920x1080,171,eac3,6
"/pool/TV Shows/American Dad!/Season 3/American Dad! - S03E15 - Four Little Words.mkv",mkv,hevc,1920x1080,206,eac3,6
"/pool/TV Shows/American Dad!/S16/American Dad! - [16x20] - The Hand that Rocks the Rogu.mkv",mkv,hevc,1920x1080,225,eac3,6
"/pool/TV Shows/American Dad!/S16/American Dad! - [16x18] - No Weddings and a Funeral.mkv",mkv,hevc,1920x1080,222,eac3,6
"/pool/TV Shows/American Dad!/S16/American Dad! - [16x12] - Stompe Le Monde.mkv",mkv,hevc,1280x720,80,aac,2
"/pool/TV Shows/American Dad!/Season 2/American.Dad.S02E13.Roger.n.Me.1080p.DSNP.WEBRip.DDP.5.1.H.265.-EDGE2020.mkv",mkv,hevc,1920x1080,171,eac3,6
"/pool/TV Shows/American Dad!/Season 2/American.Dad.S02E07.Stannie.Get.Your.Gun.1080p.DSNP.WEBRip.DDP.5.1.H.265.-EDGE2020.mkv",mkv,hevc,1920x1080,192,eac3,6
"/pool/TV Shows/American Dad!/Season 2/American.Dad.S02E09.Not.Particularly.Desperate.Housewives.1080p.DSNP.WEBRip.DDP.5.1.H.265.-EDGE2020.mkv",mkv,hevc,1920x1080,178,eac3,6
"/pool/TV Shows/American Dad!/Season 2/American.Dad.S02E04.Con.Heir.1080p.DSNP.WEBRip.DDP.5.1.H.265.-EDGE2020.mkv",mkv,hevc,1920x1080,157,eac3,6
"/pool/TV Shows/American Dad!/Season 2/American.Dad.S02E05.Stan.of.Arabia.1.1080p.DSNP.WEBRip.DDP.5.1.H.265.-EDGE2020.mkv",mkv,hevc,1920x1080,183,eac3,6
"/pool/TV Shows/American Dad!/Season 2/American.Dad.S02E16.Tears.of.a.Clooney.1080p.DSNP.WEBRip.DDP.5.1.H.265.-EDGE2020.mkv",mkv,hevc,1920x1080,193,eac3,6
"/pool/TV Shows/American Dad!/Season 2/American.Dad.S02E08.Star.Trek.1080p.DSNP.WEBRip.DDP.5.1.H.265.-EDGE2020.mkv",mkv,hevc,1920x1080,170,eac3,6
"/pool/TV Shows/American Dad!/Season 2/American.Dad.S02E02.A.Smith.in.the.Hand.1080p.DSNP.WEBRip.DDP.5.1.H.265.-EDGE2020.mkv",mkv,hevc,1920x1080,174,eac3,6
"/pool/TV Shows/American Dad!/Season 2/American.Dad.S02E01.Bullocks.to.Stan.1080p.DSNP.WEBRip.DDP.5.1.H.265.-EDGE2020.mkv",mkv,hevc,1920x1080,168,eac3,6
"/pool/TV Shows/American Dad!/Season 2/American.Dad.S02E12.Its.Good.to.be.the.Queen.1080p.DSNP.WEBRip.DDP.5.1.H.265.-EDGE2020.mkv",mkv,hevc,1920x1080,163,eac3,6
"/pool/TV Shows/American Dad!/Season 2/American.Dad.S02E10.Rough.Trade.1080p.DSNP.WEBRip.DDP.5.1.H.265.-EDGE2020.mkv",mkv,hevc,1920x1080,160,eac3,6
"/pool/TV Shows/American Dad!/Season 2/American.Dad.S02E14.Helping.Handis.1080p.DSNP.WEBRip.DDP.5.1.H.265.-EDGE2020.mkv",mkv,hevc,1920x1080,180,eac3,6
"/pool/TV Shows/American Dad!/Season 2/American.Dad.S02E15.With.Friends.Like.Steves.1080p.DSNP.WEBRip.DDP.5.1.H.265.-EDGE2020.mkv",mkv,hevc,1920x1080,206,eac3,6
"/pool/TV Shows/American Dad!/Season 2/American.Dad.S02E06.Stan.of.Arabia.2.1080p.DSNP.WEBRip.DDP.5.1.H.265.-EDGE2020.mkv",mkv,hevc,1920x1080,203,eac3,6
"/pool/TV Shows/American Dad!/Season 2/American.Dad.S02E11.Finances.With.Wolves.1080p.DSNP.WEBRip.DDP.5.1.H.265.-EDGE2020.mkv",mkv,hevc,1920x1080,200,eac3,6
"/pool/TV Shows/American Dad!/Season 2/American.Dad.S02E03.All.About.Steve.1080p.DSNP.WEBRip.DDP.5.1.H.265.-EDGE2020.mkv",mkv,hevc,1920x1080,208,eac3,6
"/pool/TV Shows/American Dad!/Season 19/American.Dad.S18E14.1080p.HEVC.x265-MeGusta[eztv.re].mkv",mkv,hevc,1920x1080,165,aac,2
"/pool/TV Shows/American Dad!/Season 20/American Dad! - S20E02 - The Professor and the Coach.mkv",mkv,hevc,1920x1080,171,aac,2
"/pool/TV Shows/90 Day Fiancé {tvdb-277092}/90 Day Fiancé - S11E12 - Blinded by Love.mkv",mkv,hevc,1280x720,556,aac,2
"/pool/TV Shows/90 Day Fiancé {tvdb-277092}/90 Day Fiancé - S11E17 - Too Late for Love.mkv",mkv,hevc,1280x720,566,aac,2
"/pool/TV Shows/90 Day Fiancé {tvdb-277092}/90 Day Fiancé - S11E08 - Love, Sweat, and Tears.mkv",mkv,hevc,1280x720,514,aac,2
"/pool/TV Shows/90 Day Fiancé {tvdb-277092}/90 Day Fiancé - S11E13 - Love by Any Other Name.mkv",mkv,hevc,1280x720,583,aac,2
"/pool/TV Shows/90 Day Fiancé {tvdb-277092}/90 Day Fiancé - S11E16 - Love on the Line.mkv",mkv,hevc,1280x720,565,aac,2
"/pool/TV Shows/90 Day Fiancé {tvdb-277092}/90 Day Fiancé - S11E09 - How Deep Is Your Love.mkv",mkv,hevc,1280x720,650,aac,2
"/pool/TV Shows/90 Day Fiancé {tvdb-277092}/90 Day Fiancé - S11E14 - All's Fair in Love and War.mkv",mkv,hevc,1280x720,563,aac,2
"/pool/TV Shows/90 Day Fiancé {tvdb-277092}/90 Day Fiancé - S11E19 - Tell All Part 1.mkv",mkv,hevc,1280x720,524,aac,2
"/pool/TV Shows/90 Day Fiancé {tvdb-277092}/90 Day Fiancé - S11E10 - Where Did Our Love Go.mkv",mkv,hevc,1280x720,540,aac,2
"/pool/TV Shows/90 Day Fiancé {tvdb-277092}/90 Day Fiancé - S11E05 - Love Is Not Enough.mkv",mkv,hevc,1280x720,502,aac,2
"/pool/TV Shows/90 Day Fiancé {tvdb-277092}/90 Day Fiancé - S11E07 - The Price of Love.mkv",mkv,hevc,1280x720,608,aac,2
"/pool/TV Shows/90 Day Fiancé {tvdb-277092}/90 Day Fiancé - S11E11 - Love's True Colors.mkv",mkv,hevc,1280x720,536,aac,2
"/pool/TV Shows/90 Day Fiancé {tvdb-277092}/90 Day Fiancé - S11E18 - All You Need Is Love.mkv",mkv,hevc,1280x720,551,aac,2
"/pool/TV Shows/90 Day Fiancé {tvdb-277092}/90 Day Fiancé - S11E03 - Between Love and Madness.mkv",mkv,hevc,1280x720,585,aac,2
"/pool/TV Shows/90 Day Fiancé {tvdb-277092}/90 Day Fiancé - S11E01 - I Love You.And You.mkv",mkv,hevc,1280x720,597,aac,2
"/pool/TV Shows/90 Day Fiancé {tvdb-277092}/90 Day Fiancé - S11E20 - Tell All Part 2.mkv",mkv,hevc,1280x720,512,aac,2
"/pool/TV Shows/90 Day Fiancé {tvdb-277092}/90 Day Fiancé - S11E06 - Love Me or Leave Me.mkv",mkv,hevc,1280x720,623,aac,2
"/pool/TV Shows/90 Day Fiancé {tvdb-277092}/90 Day Fiancé - S11E02 - Love at First Flight.mkv",mkv,hevc,1280x720,586,aac,2
"/pool/TV Shows/90 Day Fiancé {tvdb-277092}/90 Day Fiancé - S11E15 - Proof of Love.mkv",mkv,hevc,1280x720,524,aac,2
"/pool/TV Shows/The Simpsons {tvdb-71663}/Season 6/The Simpsons - S06E24 - Lemon of Troy.mp4",mp4,hevc,1920x1080,431,aac,6
"/pool/TV Shows/The Simpsons {tvdb-71663}/Season 6/The Simpsons - S06E11 - Fear of Flying.mp4",mp4,hevc,1920x1080,435,aac,6
"/pool/TV Shows/The Simpsons {tvdb-71663}/Season 6/The Simpsons - S06E17 - Homer vs. Patty and Selma.mp4",mp4,hevc,1920x1080,433,aac,6
"/pool/TV Shows/The Simpsons {tvdb-71663}/Season 6/The Simpsons - S06E12 - Homer the Great.mp4",mp4,hevc,1920x1080,431,aac,6
"/pool/TV Shows/The Simpsons {tvdb-71663}/Season 6/The Simpsons - S06E10 - Grampa vs. Sexual Inadequacy.mp4",mp4,hevc,1920x1080,433,aac,6
"/pool/TV Shows/The Simpsons {tvdb-71663}/Season 6/The Simpsons - S06E01 - Bart of Darkness.mp4",mp4,hevc,1920x1080,437,aac,6
"/pool/TV Shows/The Simpsons {tvdb-71663}/Season 6/The Simpsons - S06E18 - A Star Is Burns.mp4",mp4,hevc,1920x1080,432,aac,6
"/pool/TV Shows/The Simpsons {tvdb-71663}/Season 6/The Simpsons - S06E22 - Round Springfield.mp4",mp4,hevc,1920x1080,435,aac,6
"/pool/TV Shows/The Simpsons {tvdb-71663}/Season 6/The Simpsons - S06E19 - Lisa's Wedding.mp4",mp4,hevc,1920x1080,435,aac,6
"/pool/TV Shows/The Simpsons {tvdb-71663}/Season 6/The Simpsons - S06E06 - Treehouse of Horror V.mp4",mp4,hevc,1920x1080,444,aac,6
"/pool/TV Shows/The Simpsons {tvdb-71663}/Season 6/The Simpsons - S06E09 - Homer Badman.mp4",mp4,hevc,1920x1080,432,aac,6
"/pool/TV Shows/The Simpsons {tvdb-71663}/Season 6/The Simpsons - S06E04 - Itchy & Scratchy Land.mp4",mp4,hevc,1920x1080,438,aac,6
"/pool/TV Shows/The Simpsons {tvdb-71663}/Season 6/The Simpsons - S06E20 - Two Dozen and One Greyhounds.mp4",mp4,hevc,1920x1080,435,aac,6
"/pool/TV Shows/The Simpsons {tvdb-71663}/Season 6/The Simpsons - S06E03 - Another Simpsons Clip Show.mp4",mp4,hevc,1920x1080,436,aac,6
"/pool/TV Shows/The Simpsons {tvdb-71663}/Season 6/The Simpsons - S06E15 - Homie the Clown.mp4",mp4,hevc,1920x1080,432,aac,6
"/pool/TV Shows/The Simpsons {tvdb-71663}/Season 6/The Simpsons - S06E05 - Sideshow Bob Roberts.mp4",mp4,hevc,1920x1080,436,aac,6
"/pool/TV Shows/The Simpsons {tvdb-71663}/Season 6/The Simpsons - S06E14 - Bart's Comet.mp4",mp4,hevc,1920x1080,428,aac,6
"/pool/TV Shows/The Simpsons {tvdb-71663}/Season 6/The Simpsons - S06E07 - Bart's Girlfriend.mp4",mp4,hevc,1920x1080,433,aac,6
"/pool/TV Shows/The Simpsons {tvdb-71663}/Season 6/The Simpsons - S06E02 - Lisa's Rival.mp4",mp4,hevc,1920x1080,438,aac,6
"/pool/TV Shows/The Simpsons {tvdb-71663}/Season 6/The Simpsons - S06E16 - Bart vs. Australia.mp4",mp4,hevc,1920x1080,433,aac,6
"/pool/TV Shows/The Simpsons {tvdb-71663}/Season 6/The Simpsons - S06E21 - The PTA Disbands.mp4",mp4,hevc,1920x1080,428,aac,6
"/pool/TV Shows/The Simpsons {tvdb-71663}/Season 6/The Simpsons - S06E23 - The Springfield Connection.mp4",mp4,hevc,1920x1080,436,aac,6
"/pool/TV Shows/The Simpsons {tvdb-71663}/Season 6/The Simpsons - S06E25 - Who Shot Mr. Burns! (1).mp4",mp4,hevc,1920x1080,433,aac,6
"/pool/TV Shows/The Simpsons {tvdb-71663}/Season 6/The Simpsons - S06E13 - And Maggie Makes Three.mp4",mp4,hevc,1920x1080,435,aac,6
"/pool/TV Shows/The Simpsons {tvdb-71663}/Season 6/The Simpsons - S06E08 - Lisa on Ice.mp4",mp4,hevc,1920x1080,433,aac,6
"/pool/TV Shows/The Simpsons {tvdb-71663}/Season 31/S31E15 - Screenless.mkv",mkv,hevc,1280x720,153,ac3,2
"/pool/TV Shows/The Simpsons {tvdb-71663}/Season 31/S31E01 - The Winter of Our Monetized Content.mkv",mkv,hevc,1280x720,170,ac3,2
"/pool/TV Shows/The Simpsons {tvdb-71663}/Season 31/The Simpsons - S31E18 - The Incredible Lightness of Being a Baby.mp4",mp4,hevc,1280x720,199,aac,6
"/pool/TV Shows/The Simpsons {tvdb-71663}/Season 31/The Simpsons - S31E07 - Livin' La Pura Vida.mp4",mp4,hevc,1280x720,211,aac,6
"/pool/TV Shows/The Simpsons {tvdb-71663}/Season 31/S31E06 - Marge the Lumberjill.mkv",mkv,hevc,1280x720,165,ac3,2
"/pool/TV Shows/The Simpsons {tvdb-71663}/Season 31/The Simpsons - S31E14 - Bart the Bad Guy.mp4",mp4,hevc,1280x720,204,aac,6
"/pool/TV Shows/The Simpsons {tvdb-71663}/Season 31/The Simpsons - S31E20 - Warrin' Priests Part 2.mp4",mp4,hevc,1280x720,202,aac,6
"/pool/TV Shows/The Simpsons {tvdb-71663}/Season 31/S31E22 - The Way of the Dog.mkv",mkv,hevc,1280x720,156,ac3,2
"/pool/TV Shows/The Simpsons {tvdb-71663}/Season 31/S31E18 - The Incredible Lightness of Being a Baby.mkv",mkv,hevc,1280x720,204,ac3,2
"/pool/TV Shows/The Simpsons {tvdb-71663}/Season 31/The Simpsons - S31E16 - Better Off Ned.mp4",mp4,hevc,1280x720,206,aac,6
"/pool/TV Shows/The Simpsons {tvdb-71663}/Season 31/S31E16 - Better Off Ned.mkv",mkv,hevc,1280x720,158,ac3,2
"/pool/TV Shows/The Simpsons {tvdb-71663}/Season 31/The Simpsons - S31E13 - Frinkcoin.mp4",mp4,hevc,1280x720,203,aac,6
"/pool/TV Shows/The Simpsons {tvdb-71663}/Season 31/The Simpsons - S31E17 - Highway to Well.mp4",mp4,hevc,1280x720,212,aac,6
"/pool/TV Shows/The Simpsons {tvdb-71663}/Season 31/S31E12 - The Miseducation of Lisa Simpson.mkv",mkv,hevc,1280x720,174,ac3,2
"/pool/TV Shows/The Simpsons {tvdb-71663}/Season 31/The Simpsons - S31E06 - Marge the Lumberjill.mp4",mp4,hevc,1280x720,190,aac,6
"/pool/TV Shows/The Simpsons {tvdb-71663}/Season 31/The Simpsons - S31E03 - The Fat Blue Line.mp4",mp4,hevc,1280x720,202,aac,6
"/pool/TV Shows/The Simpsons {tvdb-71663}/Season 31/S31E07 - Livin' La Pura Vida.mkv",mkv,hevc,1280x720,190,ac3,2
"/pool/TV Shows/The Simpsons {tvdb-71663}/Season 31/The Simpsons - S31E01 - The Winter of Our Monetized Content.mp4",mp4,hevc,1280x720,210,aac,6
"/pool/TV Shows/The Simpsons {tvdb-71663}/Season 31/S31E04 - Treehouse of Horror XXX.mkv",mkv,hevc,1280x720,169,ac3,2
"/pool/TV Shows/The Simpsons {tvdb-71663}/Season 31/The Simpsons - S31E10 - Bobby - It's Cold Outside.mp4",mp4,hevc,1280x720,209,aac,6
"/pool/TV Shows/The Simpsons {tvdb-71663}/Season 31/S31E02 - Go Big or Go Homer.mkv",mkv,hevc,1280x720,171,ac3,2
"/pool/TV Shows/The Simpsons {tvdb-71663}/Season 31/The Simpsons - S31E11 - Hail to the Teeth.mp4",mp4,hevc,1280x720,207,aac,6
"/pool/TV Shows/The Simpsons {tvdb-71663}/Season 31/The Simpsons - S31E12 - The Miseducation of Lisa Simpson.mp4",mp4,hevc,1280x720,202,aac,6
"/pool/TV Shows/The Simpsons {tvdb-71663}/Season 31/The Simpsons - S31E21 - The Hateful Eight-Year-Olds.mp4",mp4,hevc,1280x720,205,aac,6
"/pool/TV Shows/The Simpsons {tvdb-71663}/Season 31/The Simpsons - S31E02 - Go Big or Go Homer.mp4",mp4,hevc,1280x720,212,aac,6
"/pool/TV Shows/The Simpsons {tvdb-71663}/Season 31/S31E09 - Todd, Todd, Why Hast Thou Forsaken Me.mkv",mkv,hevc,1280x720,161,ac3,2
"/pool/TV Shows/The Simpsons {tvdb-71663}/Season 31/The Simpsons - S31E15 - Screenless.mp4",mp4,hevc,1280x720,208,aac,6
"/pool/TV Shows/The Simpsons {tvdb-71663}/Season 31/The Simpsons - S31E22 - The Way of the Dog.mp4",mp4,hevc,1280x720,209,aac,6
"/pool/TV Shows/The Simpsons {tvdb-71663}/Season 31/S31E11 - Hail to the Teeth.mkv",mkv,hevc,1280x720,166,ac3,2
"/pool/TV Shows/The Simpsons {tvdb-71663}/Season 31/S31E21 - The Hateful Eight-Year-Olds.mkv",mkv,hevc,1280x720,173,ac3,2
"/pool/TV Shows/The Simpsons {tvdb-71663}/Season 31/The Simpsons - S31E04 - Treehouse of Horror XXX.mp4",mp4,hevc,1280x720,201,aac,6
"/pool/TV Shows/The Simpsons {tvdb-71663}/Season 31/The Simpsons - S31E19 - Warrin' Priests.mp4",mp4,hevc,1280x720,207,aac,6
"/pool/TV Shows/The Simpsons {tvdb-71663}/Season 31/S31E20 - Warrin' Priests Part 2.mkv",mkv,hevc,1280x720,159,ac3,2
"/pool/TV Shows/The Simpsons {tvdb-71663}/Season 31/The Simpsons - S31E05 - Gorillas on the Mast.mp4",mp4,hevc,1280x720,204,aac,6
"/pool/TV Shows/The Simpsons {tvdb-71663}/Season 31/S31E03 - The Fat Blue Line.mkv",mkv,hevc,1280x720,149,ac3,2
"/pool/TV Shows/The Simpsons {tvdb-71663}/Season 31/The Simpsons - S31E09 - Todd, Todd, Why Hast Thou Forsaken Me.mp4",mp4,hevc,1280x720,210,aac,6
"/pool/TV Shows/The Simpsons {tvdb-71663}/Season 31/S31E13 - Frinkcoin.mkv",mkv,hevc,1280x720,140,ac3,2
"/pool/TV Shows/The Simpsons {tvdb-71663}/Season 31/The Simpsons - S31E08 - Thanksgiving of Horror.mp4",mp4,hevc,1280x720,229,aac,6
"/pool/TV Shows/The Simpsons {tvdb-71663}/Season 31/S31E10 - Bobby - It's Cold Outside.mkv",mkv,hevc,1280x720,179,ac3,2
"/pool/TV Shows/The Simpsons {tvdb-71663}/Season 31/S31E14 - Bart the Bad Guy.mkv",mkv,hevc,1280x720,171,ac3,2
"/pool/TV Shows/The Simpsons {tvdb-71663}/Season 31/S31E05 - Gorillas on the Mast.mkv",mkv,hevc,1280x720,180,ac3,2
"/pool/TV Shows/The Simpsons {tvdb-71663}/Season 31/S31E19 - Warrin' Priests.mkv",mkv,hevc,1280x720,164,ac3,2
"/pool/TV Shows/The Simpsons {tvdb-71663}/Season 31/S31E08 - Thanksgiving of Horror.mkv",mkv,hevc,1280x720,221,ac3,2
"/pool/TV Shows/The Simpsons {tvdb-71663}/Season 31/S31E17 - Highway to Well.mkv",mkv,hevc,1280x720,165,ac3,2
"/pool/TV Shows/The Simpsons {tvdb-71663}/Season 15/The Simpsons - S15E08 - Marge vs. Singles, Seniors, Childless Couples and Teens, and Gays.mp4",mp4,hevc,960x720,208,aac,6
"/pool/TV Shows/The Simpsons {tvdb-71663}/Season 15/The Simpsons - S15E12 - Milhouse Doesn't Live Here Anymore.mp4",mp4,hevc,960x720,211,aac,6
"/pool/TV Shows/The Simpsons {tvdb-71663}/Season 15/The Simpsons - S15E03 - The President Wore Pearls.mp4",mp4,hevc,960x720,219,aac,6
"/pool/TV Shows/The Simpsons {tvdb-71663}/Season 15/The Simpsons - S15E18 - Catch 'Em If You Can.mp4",mp4,hevc,960x720,214,aac,6
"/pool/TV Shows/The Simpsons {tvdb-71663}/Season 15/The Simpsons - S15E04 - The Regina Monologues.mp4",mp4,hevc,960x720,219,aac,6
"/pool/TV Shows/The Simpsons {tvdb-71663}/Season 15/The Simpsons - S15E11 - Margical History Tour.mp4",mp4,hevc,960x720,216,aac,6
"/pool/TV Shows/The Simpsons {tvdb-71663}/Season 15/The Simpsons - S15E21 - Bart-Mangled Banner.mp4",mp4,hevc,960x720,214,aac,6
"/pool/TV Shows/The Simpsons {tvdb-71663}/Season 15/The Simpsons - S15E13 - Smart and Smarter.mp4",mp4,hevc,960x720,213,aac,6
"/pool/TV Shows/The Simpsons {tvdb-71663}/Season 15/The Simpsons - S15E17 - My Big Fat Geek Wedding.mp4",mp4,hevc,960x720,216,aac,6
"/pool/TV Shows/The Simpsons {tvdb-71663}/Season 15/The Simpsons - S15E09 - I, (Annoyed Grunt)-Bot.mp4",mp4,hevc,960x720,216,aac,6
"/pool/TV Shows/The Simpsons {tvdb-71663}/Season 15/The Simpsons - S15E05 - The Fat and the Furriest.mp4",mp4,hevc,960x720,209,aac,6
"/pool/TV Shows/The Simpsons {tvdb-71663}/Season 15/The Simpsons - S15E10 - Diatribe of a Mad Housewife.mp4",mp4,hevc,960x720,215,aac,6
"/pool/TV Shows/The Simpsons {tvdb-71663}/Season 15/The Simpsons - S15E02 - My Mother the Carjacker.mp4",mp4,hevc,960x720,219,aac,6
"/pool/TV Shows/The Simpsons {tvdb-71663}/Season 15/The Simpsons - S15E22 - Fraudcast News.mp4",mp4,hevc,960x720,219,aac,6
"/pool/TV Shows/The Simpsons {tvdb-71663}/Season 15/The Simpsons - S15E06 - Today, I Am a Klown.mp4",mp4,hevc,960x720,209,aac,6
"/pool/TV Shows/The Simpsons {tvdb-71663}/Season 15/The Simpsons - S15E20 - The Way We Weren't.mp4",mp4,hevc,960x720,217,aac,6
"/pool/TV Shows/The Simpsons {tvdb-71663}/Season 15/The Simpsons - S15E14 - The Ziff Who Came to Dinner.mp4",mp4,hevc,960x720,214,aac,6
"/pool/TV Shows/The Simpsons {tvdb-71663}/Season 15/The Simpsons - S15E19 - Simple Simpson.mp4",mp4,hevc,960x720,216,aac,6
"/pool/TV Shows/The Simpsons {tvdb-71663}/Season 15/The Simpsons - S15E15 - Co-Dependent's Day.mp4",mp4,hevc,960x720,223,aac,6
"/pool/TV Shows/The Simpsons {tvdb-71663}/Season 15/The Simpsons - S15E07 - 'Tis the Fifteenth Season.mp4",mp4,hevc,960x720,216,aac,6
"/pool/TV Shows/The Simpsons {tvdb-71663}/Season 15/The Simpsons - S15E01 - Treehouse of Horror XIV.mp4",mp4,hevc,960x720,220,aac,6
"/pool/TV Shows/The Simpsons {tvdb-71663}/Season 15/The Simpsons - S15E16 - The Wandering Juvie.mp4",mp4,hevc,960x720,214,aac,6
"/pool/TV Shows/The Simpsons {tvdb-71663}/Season 9/The Simpsons - S09E15 - The Last Temptation of Krust.mkv",mkv,hevc,1920x1080,185,aac,6
"/pool/TV Shows/The Simpsons {tvdb-71663}/Season 9/The Simpsons - S09E02 - The Principal and the Pauper.mkv",mkv,hevc,1920x1080,187,aac,6
"/pool/TV Shows/The Simpsons {tvdb-71663}/Season 9/The Simpsons - S09E01 - The City of New York vs. Homer Simpson.mkv",mkv,hevc,1920x1080,197,aac,6
"/pool/TV Shows/The Simpsons {tvdb-71663}/Season 9/The Simpsons - S09E24 - Lost Our Lisa.mkv",mkv,hevc,1920x1080,199,aac,6
"/pool/TV Shows/The Simpsons {tvdb-71663}/Season 9/The Simpsons - S09E14 - Das Bus.mkv",mkv,hevc,1920x1080,187,aac,6
"/pool/TV Shows/The Simpsons {tvdb-71663}/Season 9/The Simpsons - S09E20 - The Trouble With Trillions.mkv",mkv,hevc,1920x1080,185,aac,6
"/pool/TV Shows/The Simpsons {tvdb-71663}/Season 9/The Simpsons - S09E19 - Simpson Tide.mkv",mkv,hevc,1920x1080,195,aac,6
"/pool/TV Shows/The Simpsons {tvdb-71663}/Season 9/The Simpsons - S09E07 - The Two Mrs. Nahasapeemapetilons.mkv",mkv,hevc,1920x1080,183,aac,6
"/pool/TV Shows/The Simpsons {tvdb-71663}/Season 9/The Simpsons - S09E06 - Bart Star.mkv",mkv,hevc,1920x1080,196,aac,6
"/pool/TV Shows/The Simpsons {tvdb-71663}/Season 9/The Simpsons - S09E23 - King of the Hill.mkv",mkv,hevc,1920x1080,180,aac,6
"/pool/TV Shows/The Simpsons {tvdb-71663}/Season 9/The Simpsons - S09E03 - Lisa's Sax.mkv",mkv,hevc,1920x1080,192,aac,6
"/pool/TV Shows/The Simpsons {tvdb-71663}/Season 9/The Simpsons - S09E10 - Miracle on Evergreen Terrace.mkv",mkv,hevc,1920x1080,193,aac,6
"/pool/TV Shows/The Simpsons {tvdb-71663}/Season 9/The Simpsons - S09E25 - Natural Born Kissers.mkv",mkv,hevc,1920x1080,177,aac,6
"/pool/TV Shows/The Simpsons {tvdb-71663}/Season 9/The Simpsons - S09E09 - Realty Bites.mkv",mkv,hevc,1920x1080,192,aac,6
"/pool/TV Shows/The Simpsons {tvdb-71663}/Season 9/The Simpsons - S09E08 - Lisa the Skeptic.mkv",mkv,hevc,1920x1080,182,aac,6
"/pool/TV Shows/The Simpsons {tvdb-71663}/Season 9/The Simpsons - S09E12 - Bart Carny.mkv",mkv,hevc,1920x1080,201,aac,6
"/pool/TV Shows/The Simpsons {tvdb-71663}/Season 9/The Simpsons - S09E21 - Girly Edition.mkv",mkv,hevc,1920x1080,178,aac,6
"/pool/TV Shows/The Simpsons {tvdb-71663}/Season 9/The Simpsons - S09E05 - The Cartridge Family.mkv",mkv,hevc,1920x1080,186,aac,6
"/pool/TV Shows/The Simpsons {tvdb-71663}/Season 9/The Simpsons - S09E04 - Treehouse of Horror VIII.mkv",mkv,hevc,1920x1080,184,aac,6
"/pool/TV Shows/The Simpsons {tvdb-71663}/Season 9/The Simpsons - S09E16 - Dumbbell Indemnity.mkv",mkv,hevc,1920x1080,188,aac,6
"/pool/TV Shows/The Simpsons {tvdb-71663}/Season 9/The Simpsons - S09E13 - The Joy of Sect.mkv",mkv,hevc,1920x1080,174,aac,6
"/pool/TV Shows/The Simpsons {tvdb-71663}/Season 9/The Simpsons - S09E22 - Trash of the Titans.mkv",mkv,hevc,1920x1080,196,aac,6
"/pool/TV Shows/The Simpsons {tvdb-71663}/Season 9/The Simpsons - S09E18 - This Little Wiggy.mkv",mkv,hevc,1920x1080,193,aac,6
"/pool/TV Shows/The Simpsons {tvdb-71663}/Season 9/The Simpsons - S09E11 - All Singing, All Dancing.mkv",mkv,hevc,1920x1080,191,aac,6
"/pool/TV Shows/The Simpsons {tvdb-71663}/Season 9/The Simpsons - S09E17 - Lisa the Simpson.mkv",mkv,hevc,1920x1080,177,aac,6
"/pool/TV Shows/The Simpsons {tvdb-71663}/Season 35/The Simpsons - S35E17 - The Tipping Point.mkv",mkv,hevc,1280x720,173,aac,2
"/pool/TV Shows/The Simpsons {tvdb-71663}/Season 7/The Simpsons - S07E11 - Marge Be Not Proud.mp4",mp4,hevc,1280x720,235,aac,6
"/pool/TV Shows/The Simpsons {tvdb-71663}/Season 7/The Simpsons - S07E09 - Sideshow Bob's Last Gleaming.mp4",mp4,hevc,1280x720,227,aac,6
"/pool/TV Shows/The Simpsons {tvdb-71663}/Season 7/The Simpsons - S07E08 - Mother Simpson.mp4",mp4,hevc,1280x720,229,aac,6
"/pool/TV Shows/The Simpsons {tvdb-71663}/Season 7/The Simpsons - S07E13 - Two Bad Neighbors.mp4",mp4,hevc,1280x720,230,aac,6
"/pool/TV Shows/The Simpsons {tvdb-71663}/Season 7/The Simpsons - S07E01 - Who Shot Mr. Burns! (2).mp4",mp4,hevc,1280x720,233,aac,6
"/pool/TV Shows/The Simpsons {tvdb-71663}/Season 7/The Simpsons - S07E25 - Summer of 4 Ft. 2.mp4",mp4,hevc,1280x720,230,aac,6
"/pool/TV Shows/The Simpsons {tvdb-71663}/Season 7/The Simpsons - S07E10 - The Simpsons 138th Episode Spectacular.mp4",mp4,hevc,1280x720,229,aac,6
"/pool/TV Shows/The Simpsons {tvdb-71663}/Season 7/The Simpsons - S07E19 - A Fish Called Selma.mp4",mp4,hevc,1280x720,229,aac,6
"/pool/TV Shows/The Simpsons {tvdb-71663}/Season 7/The Simpsons - S07E24 - Homerpalooza.mp4",mp4,hevc,1280x720,231,aac,6
"/pool/TV Shows/The Simpsons {tvdb-71663}/Season 7/The Simpsons - S07E18 - The Day the Violence Died.mp4",mp4,hevc,1280x720,228,aac,6
"/pool/TV Shows/The Simpsons {tvdb-71663}/Season 7/The Simpsons - S07E21 - 22 Short Films About Springfield.mp4",mp4,hevc,1280x720,228,aac,6
"/pool/TV Shows/The Simpsons {tvdb-71663}/Season 7/The Simpsons - S07E23 - Much Apu About Nothing.mp4",mp4,hevc,1280x720,229,aac,6
"/pool/TV Shows/The Simpsons {tvdb-71663}/Season 7/The Simpsons - S07E04 - Bart Sells His Soul.mp4",mp4,hevc,1280x720,227,aac,6
"/pool/TV Shows/The Simpsons {tvdb-71663}/Season 7/The Simpsons - S07E03 - Home Sweet Homediddily-Dum-Doodily.mp4",mp4,hevc,1280x720,231,aac,6
"/pool/TV Shows/The Simpsons {tvdb-71663}/Season 7/The Simpsons - S07E16 - Lisa the Iconoclast.mp4",mp4,hevc,1280x720,232,aac,6
"/pool/TV Shows/The Simpsons {tvdb-71663}/Season 7/The Simpsons - S07E07 - King-Size Homer.mp4",mp4,hevc,1280x720,228,aac,6
"/pool/TV Shows/The Simpsons {tvdb-71663}/Season 7/The Simpsons - S07E22 - Raging Abe Simpson and his Grumbling Grandson in - 'The Curse of the Flying Hellfish'.mp4",mp4,hevc,1280x720,229,aac,6
"/pool/TV Shows/The Simpsons {tvdb-71663}/Season 7/The Simpsons - S07E06 - Treehouse of Horror VI.mp4",mp4,hevc,1280x720,230,aac,6
"/pool/TV Shows/The Simpsons {tvdb-71663}/Season 7/The Simpsons - S07E14 - Scenes from the Class Struggle in Springfield.mp4",mp4,hevc,1280x720,229,aac,6
"/pool/TV Shows/The Simpsons {tvdb-71663}/Season 7/The Simpsons - S07E15 - Bart the Fink.mp4",mp4,hevc,1280x720,229,aac,6
"/pool/TV Shows/The Simpsons {tvdb-71663}/Season 7/The Simpsons - S07E17 - Homer the Smithers.mp4",mp4,hevc,1280x720,228,aac,6
"/pool/TV Shows/The Simpsons {tvdb-71663}/Season 7/The Simpsons - S07E20 - Bart on the Road.mp4",mp4,hevc,1280x720,228,aac,6
"/pool/TV Shows/The Simpsons {tvdb-71663}/Season 7/The Simpsons - S07E12 - Team Homer.mp4",mp4,hevc,1280x720,225,aac,6
"/pool/TV Shows/The Simpsons {tvdb-71663}/Season 7/The Simpsons - S07E02 - Radioactive Man.mp4",mp4,hevc,1280x720,227,aac,6
"/pool/TV Shows/The Simpsons {tvdb-71663}/Season 7/The Simpsons - S07E05 - Lisa the Vegetarian.mp4",mp4,hevc,1280x720,230,aac,6
"/pool/TV Shows/The Simpsons {tvdb-71663}/Season 11/The Simpsons - S11E14 - Alone Again, Natura-Diddily.mkv",mkv,hevc,1920x1080,190,aac,6
"/pool/TV Shows/The Simpsons {tvdb-71663}/Season 11/The Simpsons - S11E19 - Kill the Alligator and Run.mkv",mkv,hevc,1920x1080,192,aac,6
"/pool/TV Shows/The Simpsons {tvdb-71663}/Season 11/The Simpsons - S11E15 - Missionary - Impossible.mkv",mkv,hevc,1920x1080,188,aac,6
"/pool/TV Shows/The Simpsons {tvdb-71663}/Season 11/The Simpsons - S11E07 - Eight Misbehavin'.mkv",mkv,hevc,1920x1080,176,aac,6
"/pool/TV Shows/The Simpsons {tvdb-71663}/Season 11/The Simpsons - S11E12 - The Mansion Family.mkv",mkv,hevc,1920x1080,191,aac,6
"/pool/TV Shows/The Simpsons {tvdb-71663}/Season 11/The Simpsons - S11E03 - Guess Who's Coming to Criticize Dinner.mkv",mkv,hevc,1920x1080,191,aac,6
"/pool/TV Shows/The Simpsons {tvdb-71663}/Season 11/The Simpsons - S11E10 - Little Big Mom.mkv",mkv,hevc,1920x1080,191,aac,6
"/pool/TV Shows/The Simpsons {tvdb-71663}/Season 11/The Simpsons - S11E09 - Grift of the Magi.mkv",mkv,hevc,1920x1080,189,aac,6
"/pool/TV Shows/The Simpsons {tvdb-71663}/Season 11/The Simpsons - S11E20 - Last Tap Dance in Springfield.mkv",mkv,hevc,1920x1080,191,aac,6
"/pool/TV Shows/The Simpsons {tvdb-71663}/Season 11/The Simpsons - S11E11 - Faith Off.mkv",mkv,hevc,1920x1080,194,aac,6
"/pool/TV Shows/The Simpsons {tvdb-71663}/Season 11/The Simpsons - S11E06 - Hello Gutter, Hello Fadder.mkv",mkv,hevc,1920x1080,190,aac,6
"/pool/TV Shows/The Simpsons {tvdb-71663}/Season 11/The Simpsons - S11E01 - Beyond Blunderdome.mkv",mkv,hevc,1920x1080,191,aac,6
"/pool/TV Shows/The Simpsons {tvdb-71663}/Season 11/The Simpsons - S11E04 - Treehouse of Horror X.mkv",mkv,hevc,1920x1080,188,aac,6
"/pool/TV Shows/The Simpsons {tvdb-71663}/Season 11/The Simpsons - S11E16 - Pygmoelian.mkv",mkv,hevc,1920x1080,188,aac,6
"/pool/TV Shows/The Simpsons {tvdb-71663}/Season 11/The Simpsons - S11E05 - E-I-E-I-(Annoyed Grunt).mkv",mkv,hevc,1920x1080,184,aac,6
"/pool/TV Shows/The Simpsons {tvdb-71663}/Season 11/The Simpsons - S11E02 - Brother's Little Helper.mkv",mkv,hevc,1920x1080,197,aac,6
"/pool/TV Shows/The Simpsons {tvdb-71663}/Season 11/The Simpsons - S11E22 - Behind the Laughter.mkv",mkv,hevc,1920x1080,188,aac,6
"/pool/TV Shows/The Simpsons {tvdb-71663}/Season 11/The Simpsons - S11E08 - Take My Wife, Sleaze.mkv",mkv,hevc,1920x1080,197,aac,6
"/pool/TV Shows/The Simpsons {tvdb-71663}/Season 11/The Simpsons - S11E13 - Saddlesore Galactica.mkv",mkv,hevc,1920x1080,194,aac,6
"/pool/TV Shows/The Simpsons {tvdb-71663}/Season 11/The Simpsons - S11E21 - It's a Mad, Mad, Mad, Mad Marge.mkv",mkv,hevc,1920x1080,191,aac,6
"/pool/TV Shows/The Simpsons {tvdb-71663}/Season 11/The Simpsons - S11E17 - Bart to the Future.mkv",mkv,hevc,1920x1080,186,aac,6
"/pool/TV Shows/The Simpsons {tvdb-71663}/Season 11/The Simpsons - S11E18 - Days of Wine and D'ohses.mkv",mkv,hevc,1920x1080,192,aac,6
"/pool/TV Shows/The Simpsons {tvdb-71663}/Season 5/The Simpsons - S05E22 - Secrets of a Successful Marriage.mp4",mp4,hevc,1920x1080,444,aac,6
"/pool/TV Shows/The Simpsons {tvdb-71663}/Season 5/The Simpsons - S05E12 - Bart Gets Famous.mp4",mp4,hevc,1920x1080,437,aac,6
"/pool/TV Shows/The Simpsons {tvdb-71663}/Season 5/The Simpsons - S05E16 - Homer Loves Flanders.mp4",mp4,hevc,1920x1080,438,aac,6
"/pool/TV Shows/The Simpsons {tvdb-71663}/Season 5/The Simpsons - S05E15 - Deep Space Homer.mp4",mp4,hevc,1920x1080,436,aac,6
"/pool/TV Shows/The Simpsons {tvdb-71663}/Season 5/The Simpsons - S05E06 - Marge on the Lam.mp4",mp4,hevc,1920x1080,443,aac,6
"/pool/TV Shows/The Simpsons {tvdb-71663}/Season 5/The Simpsons - S05E17 - Bart Gets an Elephant.mp4",mp4,hevc,1920x1080,435,aac,6
"/pool/TV Shows/The Simpsons {tvdb-71663}/Season 5/The Simpsons - S05E03 - Homer Goes to College.mp4",mp4,hevc,1920x1080,445,aac,6
"/pool/TV Shows/The Simpsons {tvdb-71663}/Season 5/The Simpsons - S05E21 - Lady Bouvier's Lover.mp4",mp4,hevc,1920x1080,436,aac,6
"/pool/TV Shows/The Simpsons {tvdb-71663}/Season 5/The Simpsons - S05E08 - Boy-Scoutz 'N the Hood.mp4",mp4,hevc,1920x1080,438,aac,6
"/pool/TV Shows/The Simpsons {tvdb-71663}/Season 5/The Simpsons - S05E07 - Bart's Inner Child.mp4",mp4,hevc,1920x1080,433,aac,6
"/pool/TV Shows/The Simpsons {tvdb-71663}/Season 5/The Simpsons - S05E11 - Homer the Vigilante.mp4",mp4,hevc,1920x1080,437,aac,6
"/pool/TV Shows/The Simpsons {tvdb-71663}/Season 5/The Simpsons - S05E10 - $pringfield (or, How I Learned to Stop Worrying and Love Legalized Gambling).mp4",mp4,hevc,1920x1080,438,aac,6
"/pool/TV Shows/The Simpsons {tvdb-71663}/Season 5/The Simpsons - S05E20 - The Boy Who Knew Too Much.mp4",mp4,hevc,1920x1080,435,aac,6
"/pool/TV Shows/The Simpsons {tvdb-71663}/Season 5/The Simpsons - S05E14 - Lisa vs. Malibu Stacy.mp4",mp4,hevc,1920x1080,440,aac,6
"/pool/TV Shows/The Simpsons {tvdb-71663}/Season 5/The Simpsons - S05E05 - Treehouse of Horror IV.mp4",mp4,hevc,1920x1080,435,aac,6
"/pool/TV Shows/The Simpsons {tvdb-71663}/Season 5/The Simpsons - S05E01 - Homer's Barbershop Quartet.mp4",mp4,hevc,1920x1080,439,aac,6
"/pool/TV Shows/The Simpsons {tvdb-71663}/Season 5/The Simpsons - S05E19 - Sweet Seymour Skinner's Baadasssss Song.mp4",mp4,hevc,1920x1080,435,aac,6
"/pool/TV Shows/The Simpsons {tvdb-71663}/Season 5/The Simpsons - S05E02 - Cape Feare.mp4",mp4,hevc,1920x1080,434,aac,6
"/pool/TV Shows/The Simpsons {tvdb-71663}/Season 5/The Simpsons - S05E13 - Homer and Apu.mp4",mp4,hevc,1920x1080,441,aac,6
"/pool/TV Shows/The Simpsons {tvdb-71663}/Season 5/The Simpsons - S05E18 - Burns' Heir.mp4",mp4,hevc,1920x1080,439,aac,6
"/pool/TV Shows/The Simpsons {tvdb-71663}/Season 5/The Simpsons - S05E09 - The Last Temptation of Homer.mp4",mp4,hevc,1920x1080,437,aac,6
"/pool/TV Shows/The Simpsons {tvdb-71663}/Season 5/The Simpsons - S05E04 - Rosebud.mp4",mp4,hevc,1920x1080,440,aac,6
"/pool/TV Shows/The Simpsons {tvdb-71663}/Season 8/The Simpsons - S08E01 - Treehouse of Horror VII.mkv",mkv,hevc,1920x1080,195,aac,6
"/pool/TV Shows/The Simpsons {tvdb-71663}/Season 8/The Simpsons - S08E20 - The Canine Mutiny.mkv",mkv,hevc,1920x1080,199,aac,6
"/pool/TV Shows/The Simpsons {tvdb-71663}/Season 8/The Simpsons - S08E05 - Bart After Dark.mkv",mkv,hevc,1920x1080,189,aac,6
"/pool/TV Shows/The Simpsons {tvdb-71663}/Season 8/The Simpsons - S08E13 - Simpsoncalifragilisticexpiala (Annoyed Grunt) cious.mkv",mkv,hevc,1920x1080,197,aac,6
"/pool/TV Shows/The Simpsons {tvdb-71663}/Season 8/The Simpsons - S08E09 - El Viaje Misterioso de Nuestro Jomer (The Mysterious Voyage of Our Homer).mkv",mkv,hevc,1920x1080,189,aac,6
"/pool/TV Shows/The Simpsons {tvdb-71663}/Season 8/The Simpsons - S08E19 - Grade School Confidential.mkv",mkv,hevc,1920x1080,209,aac,6
"/pool/TV Shows/The Simpsons {tvdb-71663}/Season 8/The Simpsons - S08E11 - The Twisted World of Marge Simpson.mkv",mkv,hevc,1920x1080,199,aac,6
"/pool/TV Shows/The Simpsons {tvdb-71663}/Season 8/The Simpsons - S08E10 - The Springfield Files.mkv",mkv,hevc,1920x1080,194,aac,6
"/pool/TV Shows/The Simpsons {tvdb-71663}/Season 8/The Simpsons - S08E07 - Lisa's Date With Density.mkv",mkv,hevc,1920x1080,198,aac,6
"/pool/TV Shows/The Simpsons {tvdb-71663}/Season 8/The Simpsons - S08E16 - Brother From Another Series.mkv",mkv,hevc,1920x1080,193,aac,6
"/pool/TV Shows/The Simpsons {tvdb-71663}/Season 8/The Simpsons - S08E25 - The Secret War of Lisa Simpson.mkv",mkv,hevc,1920x1080,184,aac,6
"/pool/TV Shows/The Simpsons {tvdb-71663}/Season 8/The Simpsons - S08E06 - A Milhouse Divided.mkv",mkv,hevc,1920x1080,201,aac,6
"/pool/TV Shows/The Simpsons {tvdb-71663}/Season 8/The Simpsons - S08E08 - Hurricane Neddy.mkv",mkv,hevc,1920x1080,199,aac,6
"/pool/TV Shows/The Simpsons {tvdb-71663}/Season 8/The Simpsons - S08E03 - The Homer They Fall.mkv",mkv,hevc,1920x1080,199,aac,6
"/pool/TV Shows/The Simpsons {tvdb-71663}/Season 8/The Simpsons - S08E02 - You Only Move Twice.mkv",mkv,hevc,1920x1080,199,aac,6
"/pool/TV Shows/The Simpsons {tvdb-71663}/Season 8/The Simpsons - S08E04 - Burns Baby Burns.mkv",mkv,hevc,1920x1080,196,aac,6
"/pool/TV Shows/The Simpsons {tvdb-71663}/Season 8/The Simpsons - S08E18 - Homer vs. the 18th Amendment.mkv",mkv,hevc,1920x1080,199,aac,6
"/pool/TV Shows/The Simpsons {tvdb-71663}/Season 8/The Simpsons - S08E15 - Homer's Phobia.mkv",mkv,hevc,1920x1080,202,aac,6
"/pool/TV Shows/The Simpsons {tvdb-71663}/Season 8/The Simpsons - S08E12 - Mountain of Madness.mkv",mkv,hevc,1920x1080,186,aac,6
"/pool/TV Shows/The Simpsons {tvdb-71663}/Season 8/The Simpsons - S08E23 - Homer's Enemy.mkv",mkv,hevc,1920x1080,194,aac,6
"/pool/TV Shows/The Simpsons {tvdb-71663}/Season 8/The Simpsons - S08E21 - The Old Man and the Lisa.mkv",mkv,hevc,1920x1080,198,aac,6
"/pool/TV Shows/The Simpsons {tvdb-71663}/Season 8/The Simpsons - S08E24 - The Simpsons Spin-Off Showcase.mkv",mkv,hevc,1920x1080,202,aac,6
"/pool/TV Shows/The Simpsons {tvdb-71663}/Season 8/The Simpsons - S08E14 - The Itchy & Scratchy & Poochie Show.mkv",mkv,hevc,1920x1080,191,aac,6
"/pool/TV Shows/The Simpsons {tvdb-71663}/Season 8/The Simpsons - S08E17 - My Sister, My Sitter.mkv",mkv,hevc,1920x1080,205,aac,6
"/pool/TV Shows/The Simpsons {tvdb-71663}/Season 8/The Simpsons - S08E22 - In Marge We Trust.mkv",mkv,hevc,1920x1080,184,aac,6
"/pool/TV Shows/The Simpsons {tvdb-71663}/Season 32/The Simpsons - [32x01] - Undercover Burns.mkv",mkv,hevc,1920x1080,194,eac3,6
"/pool/TV Shows/The Simpsons {tvdb-71663}/Season 10/The Simpsons - S10E05 - When You Dish Upon a Star.mkv",mkv,hevc,1920x1080,189,aac,6
"/pool/TV Shows/The Simpsons {tvdb-71663}/Season 10/The Simpsons - S10E10 - Viva Ned Flanders.mkv",mkv,hevc,1920x1080,200,aac,6
"/pool/TV Shows/The Simpsons {tvdb-71663}/Season 10/The Simpsons - S10E20 - The Old Man and the C Student.mkv",mkv,hevc,1920x1080,198,aac,6
"/pool/TV Shows/The Simpsons {tvdb-71663}/Season 10/The Simpsons - S10E03 - Bart the Mother.mkv",mkv,hevc,1920x1080,178,aac,6
"/pool/TV Shows/The Simpsons {tvdb-71663}/Season 10/The Simpsons - S10E15 - Marge Simpson in - 'Screaming Yellow Honkers'.mkv",mkv,hevc,1920x1080,188,aac,6
"/pool/TV Shows/The Simpsons {tvdb-71663}/Season 10/The Simpsons - S10E04 - Treehouse of Horror IX.mkv",mkv,hevc,1920x1080,196,aac,6
"/pool/TV Shows/The Simpsons {tvdb-71663}/Season 10/The Simpsons - S10E07 - Lisa Gets an A.mkv",mkv,hevc,1920x1080,192,aac,6
"/pool/TV Shows/The Simpsons {tvdb-71663}/Season 10/The Simpsons - S10E17 - Maximum Homerdrive.mkv",mkv,hevc,1920x1080,196,aac,6
"/pool/TV Shows/The Simpsons {tvdb-71663}/Season 10/The Simpsons - S10E22 - They Saved Lisa's Brain.mkv",mkv,hevc,1920x1080,193,aac,6
"/pool/TV Shows/The Simpsons {tvdb-71663}/Season 10/The Simpsons - S10E18 - Simpsons Bible Stories.mkv",mkv,hevc,1920x1080,193,aac,6
"/pool/TV Shows/The Simpsons {tvdb-71663}/Season 10/The Simpsons - S10E11 - Wild Barts Can't Be Broken.mkv",mkv,hevc,1920x1080,189,aac,6
"/pool/TV Shows/The Simpsons {tvdb-71663}/Season 10/The Simpsons - S10E12 - Sunday, Cruddy Sunday.mkv",mkv,hevc,1920x1080,197,aac,6
"/pool/TV Shows/The Simpsons {tvdb-71663}/Season 10/The Simpsons - S10E23 - Thirty Minutes Over Tokyo.mkv",mkv,hevc,1920x1080,197,aac,6
"/pool/TV Shows/The Simpsons {tvdb-71663}/Season 10/The Simpsons - S10E21 - Monty Can't Buy Me Love.mkv",mkv,hevc,1920x1080,194,aac,6
"/pool/TV Shows/The Simpsons {tvdb-71663}/Season 10/The Simpsons - S10E02 - The Wizard of Evergreen Terrace.mkv",mkv,hevc,1920x1080,174,aac,6
"/pool/TV Shows/The Simpsons {tvdb-71663}/Season 10/The Simpsons - S10E13 - Homer to the Max.mkv",mkv,hevc,1920x1080,191,aac,6
"/pool/TV Shows/The Simpsons {tvdb-71663}/Season 10/The Simpsons - S10E08 - Homer Simpson in - 'Kidney Trouble'.mkv",mkv,hevc,1920x1080,192,aac,6
"/pool/TV Shows/The Simpsons {tvdb-71663}/Season 10/The Simpsons - S10E14 - I'm with Cupid.mkv",mkv,hevc,1920x1080,180,aac,6
"/pool/TV Shows/The Simpsons {tvdb-71663}/Season 10/The Simpsons - S10E19 - Mom and Pop Art.mkv",mkv,hevc,1920x1080,188,aac,6
"/pool/TV Shows/The Simpsons {tvdb-71663}/Season 10/The Simpsons - S10E01 - Lard of the Dance.mkv",mkv,hevc,1920x1080,186,aac,6
"/pool/TV Shows/The Simpsons {tvdb-71663}/Season 10/The Simpsons - S10E16 - Make Room for Lisa.mkv",mkv,hevc,1920x1080,189,aac,6
"/pool/TV Shows/The Simpsons {tvdb-71663}/Season 10/The Simpsons - S10E09 - Mayored to the Mob.mkv",mkv,hevc,1920x1080,196,aac,6
"/pool/TV Shows/The Simpsons {tvdb-71663}/Season 10/The Simpsons - S10E06 - D'oh-in in the Wind.mkv",mkv,hevc,1920x1080,178,aac,6
"/pool/TV Shows/The Simpsons {tvdb-71663}/Season 12/The Simpsons - S12E03 - Insane Clown Poppy.mkv",mkv,hevc,1920x1080,190,aac,6
"/pool/TV Shows/The Simpsons {tvdb-71663}/Season 12/The Simpsons - S12E13 - Day of the Jackanapes.mkv",mkv,hevc,1920x1080,189,aac,6
"/pool/TV Shows/The Simpsons {tvdb-71663}/Season 12/The Simpsons - S12E08 - Skinner's Sense of Snow.mkv",mkv,hevc,1920x1080,193,aac,6
"/pool/TV Shows/The Simpsons {tvdb-71663}/Season 12/The Simpsons - S12E16 - Bye Bye Nerdy.mkv",mkv,hevc,1920x1080,192,aac,6
"/pool/TV Shows/The Simpsons {tvdb-71663}/Season 12/The Simpsons - S12E19 - I'm Goin' to Praiseland.mkv",mkv,hevc,1920x1080,186,aac,6
"/pool/TV Shows/The Simpsons {tvdb-71663}/Season 12/The Simpsons - S12E11 - Worst Episode Ever.mkv",mkv,hevc,1920x1080,192,aac,6
"/pool/TV Shows/The Simpsons {tvdb-71663}/Season 12/The Simpsons - S12E17 - Simpson Safari.mkv",mkv,hevc,1920x1080,193,aac,6
"/pool/TV Shows/The Simpsons {tvdb-71663}/Season 12/The Simpsons - S12E14 - New Kids on the Blecch.mkv",mkv,hevc,1920x1080,199,aac,6
"/pool/TV Shows/The Simpsons {tvdb-71663}/Season 12/The Simpsons - S12E02 - A Tale of Two Springfields.mkv",mkv,hevc,1920x1080,191,aac,6
"/pool/TV Shows/The Simpsons {tvdb-71663}/Season 12/The Simpsons - S12E12 - Tennis the Menace.mkv",mkv,hevc,1920x1080,186,aac,6
"/pool/TV Shows/The Simpsons {tvdb-71663}/Season 12/The Simpsons - S12E01 - Treehouse of Horror XI.mkv",mkv,hevc,1920x1080,196,aac,6
"/pool/TV Shows/The Simpsons {tvdb-71663}/Season 12/The Simpsons - S12E20 - Children of a Lesser Clod.mkv",mkv,hevc,1920x1080,185,aac,6
"/pool/TV Shows/The Simpsons {tvdb-71663}/Season 12/The Simpsons - S12E10 - Pokey Mom.mkv",mkv,hevc,1920x1080,189,aac,6
"/pool/TV Shows/The Simpsons {tvdb-71663}/Season 12/The Simpsons - S12E21 - Simpsons Tall Tales.mkv",mkv,hevc,1920x1080,194,aac,6
"/pool/TV Shows/The Simpsons {tvdb-71663}/Season 12/The Simpsons - S12E06 - The Computer Wore Menace Shoes.mkv",mkv,hevc,1920x1080,188,aac,6
"/pool/TV Shows/The Simpsons {tvdb-71663}/Season 12/The Simpsons - S12E09 - HOMЯ.mkv",mkv,hevc,1920x1080,192,aac,6
"/pool/TV Shows/The Simpsons {tvdb-71663}/Season 12/The Simpsons - S12E15 - Hungry Hungry Homer.mkv",mkv,hevc,1920x1080,189,aac,6
"/pool/TV Shows/The Simpsons {tvdb-71663}/Season 12/The Simpsons - S12E04 - Lisa the Tree Hugger.mkv",mkv,hevc,1920x1080,191,aac,6
"/pool/TV Shows/The Simpsons {tvdb-71663}/Season 12/The Simpsons - S12E07 - The Great Money Caper.mkv",mkv,hevc,1920x1080,190,aac,6
"/pool/TV Shows/The Simpsons {tvdb-71663}/Season 12/The Simpsons - S12E18 - Trilogy of Error.mkv",mkv,hevc,1920x1080,197,aac,6
"/pool/TV Shows/The Simpsons {tvdb-71663}/Season 12/The Simpsons - S12E05 - Homer vs. Dignity.mkv",mkv,hevc,1920x1080,194,aac,6
"/pool/TV Shows/Brassic/Brassic - S01E03 - The Fight.mkv",mkv,hevc,1920x1080,499,aac,6
"/pool/TV Shows/Brassic/Brassic - S01E05 - Ronnie Croft.mkv",mkv,hevc,1920x1080,496,aac,6
"/pool/TV Shows/Brassic/Brassic - S01E01 - Your Pony's A C.mkv",mkv,hevc,1920x1080,499,aac,6
"/pool/TV Shows/Brassic/Brassic - S01E02 - Big Sandy's Funeral.mkv",mkv,hevc,1920x1080,499,aac,6
"/pool/TV Shows/Brassic/Brassic - S01E04 - The Fish.mkv",mkv,hevc,1920x1080,478,aac,6
"/pool/TV Shows/Brassic/Brassic - S01E06 - Antique Dildo.mkv",mkv,hevc,1920x1080,500,aac,6
